OG0000021	OX359248.1	12130989	12134884
OG0000043	OX359249.1	1913666	1914411
OG0000049	OX359247.1	14884088	14885308
OG0000059	OX359246.1	15200814	15201791
OG0000110	OX359248.1	20926753	20931690
OG0000115	OX359246.1	26759440	26759751
OG0000136	OX359245.1	34918331	34920061
OG0000146	OX359246.1	45799715	45800475
OG0000149	OX359247.1	22183380	22185269
OG0000184	OX359245.1	16336251	16337441
OG0000185	OX359247.1	55172576	55173975
OG0000195	OX359246.1	9412753	9414475
OG0000197	OX359246.1	55629833	55631049
OG0000208	OX359249.1	29865434	29868493
OG0000209	OX359249.1	275402	276229
OG0000214	OX359246.1	148711	149753
OG0000218	OX359245.1	73456127	73459063
OG0000240	OX359246.1	70904443	70905236
OG0000270	OX359247.1	36135068	36135513
OG0000272	OX359246.1	1922318	1922965
OG0000273	OX359248.1	19142430	19145282
OG0000274	OX359245.1	37942727	37944154
OG0000275	OX359246.1	58702481	58702915
OG0000277	OX359245.1	19172799	19174876
OG0000282	OX359247.1	6735956	6796057
OG0000288	OX359250.1	22810393	22815359
OG0000315	OX359245.1	28792887	28795190
OG0000347	OX359245.1	24879458	24880778
OG0000353	OX359246.1	20110900	20112972
OG0000364	OX359249.1	54375311	54376977
OG0000365	OX359248.1	19648484	19649368
OG0000394	OX359248.1	29999892	30000359
OG0000401	OX359250.1	35689639	35690956
OG0000403	OX359246.1	26251099	26252156
OG0000435	OX359248.1	15127340	15128628
OG0000460	OX359248.1	57411644	57413617
OG0000466	OX359245.1	38223127	38227949
OG0000481	OX359248.1	55375801	55393603
OG0000500	OX359250.1	39049282	39055999
OG0000507	OX359249.1	51479900	51481984
OG0000509	OX359250.1	42364608	42365965
OG0000510	OX359247.1	51399964	51401740
OG0000541	OX359250.1	20057698	20066738
OG0000556	OX359249.1	15722128	15723394
OG0000586	OX359248.1	33376091	33394030
OG0000592	OX359248.1	46610911	46615579
OG0000595	OX359248.1	49899327	49900635
OG0000601	OX359247.1	27750536	27751001
OG0000620	OX359249.1	1410308	1410664
OG0000639	OX359249.1	3915338	3918751
OG0000648	OX359247.1	19171644	19172138
OG0000669	OX359249.1	28105131	28106031
OG0000678	OX359247.1	23432986	23434628
OG0000693	OX359246.1	39379883	39382188
OG0000696	OX359247.1	54872070	54873677
OG0000698	OX359247.1	32552572	32553242
OG0000701	OX359249.1	11552116	11553719
OG0000712	OX359247.1	9151403	9155555
OG0000720	OX359248.1	10643143	10643613
OG0000742	OX359248.1	38255858	38258920
OG0000744	OX359247.1	54369385	54370587
OG0000762	OX359247.1	29994438	29995225
OG0000771	OX359245.1	31310587	31311949
OG0000788	OX359250.1	34644209	34646935
OG0000810	OX359247.1	49148156	49149976
OG0000814	OX359247.1	16609196	16610836
OG0000821	OX359246.1	66423356	66424075
OG0000824	OX359246.1	36026115	36026753
OG0000852	OX359248.1	16150757	16155047
OG0000857	OX359247.1	37193665	37199088
OG0000865	OX359246.1	5197309	5199156
OG0000872	OX359250.1	27028796	27034597
OG0000883	OX359246.1	28100368	28103185
OG0000888	OX359246.1	35064653	35067262
OG0000896	OX359245.1	44353365	44368273
OG0000909	OX359245.1	24362385	24366187
OG0000910	OX359249.1	9010139	9011898
OG0000913	OX359246.1	22869882	22873980
OG0000914	OX359248.1	16227107	16229662
OG0000916	OX359248.1	57415367	57416855
OG0000917	OX359247.1	20629717	20636521
OG0000918	OX359245.1	21922624	21942165
OG0000929	OX359248.1	38536231	38536656
OG0000932	OX359247.1	925269	926760
OG0000943	OX359249.1	42010379	42012571
OG0000944	OX359249.1	51746947	51778466
OG0000946	OX359249.1	16481098	16484071
OG0000947	OX359247.1	54214330	54215649
OG0000953	OX359248.1	28897692	28898999
OG0000972	OX359248.1	5803047	5805972
OG0000975	OX359248.1	40311943	40341280
OG0000976	OX359249.1	54157473	54181685
OG0000978	OX359246.1	42826177	42828777
OG0000983	OX359249.1	25925087	25933682
OG0000984	OX359246.1	10256230	10258624
OG0001002	OX359245.1	38049743	38050284
OG0001003	OX359249.1	8780098	8787514
OG0001013	OX359247.1	25195245	25195724
OG0001015	OX359247.1	58383469	58388906
OG0001016	OX359246.1	67211498	67213008
OG0001025	OX359245.1	78398353	78398889
OG0001032	OX359249.1	45888061	45890711
OG0001042	OX359247.1	65952345	65955819
OG0001047	OX359248.1	29793862	29795478
OG0001048	OX359249.1	41991825	41993866
OG0001049	OX359246.1	9766416	9800061
OG0001062	OX359247.1	21303274	21306677
OG0001063	OX359245.1	31990783	31991489
OG0001067	OX359246.1	23646285	23650448
OG0001069	OX359249.1	13597000	13598359
OG0001070	OX359245.1	16661638	16661989
OG0001077	OX359245.1	16469374	16469871
OG0001090	OX359249.1	22231242	22233758
OG0001107	OX359245.1	21258972	21261108
OG0001108	OX359249.1	27269031	27270453
OG0001127	OX359247.1	24017046	24031945
OG0001137	OX359246.1	10309565	10313394
OG0001139	OX359245.1	74949253	74951645
OG0001150	OX359246.1	47992537	47997219
OG0001151	OX359247.1	40454384	40456240
OG0001157	OX359247.1	14781754	14782815
OG0001170	OX359250.1	41198055	41198882
OG0001172	OX359249.1	19068156	19072496
OG0001175	OX359249.1	10036013	10094791
OG0001176	OX359246.1	74513739	74520303
OG0001178	OX359250.1	9719537	9720872
OG0001183	OX359245.1	57331876	57333198
OG0001185	OX359246.1	58264179	58266849
OG0001186	OX359247.1	35512814	35514890
OG0001197	OX359246.1	68136136	68136897
OG0001199	OX359249.1	38496756	38499858
OG0001200	OX359247.1	14602126	14608006
OG0001206	OX359249.1	46662608	46712387
OG0001210	OX359247.1	58531297	58551004
OG0001212	OX359246.1	44115966	44119987
OG0001214	OX359248.1	25971150	25974462
OG0001231	OX359248.1	25204077	25206124
OG0001232	OX359247.1	56475650	56478793
OG0001238	OX359246.1	46458887	46512805
OG0001239	OX359248.1	21931592	21941584
OG0001246	OX359246.1	48419754	48421883
OG0001250	OX359247.1	52619358	52621185
OG0001251	OX359247.1	31964373	31964659
OG0001264	OX359250.1	11156698	11159162
OG0001266	OX359245.1	4387994	4393725
OG0001267	OX359245.1	27885173	27948940
OG0001270	OX359249.1	52466720	52471125
OG0001271	OX359246.1	17264412	17266550
OG0001273	OX359247.1	8527664	8531829
OG0001276	OX359248.1	8501950	8503322
OG0001291	OX359247.1	64760069	64762907
OG0001295	OX359250.1	15878635	15884033
OG0001301	OX359249.1	49584523	49587342
OG0001302	OX359248.1	35746599	35748207
OG0001303	OX359249.1	12998399	13001205
OG0001305	OX359247.1	49509105	49512843
OG0001309	OX359246.1	44032042	44043495
OG0001314	OX359247.1	29689274	29691168
OG0001315	OX359245.1	17841454	17846383
OG0001318	OX359250.1	11154926	11155735
OG0001320	OX359248.1	10850902	10853098
OG0001329	OX359248.1	18349922	18352100
OG0001340	OX359248.1	7676611	7678638
OG0001341	OX359249.1	17179134	17180023
OG0001346	OX359249.1	19248332	19250668
OG0001347	OX359246.1	30649975	30653580
OG0001348	OX359246.1	41947873	41959383
OG0001350	OX359247.1	46880266	46917391
OG0001351	OX359247.1	62666492	62700550
OG0001367	OX359245.1	58727447	58727726
OG0001369	OX359248.1	18769725	18771565
OG0001372	OX359245.1	31533794	31534643
OG0001376	OX359245.1	26298402	26301191
OG0001377	OX359250.1	7763498	7771519
OG0001382	OX359249.1	461181	463401
OG0001384	OX359245.1	15136424	15138314
OG0001390	OX359250.1	7124627	7142493
OG0001391	OX359250.1	15656691	15657275
OG0001393	OX359248.1	13847926	13853280
OG0001405	OX359248.1	1781277	1782884
OG0001422	OX359249.1	13201405	13203978
OG0001423	OX359249.1	24315698	24319095
OG0001433	OX359246.1	3137952	3138929
OG0001434	OX359248.1	10683063	10684954
OG0001436	OX359245.1	52146654	52147268
OG0001446	OX359246.1	24017831	24020275
OG0001452	OX359247.1	12544599	12547812
OG0001463	OX359245.1	40545400	40546284
OG0001465	OX359250.1	25525073	25526964
OG0001466	OX359247.1	51463327	51471013
OG0001467	OX359247.1	59237590	59246960
OG0001471	OX359247.1	27561175	27566247
OG0001473	OX359248.1	27272236	27274623
OG0001474	OX359248.1	33201222	33278580
OG0001490	OX359247.1	1872936	1873745
OG0001492	OX359250.1	29720556	29724371
OG0001497	OX359246.1	59059722	59062349
OG0001502	OX359250.1	38924081	38942077
OG0001503	OX359250.1	6713381	6715711
OG0001505	OX359248.1	11957230	11961491
OG0001507	OX359245.1	21020322	21021302
OG0001513	OX359250.1	7640763	7648757
OG0001516	OX359248.1	20730599	20738471
OG0001517	OX359248.1	42664896	42668218
OG0001527	OX359249.1	28370550	28372762
OG0001529	OX359245.1	11752208	11754362
OG0001538	OX359248.1	54602930	54607590
OG0001546	OX359249.1	23331061	23334270
OG0001547	OX359250.1	6271174	6272344
OG0001550	OX359247.1	58975267	58989414
OG0001553	OX359247.1	1253222	1254817
OG0001577	OX359248.1	26037951	26039083
OG0001578	OX359247.1	26825885	26827606
OG0001584	OX359250.1	7237847	7238227
OG0001586	OX359247.1	66008270	66012170
OG0001588	OX359249.1	44964560	44967755
OG0001591	OX359249.1	19039020	19040839
OG0001592	OX359249.1	26465435	26480320
OG0001595	OX359246.1	11994558	11996031
OG0001596	OX359246.1	17449122	17500688
OG0001598	OX359250.1	40445081	40449724
OG0001602	OX359247.1	52998119	53007019
OG0001603	OX359248.1	48861339	48861732
OG0001617	OX359248.1	10365795	10483709
OG0001623	OX359248.1	18184331	18189927
OG0001624	OX359246.1	10750570	10752404
OG0001627	OX359247.1	14892800	14942783
OG0001635	OX359249.1	35728755	35732622
OG0001636	OX359249.1	47415860	47419037
OG0001639	OX359248.1	9766708	9843981
OG0001640	OX359248.1	36193538	36228602
OG0001649	OX359247.1	34193488	34195199
OG0001653	OX359247.1	19265172	19265928
OG0001654	OX359247.1	34436045	34437703
OG0001658	OX359247.1	49928205	49929782
OG0001661	OX359248.1	1399361	1406163
OG0001667	OX359246.1	38894665	38952371
OG0001674	OX359250.1	35632218	35637429
OG0001675	OX359246.1	11900822	11902133
OG0001676	OX359245.1	40530561	40532779
OG0001680	OX359249.1	38172127	38173593
OG0001683	OX359247.1	23379607	23382866
OG0001691	OX359249.1	17872440	17873969
OG0001693	OX359249.1	40368324	40371460
OG0001708	OX359246.1	26350444	26352188
OG0001715	OX359248.1	38564596	38568251
OG0001721	OX359248.1	3098059	3112082
OG0001726	OX359246.1	21335386	21337774
OG0001731	OX359248.1	32780417	32781249
OG0001732	OX359248.1	30379311	30380995
OG0001736	OX359247.1	1219844	1222112
OG0001739	OX359250.1	34785184	34825668
OG0001741	OX359247.1	3875308	3895544
OG0001742	OX359249.1	13034823	13048073
OG0001743	OX359249.1	44681105	44686777
OG0001748	OX359245.1	71654425	71658990
OG0001749	OX359249.1	13885728	13887176
OG0001756	OX359250.1	26165437	26166789
OG0001758	OX359250.1	38238481	38246166
OG0001759	OX359247.1	25230660	25232082
OG0001760	OX359247.1	37353947	37357227
OG0001761	OX359247.1	49258251	49263610
OG0001763	OX359248.1	52984124	52988385
OG0001784	OX359247.1	18721165	18724699
OG0001786	OX359250.1	25197487	25198155
OG0001790	OX359248.1	54477002	54479156
OG0001796	OX359247.1	45126583	45192920
OG0001799	OX359247.1	64369211	64372589
OG0001801	OX359250.1	34146551	34150850
OG0001802	OX359249.1	25295493	25301724
OG0001803	OX359250.1	38080273	38138334
OG0001806	OX359249.1	18334603	18336066
OG0001810	OX359248.1	24856639	24860588
OG0001812	OX359249.1	45745825	45748435
OG0001815	OX359249.1	9203073	9204789
OG0001816	OX359249.1	11580281	11588151
OG0001818	OX359249.1	21041999	21044559
OG0001819	OX359249.1	26350931	26353950
OG0001821	OX359249.1	38393286	38397693
OG0001822	OX359249.1	48760983	48781187
OG0001825	OX359246.1	23196077	23212053
OG0001826	OX359246.1	36637208	36640616
OG0001828	OX359250.1	44361597	44382627
OG0001830	OX359247.1	61400978	61401975
OG0001831	OX359247.1	62042831	62044528
OG0001832	OX359248.1	15344817	15346221
OG0001834	OX359248.1	51632298	51656262
OG0001843	OX359245.1	40107928	40110061
OG0001850	OX359247.1	23824055	23826638
OG0001867	OX359245.1	49340992	49350380
OG0001870	OX359248.1	44964102	44968010
OG0001872	OX359245.1	25018005	25020121
OG0001875	OX359247.1	16381999	16383551
OG0001876	OX359248.1	3193279	3197940
OG0001882	OX359248.1	40350615	40510859
OG0001889	OX359245.1	24476935	24484838
OG0001890	OX359248.1	32197636	32198713
OG0001891	OX359245.1	4395448	4467486
OG0001893	OX359245.1	6445968	6446525
OG0001896	OX359249.1	18537127	18539064
OG0001899	OX359249.1	40364589	40366733
OG0001900	OX359249.1	40586637	40601721
OG0001904	OX359246.1	19163011	19164189
OG0001906	OX359250.1	42629034	42632429
OG0001907	OX359250.1	44542818	44640199
OG0001908	OX359247.1	6175973	6187167
OG0001911	OX359247.1	47549397	47550314
OG0001913	OX359247.1	59861562	59865795
OG0001914	OX359248.1	2507443	2513575
OG0001915	OX359248.1	31683664	31725125
OG0001916	OX359248.1	47881242	47896442
OG0001939	OX359248.1	18109405	18115476
OG0001943	OX359249.1	53664913	53679656
OG0001946	OX359245.1	16971472	16972160
OG0001954	OX359246.1	12117636	12121584
OG0001957	OX359247.1	8939572	8958224
OG0001962	OX359247.1	17155158	17161565
OG0001963	OX359248.1	29486366	29497645
OG0001965	OX359247.1	38489518	38493916
OG0001966	OX359248.1	34771863	34775851
OG0001967	OX359249.1	18556573	18560141
OG0001971	OX359247.1	17495135	17498299
OG0001972	OX359245.1	40882413	40892377
OG0001977	OX359249.1	23672876	23702198
OG0001979	OX359249.1	35012222	35054413
OG0001983	OX359246.1	47220007	47223479
OG0001984	OX359246.1	54240528	54296852
OG0001985	OX359250.1	20073131	20074109
OG0001986	OX359250.1	25774810	25786959
OG0001987	OX359250.1	26163790	26165082
OG0001989	OX359247.1	28182289	28183503
OG0001991	OX359248.1	1826810	1827148
OG0001992	OX359248.1	38263007	38267663
OG0001993	OX359248.1	52924458	52929411
OG0002006	OX359247.1	22110476	22111619
OG0002008	OX359246.1	38471305	38472467
OG0002012	OX359246.1	26229672	26231236
OG0002016	OX359248.1	8011359	8012739
OG0002017	OX359246.1	65216857	65219855
OG0002023	OX359248.1	2793699	2798201
OG0002033	OX359248.1	48328090	48332865
OG0002036	OX359246.1	58896303	58899672
OG0002045	OX359248.1	22478207	22479273
OG0002048	OX359247.1	11982126	11984849
OG0002050	OX359248.1	17626278	17628249
OG0002052	OX359247.1	15622204	15844658
OG0002055	OX359249.1	30673562	30683943
OG0002056	OX359245.1	20166828	20170644
OG0002058	OX359248.1	27882150	27887183
OG0002061	OX359249.1	25885350	25890699
OG0002062	OX359249.1	31256445	31262204
OG0002063	OX359249.1	34913949	34917419
OG0002064	OX359249.1	53178027	53218906
OG0002065	OX359250.1	1952775	2041772
OG0002066	OX359250.1	21518958	21558376
OG0002067	OX359250.1	40254670	40255377
OG0002069	OX359247.1	12653904	12704155
OG0002070	OX359247.1	12956584	12961861
OG0002071	OX359247.1	54809977	54818078
OG0002072	OX359248.1	5196661	5197984
OG0002074	OX359248.1	13454129	13459360
OG0002075	OX359248.1	19784134	19852671
OG0002076	OX359248.1	21503377	21512907
OG0002110	OX359249.1	25310152	25312056
OG0002114	OX359248.1	16231329	16232627
OG0002117	OX359246.1	25945201	25950880
OG0002121	OX359249.1	2049617	2053327
OG0002124	OX359249.1	11994953	12000235
OG0002126	OX359247.1	30660448	30700751
OG0002127	OX359248.1	24312910	24316578
OG0002129	OX359245.1	18521215	18523569
OG0002131	OX359250.1	40469618	40475164
OG0002133	OX359247.1	44182152	44250130
OG0002135	OX359249.1	8061153	8076264
OG0002137	OX359249.1	1343405	1372930
OG0002138	OX359246.1	41386806	41421920
OG0002140	OX359245.1	31899615	31900662
OG0002143	OX359249.1	40198310	40279987
OG0002146	OX359246.1	25590671	25651520
OG0002147	OX359246.1	42545209	42548476
OG0002149	OX359247.1	36957080	37008727
OG0002151	OX359248.1	11163738	11205640
OG0002172	OX359249.1	46854567	46855499
OG0002176	OX359246.1	29695572	29697473
OG0002177	OX359246.1	69290073	69296223
OG0002183	OX359248.1	56511218	56523375
OG0002186	OX359248.1	5346979	5349000
OG0002193	OX359246.1	73413239	73416184
OG0002197	OX359248.1	29025534	29027114
OG0002202	OX359249.1	40753522	40761195
OG0002203	OX359248.1	40817639	40818563
OG0002207	OX359250.1	28694606	28706535
OG0002208	OX359250.1	15080562	15082919
OG0002211	OX359248.1	34434928	34439945
OG0002213	OX359245.1	11831362	11832519
OG0002217	OX359249.1	33029341	33034463
OG0002218	OX359249.1	16180602	16190166
OG0002222	OX359247.1	59809842	59813663
OG0002223	OX359245.1	19329664	19350779
OG0002225	OX359247.1	35062280	35065483
OG0002227	OX359245.1	16020380	16024293
OG0002229	OX359245.1	20772577	20774560
OG0002232	OX359249.1	13687496	13693407
OG0002233	OX359249.1	24883011	24891291
OG0002234	OX359249.1	32959536	32963796
OG0002235	OX359249.1	37143735	37147491
OG0002236	OX359249.1	43952215	43959098
OG0002241	OX359250.1	8799852	8809503
OG0002242	OX359250.1	22459731	22461038
OG0002244	OX359250.1	36196161	36215540
OG0002245	OX359247.1	21608713	21613331
OG0002246	OX359248.1	17574066	17616569
OG0002247	OX359248.1	19083882	19107224
OG0002248	OX359248.1	23174830	23207956
OG0002249	OX359248.1	38728252	38732641
OG0002250	OX359248.1	46132805	46138990
OG0002278	OX359249.1	1822719	1824626
OG0002285	OX359246.1	33680363	33681200
OG0002286	OX359250.1	22741024	22760889
OG0002293	OX359248.1	33996532	33997837
OG0002298	OX359249.1	29043842	29052666
OG0002300	OX359247.1	9883525	9982627
OG0002301	OX359245.1	40674083	40682207
OG0002305	OX359248.1	38954091	38955096
OG0002306	OX359248.1	36750036	36756108
OG0002308	OX359249.1	22688757	22691054
OG0002309	OX359250.1	31415176	31462061
OG0002310	OX359250.1	41861487	41864101
OG0002311	OX359249.1	28224406	28225515
OG0002312	OX359249.1	14178061	14188300
OG0002313	OX359250.1	17475594	17478574
OG0002314	OX359247.1	40858653	40865231
OG0002319	OX359248.1	8522676	8526596
OG0002321	OX359248.1	9552857	9554034
OG0002322	OX359245.1	42199246	42254838
OG0002324	OX359245.1	26003036	26006336
OG0002326	OX359245.1	19737654	19743180
OG0002328	OX359249.1	16431879	16433209
OG0002329	OX359249.1	17958515	17967646
OG0002331	OX359249.1	24746260	24784686
OG0002332	OX359249.1	29109632	29121118
OG0002333	OX359249.1	33077913	33085029
OG0002335	OX359249.1	46752224	46757830
OG0002338	OX359250.1	9496997	9578659
OG0002339	OX359250.1	15008417	15027013
OG0002341	OX359250.1	30336292	30337523
OG0002342	OX359250.1	35922600	35924555
OG0002345	OX359247.1	24596259	24600206
OG0002346	OX359247.1	37205902	37207300
OG0002347	OX359247.1	41391929	41585715
OG0002348	OX359247.1	48705928	48716828
OG0002349	OX359247.1	64320907	64344886
OG0002350	OX359248.1	8879955	8905552
OG0002351	OX359248.1	17183523	17186775
OG0002352	OX359248.1	22233431	22237200
OG0002353	OX359248.1	41832629	41901980
OG0002386	OX359248.1	10207771	10218287
OG0002389	OX359246.1	70626577	70643725
OG0002394	OX359246.1	30386729	30389708
OG0002400	OX359246.1	47431195	47433603
OG0002403	OX359249.1	36867443	36873496
OG0002408	OX359248.1	13965264	13966618
OG0002412	OX359247.1	34818573	34820481
OG0002415	OX359249.1	28216360	28217649
OG0002419	OX359246.1	42795686	42800829
OG0002424	OX359247.1	22449088	22453642
OG0002425	OX359247.1	45208612	45213225
OG0002432	OX359249.1	22981723	22983409
OG0002434	OX359249.1	27073471	27075679
OG0002435	OX359249.1	27207336	27211359
OG0002436	OX359249.1	29695444	29696236
OG0002439	OX359246.1	4593061	4594343
OG0002441	OX359246.1	11028049	11103106
OG0002445	OX359250.1	36169042	36170828
OG0002446	OX359250.1	37577895	37582209
OG0002448	OX359247.1	305300	335968
OG0002449	OX359247.1	7806407	7807232
OG0002450	OX359247.1	10599143	10601568
OG0002451	OX359247.1	13193241	13196174
OG0002452	OX359247.1	45199506	45202954
OG0002454	OX359248.1	15359376	15360315
OG0002455	OX359248.1	15483640	15490146
OG0002456	OX359248.1	35145647	35150701
OG0002458	OX359248.1	53929496	53951482
OG0002474	OX359245.1	26027658	26029330
OG0002483	OX359248.1	35736681	35737595
OG0002486	OX359246.1	62566673	62570674
OG0002498	OX359246.1	73848924	73852454
OG0002500	OX359245.1	64819303	64821151
OG0002504	OX359249.1	8583958	8584902
OG0002511	OX359248.1	30709654	30711531
OG0002513	OX359249.1	19539901	19540658
OG0002517	OX359250.1	41218392	41220116
OG0002518	OX359247.1	57800399	57850098
OG0002519	OX359246.1	48231376	48244956
OG0002520	OX359250.1	39643139	39645003
OG0002521	OX359250.1	20108973	20117586
OG0002522	OX359249.1	46912445	46915323
OG0002524	OX359250.1	39864493	39868687
OG0002526	OX359246.1	37769399	37782513
OG0002527	OX359245.1	19025744	19027517
OG0002531	OX359250.1	10140236	10150742
OG0002533	OX359245.1	20948551	20951422
OG0002535	OX359249.1	26763307	26770454
OG0002536	OX359249.1	33089267	33094619
OG0002537	OX359249.1	38320438	38329983
OG0002538	OX359249.1	50354347	50365037
OG0002541	OX359246.1	44130361	44138039
OG0002543	OX359250.1	3049785	3052563
OG0002544	OX359250.1	7256488	7259673
OG0002545	OX359250.1	12537253	12542836
OG0002546	OX359250.1	27885692	27887319
OG0002547	OX359247.1	10964381	10965543
OG0002548	OX359247.1	15916578	15918118
OG0002549	OX359247.1	16765788	16767956
OG0002550	OX359247.1	28272877	28275591
OG0002551	OX359247.1	42556559	42557972
OG0002552	OX359247.1	43498995	43534587
OG0002554	OX359248.1	1225370	1309499
OG0002555	OX359248.1	2394349	2396665
OG0002556	OX359248.1	18131352	18136559
OG0002557	OX359248.1	45409607	45423321
OG0002558	OX359248.1	45669593	45675303
OG0002591	OX359248.1	11832164	11833859
OG0002594	OX359247.1	59768592	59773252
OG0002596	OX359245.1	50788111	50791827
OG0002603	OX359245.1	56819168	56821472
OG0002608	OX359248.1	49769716	49785149
OG0002611	OX359246.1	12786598	12788092
OG0002613	OX359249.1	6513118	6517396
OG0002615	OX359249.1	32137543	32184419
OG0002618	OX359247.1	20663683	20664750
OG0002620	OX359250.1	29506587	29509211
OG0002622	OX359247.1	2130682	2131666
OG0002623	OX359246.1	10758850	10761949
OG0002624	OX359246.1	47977140	47978471
OG0002628	OX359246.1	46588860	46645312
OG0002631	OX359248.1	29681730	29749819
OG0002632	OX359245.1	50748512	50753232
OG0002635	OX359245.1	18636356	18639166
OG0002636	OX359249.1	33399247	33400798
OG0002637	OX359250.1	10453827	10456082
OG0002639	OX359245.1	15129665	15139556
OG0002641	OX359245.1	25006842	25010014
OG0002645	OX359249.1	5434367	5439373
OG0002647	OX359249.1	12475272	12481224
OG0002648	OX359249.1	13283735	13300806
OG0002649	OX359249.1	21735221	21736635
OG0002651	OX359249.1	25488264	25499495
OG0002652	OX359249.1	26427781	26445067
OG0002653	OX359249.1	43635191	43636554
OG0002655	OX359249.1	49106304	49110727
OG0002656	OX359249.1	51451771	51452625
OG0002660	OX359250.1	4897226	4903260
OG0002662	OX359250.1	28456198	28457861
OG0002665	OX359250.1	45807103	45822746
OG0002666	OX359247.1	8558522	8560343
OG0002667	OX359247.1	17992752	17994602
OG0002668	OX359247.1	25241273	25306542
OG0002669	OX359247.1	28918530	28962619
OG0002670	OX359247.1	47501886	47503204
OG0002671	OX359248.1	1498555	1550675
OG0002674	OX359248.1	10892558	10916909
OG0002675	OX359248.1	11913980	11915153
OG0002676	OX359248.1	16541603	16545733
OG0002677	OX359248.1	23604696	23605891
OG0002678	OX359248.1	26973973	26981511
OG0002679	OX359248.1	34313211	34316828
OG0002715	OX359245.1	28365877	28371012
OG0002718	OX359248.1	38061760	38067256
OG0002720	OX359250.1	36458605	36465956
OG0002721	OX359246.1	30484494	30486056
OG0002724	OX359249.1	12741155	12742773
OG0002726	OX359248.1	11840449	11891452
OG0002727	OX359245.1	44277000	44278775
OG0002730	OX359248.1	52963071	52967068
OG0002737	OX359247.1	25223096	25225483
OG0002741	OX359247.1	18738369	18739071
OG0002747	OX359248.1	47666328	47671660
OG0002751	OX359245.1	21242531	21244928
OG0002752	OX359249.1	30921069	30951705
OG0002753	OX359247.1	62058271	62060313
OG0002757	OX359249.1	17181599	17205057
OG0002763	OX359249.1	9162170	9166138
OG0002767	OX359248.1	26662834	26665164
OG0002768	OX359249.1	47319703	47322985
OG0002769	OX359248.1	3419165	3422191
OG0002770	OX359250.1	29663369	29681685
OG0002771	OX359247.1	12551144	12553059
OG0002773	OX359248.1	16691190	16693464
OG0002778	OX359247.1	19506634	19529159
OG0002780	OX359247.1	56013117	56019336
OG0002782	OX359246.1	48091359	48098096
OG0002783	OX359245.1	77586561	77640914
OG0002785	OX359245.1	20774830	20781528
OG0002786	OX359249.1	12341403	12468113
OG0002788	OX359247.1	6399485	6493571
OG0002789	OX359247.1	20827696	20830254
OG0002790	OX359248.1	7134528	7203213
OG0002795	OX359245.1	40441564	40493716
OG0002797	OX359245.1	61727648	61730898
OG0002798	OX359245.1	65366015	65369860
OG0002799	OX359249.1	4075289	4101955
OG0002800	OX359249.1	7256466	7261998
OG0002801	OX359249.1	7903113	7905766
OG0002802	OX359249.1	12093651	12109694
OG0002803	OX359249.1	23774544	23777932
OG0002804	OX359249.1	24597725	24621569
OG0002805	OX359249.1	25912824	25920269
OG0002806	OX359249.1	26300094	26309541
OG0002807	OX359249.1	30381588	30383744
OG0002809	OX359249.1	53274071	53281030
OG0002811	OX359246.1	27300484	27307442
OG0002813	OX359246.1	34344443	34345378
OG0002817	OX359246.1	70786780	70824894
OG0002819	OX359250.1	12119774	12123373
OG0002820	OX359250.1	29686815	29696521
OG0002821	OX359250.1	34641694	34712650
OG0002822	OX359250.1	35623015	35629988
OG0002823	OX359250.1	37036758	37038886
OG0002825	OX359250.1	39716245	39718121
OG0002831	OX359247.1	24125321	24128686
OG0002832	OX359247.1	24696221	24698616
OG0002833	OX359247.1	25666843	25762590
OG0002834	OX359247.1	40558731	40561477
OG0002835	OX359247.1	45679913	45682648
OG0002836	OX359247.1	66005704	66007104
OG0002837	OX359248.1	2494170	2499061
OG0002838	OX359248.1	3981076	3985586
OG0002839	OX359248.1	23874773	23880085
OG0002841	OX359248.1	28091254	28124372
OG0002842	OX359248.1	47249210	47250895
OG0002874	OX359248.1	15446147	15449175
OG0002879	OX359250.1	11454331	11461902
OG0002891	OX359245.1	11383303	11387225
OG0002899	OX359247.1	52431857	52432887
OG0002900	OX359250.1	43305250	43307532
OG0002903	OX359247.1	11882173	11888325
OG0002907	OX359249.1	3386760	3410915
OG0002913	OX359247.1	53910395	53913184
OG0002914	OX359248.1	13891525	13909173
OG0002917	OX359250.1	12791197	12792892
OG0002920	OX359250.1	31138907	31191225
OG0002923	OX359249.1	16470475	16473383
OG0002933	OX359248.1	33726458	33736666
OG0002937	OX359250.1	12636475	12637334
OG0002938	OX359245.1	65823427	65825095
OG0002939	OX359250.1	20138885	20140205
OG0002941	OX359250.1	6808240	6870762
OG0002942	OX359246.1	47504256	47511746
OG0002944	OX359249.1	8689997	8731354
OG0002946	OX359249.1	36268501	36284996
OG0002948	OX359247.1	49271887	49275132
OG0002949	OX359249.1	25292487	25294094
OG0002950	OX359250.1	35716113	35718281
OG0002954	OX359245.1	25996769	25999770
OG0002956	OX359245.1	38088356	38088937
OG0002958	OX359245.1	44867467	44873900
OG0002959	OX359245.1	53630323	53634746
OG0002960	OX359245.1	64598842	64599462
OG0002963	OX359249.1	2124178	2262952
OG0002964	OX359249.1	11568198	11569310
OG0002965	OX359249.1	15917791	15936200
OG0002966	OX359249.1	20719558	20722932
OG0002967	OX359249.1	23993614	23996933
OG0002968	OX359249.1	26568830	26598889
OG0002969	OX359249.1	27158272	27162523
OG0002970	OX359249.1	29185527	29192103
OG0002971	OX359249.1	31713754	31718330
OG0002972	OX359249.1	40084768	40086443
OG0002973	OX359249.1	47307050	47310637
OG0002974	OX359249.1	47391274	47395940
OG0002975	OX359246.1	10706163	10708593
OG0002976	OX359246.1	19160913	19162692
OG0002978	OX359246.1	33422604	33425526
OG0002979	OX359246.1	42586544	42595592
OG0002982	OX359250.1	20331669	20354050
OG0002986	OX359247.1	4008270	4028859
OG0002988	OX359247.1	14754063	14754713
OG0002989	OX359247.1	20569623	20570928
OG0002990	OX359247.1	36130761	36131886
OG0002991	OX359247.1	37217178	37220289
OG0002992	OX359247.1	38032903	38035913
OG0002993	OX359247.1	60826740	60830945
OG0002994	OX359247.1	62076295	62079414
OG0002995	OX359247.1	64028409	64029005
OG0002996	OX359248.1	2313015	2315293
OG0002997	OX359248.1	14378367	14387603
OG0002998	OX359248.1	15400796	15403348
OG0002999	OX359248.1	18761435	18762503
OG0003000	OX359248.1	20516045	20566449
OG0003003	OX359248.1	37176178	37178507
OG0003004	OX359248.1	38285206	38286295
OG0003005	OX359248.1	42712253	42718267
OG0003006	OX359248.1	56775918	56785612
OG0003007	OX359248.1	57306800	57370568
OG0003038	OX359248.1	45098193	45101597
OG0003043	OX359246.1	21155970	21156977
OG0003053	OX359245.1	40234655	40237655
OG0003054	OX359248.1	15742931	15754246
OG0003056	OX359247.1	55058434	55060621
OG0003062	OX359248.1	10124994	10142402
OG0003066	OX359245.1	65078906	65079603
OG0003067	OX359249.1	41238234	41241708
OG0003071	OX359246.1	48339584	48347769
OG0003073	OX359248.1	52940920	52942620
OG0003074	OX359249.1	22476829	22527327
OG0003076	OX359250.1	15195497	15199286
OG0003078	OX359245.1	53959420	53961314
OG0003082	OX359247.1	23193849	23241894
OG0003084	OX359250.1	38393983	38396702
OG0003086	OX359248.1	53748988	53750294
OG0003088	OX359249.1	40056310	40059114
OG0003089	OX359246.1	27289960	27291362
OG0003091	OX359247.1	16406329	16409217
OG0003092	OX359248.1	9623818	9648942
OG0003093	OX359248.1	23106087	23148436
OG0003094	OX359249.1	11656601	11686868
OG0003095	OX359248.1	47912759	47922164
OG0003096	OX359249.1	6877755	6880055
OG0003101	OX359247.1	34886016	34891109
OG0003104	OX359248.1	1944600	1948251
OG0003108	OX359246.1	73009782	73080187
OG0003110	OX359248.1	10175924	10179193
OG0003112	OX359250.1	39174695	39176502
OG0003113	OX359245.1	3368182	3370729
OG0003115	OX359245.1	11897105	11897801
OG0003121	OX359245.1	39582259	39638519
OG0003122	OX359245.1	54763259	54766599
OG0003124	OX359249.1	4108424	4110654
OG0003125	OX359249.1	5271746	5273609
OG0003127	OX359249.1	9117243	9118402
OG0003129	OX359249.1	16101952	16102791
OG0003130	OX359249.1	18820464	18821686
OG0003131	OX359249.1	19642679	19643344
OG0003132	OX359249.1	21742445	21747160
OG0003133	OX359249.1	22202394	22216108
OG0003134	OX359249.1	25938726	25984700
OG0003136	OX359249.1	29101216	29103744
OG0003137	OX359249.1	34840674	34860795
OG0003138	OX359249.1	39156784	39160982
OG0003139	OX359249.1	40896726	40913587
OG0003140	OX359249.1	40957521	40960857
OG0003141	OX359249.1	42126822	42197503
OG0003142	OX359249.1	43976174	44034540
OG0003143	OX359249.1	44854358	44858901
OG0003147	OX359246.1	24614233	24638309
OG0003149	OX359246.1	33408279	33412826
OG0003150	OX359246.1	47053729	47058552
OG0003154	OX359250.1	4958937	4967370
OG0003155	OX359250.1	26466634	26476295
OG0003156	OX359250.1	35699051	35701158
OG0003157	OX359250.1	38313520	38331714
OG0003158	OX359247.1	1523078	1526207
OG0003160	OX359247.1	7074750	7076658
OG0003161	OX359247.1	9610228	9630243
OG0003162	OX359247.1	16351155	16352540
OG0003163	OX359247.1	20816348	20822556
OG0003164	OX359247.1	24798932	24941379
OG0003166	OX359247.1	36290491	36306961
OG0003168	OX359247.1	39317151	39322865
OG0003170	OX359247.1	47367572	47419993
OG0003171	OX359247.1	48350239	48352668
OG0003172	OX359247.1	53247172	53257975
OG0003174	OX359247.1	61952833	61953186
OG0003175	OX359248.1	9108060	9110811
OG0003176	OX359248.1	10665361	10666622
OG0003177	OX359248.1	13971531	13974396
OG0003178	OX359248.1	15405947	15411989
OG0003179	OX359248.1	21607708	21608808
OG0003180	OX359248.1	29976830	29984344
OG0003181	OX359248.1	31339225	31341844
OG0003182	OX359248.1	32829552	32831545
OG0003183	OX359248.1	33831653	33835071
OG0003184	OX359248.1	34024773	34027237
OG0003185	OX359248.1	45049575	45051905
OG0003186	OX359248.1	50466220	50467028
OG0003187	OX359248.1	54811001	54878130
OG0003218	OX359248.1	51133270	51135343
OG0003219	OX359248.1	11611262	11613185
OG0003221	OX359250.1	3545385	3567163
OG0003224	OX359248.1	38037738	38042222
OG0003225	OX359246.1	56137161	56139766
OG0003235	OX359248.1	30002224	30002727
OG0003238	OX359247.1	3553276	3561969
OG0003241	OX359246.1	41181045	41183209
OG0003242	OX359245.1	30891362	30892642
OG0003244	OX359248.1	8125463	8127259
OG0003249	OX359247.1	36171126	36172772
OG0003252	OX359247.1	11118446	11121022
OG0003253	OX359248.1	33929303	33943436
OG0003256	OX359247.1	62054178	62056059
OG0003262	OX359247.1	16356135	16361074
OG0003263	OX359246.1	11156630	11161433
OG0003264	OX359247.1	2553393	2557051
OG0003265	OX359248.1	1966008	1969266
OG0003268	OX359249.1	13609483	13616534
OG0003269	OX359249.1	37100765	37108333
OG0003270	OX359248.1	3271390	3276160
OG0003272	OX359248.1	46593118	46596983
OG0003273	OX359248.1	13932876	13934765
OG0003274	OX359249.1	12486906	12502305
OG0003276	OX359249.1	38477793	38480279
OG0003279	OX359248.1	28181278	28191946
OG0003280	OX359246.1	195402	197726
OG0003282	OX359250.1	27881108	27884414
OG0003283	OX359247.1	39016821	39078127
OG0003284	OX359248.1	30386156	30449708
OG0003285	OX359249.1	37343162	37344459
OG0003288	OX359246.1	44247980	44249820
OG0003289	OX359250.1	13626038	13628663
OG0003290	OX359250.1	35676575	35679842
OG0003291	OX359247.1	17385326	17388329
OG0003292	OX359247.1	28668219	28676503
OG0003293	OX359248.1	8329674	8356468
OG0003294	OX359245.1	17208754	17210131
OG0003295	OX359245.1	17228158	17230638
OG0003298	OX359249.1	4253131	4255693
OG0003299	OX359249.1	5095084	5103317
OG0003300	OX359249.1	6176208	6178051
OG0003301	OX359249.1	9275254	9286937
OG0003302	OX359249.1	11561528	11567234
OG0003304	OX359249.1	13216019	13216661
OG0003305	OX359249.1	16358725	16364389
OG0003306	OX359249.1	19041802	19043422
OG0003307	OX359249.1	19554314	19558321
OG0003308	OX359249.1	20633460	20637248
OG0003310	OX359249.1	26027573	26030890
OG0003311	OX359249.1	27251431	27255770
OG0003312	OX359249.1	27325239	27328387
OG0003313	OX359249.1	28218913	28221320
OG0003314	OX359249.1	30054995	30064781
OG0003315	OX359249.1	31788959	31832676
OG0003316	OX359249.1	32128930	32130669
OG0003318	OX359249.1	35676120	35679305
OG0003319	OX359249.1	36172806	36175692
OG0003320	OX359249.1	41177768	41185132
OG0003321	OX359249.1	41210952	41212530
OG0003322	OX359249.1	43638040	43639846
OG0003323	OX359249.1	44594536	44599654
OG0003324	OX359249.1	45874488	45885383
OG0003325	OX359249.1	50659145	50665087
OG0003326	OX359246.1	25273674	25281156
OG0003327	OX359246.1	40879576	40882539
OG0003328	OX359246.1	43765571	43767219
OG0003329	OX359246.1	44162461	44165666
OG0003330	OX359246.1	46901800	46903957
OG0003331	OX359246.1	51587719	51677416
OG0003332	OX359246.1	55856681	55859351
OG0003333	OX359250.1	4758414	4770045
OG0003334	OX359250.1	7586349	7596676
OG0003335	OX359250.1	7658993	7666265
OG0003336	OX359250.1	10458818	10460705
OG0003337	OX359250.1	12240424	12244486
OG0003338	OX359250.1	13096907	13119441
OG0003339	OX359250.1	14580595	14593549
OG0003341	OX359250.1	26246217	26247504
OG0003342	OX359250.1	27578273	27645646
OG0003343	OX359250.1	28019936	28020785
OG0003346	OX359247.1	11968208	11970514
OG0003347	OX359247.1	15194508	15196619
OG0003348	OX359247.1	15582485	15582996
OG0003349	OX359247.1	16599528	16600624
OG0003350	OX359247.1	21647534	21648320
OG0003351	OX359247.1	27576512	27578294
OG0003352	OX359247.1	32046317	32047568
OG0003354	OX359247.1	34625441	34628434
OG0003355	OX359247.1	39731877	39733679
OG0003357	OX359247.1	55749321	55753175
OG0003358	OX359247.1	60944487	60947235
OG0003359	OX359247.1	61625321	61628180
OG0003360	OX359248.1	1919763	1923104
OG0003361	OX359248.1	3779531	3790717
OG0003362	OX359248.1	12092933	12100223
OG0003363	OX359248.1	14251947	14252834
OG0003364	OX359248.1	15096187	15115972
OG0003365	OX359248.1	15479350	15482996
OG0003366	OX359248.1	15758947	15760691
OG0003368	OX359248.1	17247852	17248531
OG0003369	OX359248.1	17780497	17796699
OG0003370	OX359248.1	23258809	23313068
OG0003371	OX359248.1	28026236	28027346
OG0003372	OX359248.1	31626898	31651793
OG0003373	OX359248.1	33016277	33029680
OG0003374	OX359248.1	40579024	40675072
OG0003375	OX359248.1	40730075	40732673
OG0003376	OX359248.1	42669109	42670316
OG0003377	OX359248.1	43514420	43515766
OG0003409	OX359246.1	1989440	1991080
OG0003416	OX359250.1	41287557	41293713
OG0003417	OX359247.1	35151414	35154355
OG0003418	OX359248.1	42616397	42621267
OG0003419	OX359248.1	52524873	52536393
OG0003421	OX359250.1	30392990	30400921
OG0003422	OX359248.1	38629346	38630398
OG0003425	OX359247.1	8154222	8155475
OG0003427	OX359245.1	15769664	15773061
OG0003433	OX359245.1	11995804	11997991
OG0003443	OX359245.1	21023927	21027500
OG0003444	OX359245.1	20458832	20460346
OG0003445	OX359250.1	38041284	38042099
OG0003446	OX359249.1	33465622	33469600
OG0003447	OX359248.1	38030636	38031927
OG0003448	OX359247.1	11915561	11939533
OG0003450	OX359247.1	43558418	43561121
OG0003451	OX359250.1	36508585	36511666
OG0003453	OX359249.1	12120763	12122299
OG0003455	OX359249.1	41228180	41235150
OG0003457	OX359245.1	81826637	81833425
OG0003458	OX359249.1	36795434	36797623
OG0003464	OX359250.1	20944943	20952186
OG0003466	OX359249.1	43970132	43972958
OG0003470	OX359250.1	1505382	1663843
OG0003473	OX359248.1	14493892	14498363
OG0003474	OX359245.1	72662303	72666586
OG0003475	OX359248.1	50635425	50649523
OG0003476	OX359250.1	30738870	30740087
OG0003477	OX359247.1	59506891	59512067
OG0003478	OX359250.1	8751381	8752896
OG0003480	OX359250.1	37334636	37339628
OG0003481	OX359246.1	43298135	43299949
OG0003482	OX359250.1	38493003	38497362
OG0003485	OX359247.1	37094747	37096130
OG0003487	OX359249.1	971205	979117
OG0003488	OX359245.1	16007787	16011715
OG0003489	OX359245.1	19899069	19903748
OG0003490	OX359249.1	7020454	7174889
OG0003491	OX359249.1	13271911	13272589
OG0003492	OX359249.1	33963399	33977105
OG0003493	OX359249.1	46513636	46522774
OG0003494	OX359247.1	3116283	3209234
OG0003495	OX359247.1	20869332	20871836
OG0003496	OX359248.1	21691392	21695369
OG0003498	OX359245.1	18724546	18730585
OG0003502	OX359245.1	26434237	26441950
OG0003505	OX359245.1	72059591	72080865
OG0003506	OX359249.1	673674	676624
OG0003508	OX359249.1	7895850	7900760
OG0003509	OX359249.1	9049609	9052149
OG0003512	OX359249.1	9483504	9486466
OG0003513	OX359249.1	16010423	16011235
OG0003514	OX359249.1	16106017	16106898
OG0003515	OX359249.1	16863335	16867459
OG0003516	OX359249.1	17764839	17792445
OG0003517	OX359249.1	18706876	18715848
OG0003518	OX359249.1	20941759	20942978
OG0003519	OX359249.1	23460297	23462101
OG0003520	OX359249.1	27310712	27316140
OG0003521	OX359249.1	29015354	29017286
OG0003522	OX359249.1	29285314	29286608
OG0003523	OX359249.1	30357102	30372179
OG0003524	OX359249.1	33949439	33951087
OG0003527	OX359249.1	45026721	45029865
OG0003528	OX359246.1	5787873	5791193
OG0003530	OX359246.1	26686247	26689065
OG0003533	OX359246.1	36411902	36414539
OG0003536	OX359250.1	7429843	7456676
OG0003537	OX359250.1	7704337	7706674
OG0003538	OX359250.1	10789111	10791423
OG0003539	OX359250.1	11928141	11934864
OG0003541	OX359250.1	15279546	15281886
OG0003542	OX359250.1	35427732	35459626
OG0003543	OX359250.1	36586116	36586897
OG0003544	OX359250.1	44295464	44299125
OG0003545	OX359247.1	2868205	2871451
OG0003546	OX359247.1	10308930	10309549
OG0003547	OX359247.1	12815986	12873768
OG0003548	OX359247.1	18039366	18044419
OG0003549	OX359247.1	23150248	23151065
OG0003550	OX359247.1	28083209	28084191
OG0003551	OX359247.1	32331450	32332529
OG0003552	OX359247.1	45265824	45267099
OG0003553	OX359247.1	47535148	47537669
OG0003554	OX359247.1	49127175	49128750
OG0003556	OX359247.1	57934383	57936788
OG0003558	OX359248.1	976161	995430
OG0003559	OX359248.1	2055854	2057339
OG0003560	OX359248.1	4921927	4934212
OG0003561	OX359248.1	6998611	7051031
OG0003562	OX359248.1	8232776	8235106
OG0003563	OX359248.1	16578030	16586321
OG0003564	OX359248.1	20911518	20914306
OG0003565	OX359248.1	22515850	22519060
OG0003566	OX359248.1	26438552	26440636
OG0003567	OX359248.1	32579081	32580299
OG0003568	OX359248.1	48442853	48447031
OG0003569	OX359248.1	54596085	54598240
OG0003570	OX359248.1	55536272	55557835
OG0003593	OX359246.1	5650981	5653808
OG0003596	OX359249.1	49399200	49399928
OG0003599	OX359247.1	62433306	62449084
OG0003604	OX359248.1	6431818	6434680
OG0003605	OX359248.1	6652598	6653530
OG0003609	OX359250.1	35524210	35525699
OG0003612	OX359247.1	11995340	11996125
OG0003617	OX359248.1	12750694	12825605
OG0003621	OX359249.1	34087996	34093256
OG0003627	OX359245.1	16678071	16680713
OG0003630	OX359248.1	32593638	32596278
OG0003631	OX359245.1	21049329	21051084
OG0003636	OX359247.1	34542268	34546312
OG0003637	OX359247.1	60278204	60280697
OG0003639	OX359248.1	28559523	28601537
OG0003640	OX359247.1	32389154	32532908
OG0003643	OX359250.1	15836214	15838869
OG0003645	OX359249.1	22609743	22627281
OG0003646	OX359249.1	24193497	24197995
OG0003649	OX359248.1	30215996	30218806
OG0003650	OX359249.1	27218071	27221050
OG0003652	OX359249.1	2304463	2384775
OG0003653	OX359245.1	54042712	54045883
OG0003655	OX359249.1	15733753	15746393
OG0003657	OX359247.1	37490862	37493242
OG0003658	OX359246.1	72250810	72256963
OG0003659	OX359248.1	21385608	21392448
OG0003660	OX359249.1	38660905	38695415
OG0003661	OX359249.1	34771651	34824875
OG0003662	OX359249.1	33048587	33050032
OG0003663	OX359249.1	46019720	46051272
OG0003668	OX359250.1	11177793	11179358
OG0003674	OX359248.1	5401491	5476214
OG0003675	OX359248.1	35489920	35492428
OG0003676	OX359249.1	9567911	9569253
OG0003678	OX359249.1	47272773	47276580
OG0003679	OX359247.1	31603682	31689888
OG0003685	OX359249.1	25682836	25698284
OG0003686	OX359249.1	29497660	29513471
OG0003690	OX359247.1	22269783	22272111
OG0003694	OX359249.1	48847176	48918820
OG0003695	OX359248.1	1927387	1936275
OG0003696	OX359246.1	49155444	49231619
OG0003697	OX359249.1	14100558	14116659
OG0003698	OX359250.1	21412776	21424929
OG0003699	OX359247.1	12144124	12178127
OG0003701	OX359249.1	938614	944518
OG0003702	OX359249.1	17296091	17334503
OG0003703	OX359249.1	18726187	18732792
OG0003704	OX359249.1	34361558	34363446
OG0003706	OX359245.1	11673967	11682777
OG0003708	OX359245.1	18277334	18279305
OG0003710	OX359245.1	23431259	23523943
OG0003712	OX359245.1	31148104	31151980
OG0003715	OX359245.1	43768555	43775487
OG0003716	OX359245.1	43792104	43794159
OG0003717	OX359245.1	44582382	44586432
OG0003721	OX359249.1	222541	224082
OG0003722	OX359249.1	888555	927926
OG0003723	OX359249.1	3539764	3546556
OG0003724	OX359249.1	5113651	5116494
OG0003725	OX359249.1	7690161	7690538
OG0003726	OX359249.1	9147931	9154267
OG0003727	OX359249.1	9900360	9959775
OG0003728	OX359249.1	11723847	11726284
OG0003729	OX359249.1	14792142	14794708
OG0003730	OX359249.1	15854084	15855960
OG0003731	OX359249.1	18995075	19017900
OG0003732	OX359249.1	19414543	19425599
OG0003733	OX359249.1	29080587	29081651
OG0003734	OX359249.1	29538606	29545982
OG0003735	OX359249.1	30411565	30415930
OG0003736	OX359249.1	31281828	31284406
OG0003737	OX359249.1	32582227	32586239
OG0003738	OX359249.1	32894417	32907844
OG0003739	OX359249.1	39261557	39269963
OG0003740	OX359249.1	39474204	39490499
OG0003741	OX359249.1	40079606	40082069
OG0003742	OX359249.1	41314946	41320398
OG0003743	OX359249.1	41773228	41778634
OG0003745	OX359249.1	45775405	45808568
OG0003746	OX359249.1	46143331	46144578
OG0003748	OX359249.1	49617903	49621909
OG0003750	OX359246.1	25572467	25583441
OG0003752	OX359246.1	40994673	40996868
OG0003755	OX359246.1	53876256	53886705
OG0003757	OX359250.1	2512344	2514347
OG0003758	OX359250.1	7075054	7086737
OG0003759	OX359250.1	7288083	7290264
OG0003761	OX359250.1	9046056	9064075
OG0003762	OX359250.1	11292778	11426368
OG0003763	OX359250.1	13819380	13824809
OG0003764	OX359250.1	19765193	19768097
OG0003765	OX359250.1	21266685	21335109
OG0003767	OX359250.1	29244284	29251194
OG0003768	OX359250.1	30417102	30422029
OG0003769	OX359250.1	32254182	32277469
OG0003772	OX359250.1	46015719	46093509
OG0003774	OX359247.1	10800346	10808898
OG0003775	OX359247.1	12027120	12034718
OG0003776	OX359247.1	16686368	16687983
OG0003777	OX359247.1	22822495	22855706
OG0003778	OX359247.1	23008537	23010217
OG0003779	OX359247.1	26343905	26344584
OG0003781	OX359247.1	28253730	28257447
OG0003783	OX359247.1	30950113	30951531
OG0003784	OX359247.1	38513555	38516036
OG0003785	OX359247.1	41763878	41765791
OG0003786	OX359247.1	42454369	42466973
OG0003787	OX359247.1	44690010	44693077
OG0003788	OX359247.1	45215973	45221759
OG0003789	OX359247.1	49059503	49065258
OG0003790	OX359247.1	49295933	49311933
OG0003791	OX359247.1	50299543	50301454
OG0003792	OX359247.1	61693099	61750537
OG0003793	OX359247.1	63995137	64010694
OG0003794	OX359247.1	65901725	65933276
OG0003795	OX359248.1	931271	943803
OG0003796	OX359248.1	4447634	4449142
OG0003797	OX359248.1	4917913	4920295
OG0003800	OX359248.1	21711276	21713459
OG0003801	OX359248.1	25199832	25201782
OG0003803	OX359248.1	31560812	31600859
OG0003804	OX359248.1	38562506	38564009
OG0003805	OX359248.1	39349979	39351862
OG0003806	OX359248.1	40883401	40886209
OG0003807	OX359248.1	45064261	45066256
OG0003808	OX359248.1	48692518	48777421
OG0003809	OX359248.1	50539607	50542420
OG0003810	OX359248.1	54357906	54360350
OG0003837	OX359246.1	44476316	44477499
OG0003839	OX359248.1	32059421	32066697
OG0003844	OX359248.1	26129686	26131371
OG0003848	OX359246.1	56709616	56715997
OG0003852	OX359250.1	19672855	19673184
OG0003854	OX359246.1	41056523	41057329
OG0003855	OX359248.1	38871133	38872330
OG0003856	OX359245.1	12970002	12983166
OG0003858	OX359248.1	10698921	10718333
OG0003859	OX359247.1	57863369	57866977
OG0003862	OX359247.1	12797121	12801722
OG0003866	OX359249.1	36656938	36664257
OG0003867	OX359245.1	11900376	11906044
OG0003870	OX359250.1	11915413	11918081
OG0003871	OX359250.1	42293632	42294910
OG0003873	OX359249.1	8585850	8587502
OG0003877	OX359247.1	51752980	51755447
OG0003880	OX359249.1	297010	314711
OG0003881	OX359249.1	16542545	16544645
OG0003882	OX359249.1	31400762	31411053
OG0003884	OX359250.1	26180688	26188366
OG0003885	OX359245.1	76109302	76115004
OG0003887	OX359250.1	3525687	3532528
OG0003888	OX359246.1	20740624	20742929
OG0003890	OX359245.1	50732047	50737767
OG0003893	OX359249.1	5067244	5069459
OG0003895	OX359246.1	42415281	42434968
OG0003896	OX359245.1	29851271	29876823
OG0003897	OX359249.1	52267847	52292399
OG0003899	OX359249.1	19309104	19315896
OG0003901	OX359249.1	46503948	46506137
OG0003902	OX359250.1	43367296	43372396
OG0003903	OX359246.1	71162390	71165720
OG0003905	OX359250.1	22073386	22074754
OG0003908	OX359250.1	42164703	42166865
OG0003909	OX359247.1	17434351	17434998
OG0003910	OX359250.1	41975659	41976892
OG0003912	OX359250.1	42097120	42102082
OG0003913	OX359247.1	29753315	29756238
OG0003915	OX359247.1	61430200	61431318
OG0003916	OX359249.1	22698208	22700014
OG0003917	OX359249.1	30780202	30781158
OG0003918	OX359247.1	65935981	65938708
OG0003920	OX359249.1	16365821	16367712
OG0003921	OX359248.1	3035543	3036640
OG0003923	OX359249.1	16751440	16755755
OG0003924	OX359249.1	22800536	22802614
OG0003925	OX359249.1	26069991	26071762
OG0003927	OX359248.1	40909665	40912306
OG0003929	OX359245.1	25046986	25063835
OG0003931	OX359250.1	41525315	41799466
OG0003932	OX359250.1	26990741	26992252
OG0003933	OX359245.1	24268485	24269035
OG0003934	OX359248.1	29206302	29210209
OG0003936	OX359247.1	46516569	46554270
OG0003937	OX359250.1	40342646	40343167
OG0003939	OX359248.1	19503107	19518601
OG0003940	OX359250.1	33026959	33028099
OG0003943	OX359247.1	47564925	47568898
OG0003945	OX359246.1	9959511	9999233
OG0003946	OX359249.1	9600697	9603737
OG0003949	OX359249.1	42351071	42418908
OG0003950	OX359246.1	72277683	72285790
OG0003952	OX359250.1	31895213	31923607
OG0003953	OX359250.1	37813172	37816819
OG0003956	OX359245.1	16208267	16217990
OG0003958	OX359245.1	21740253	21888131
OG0003959	OX359245.1	24884968	24885893
OG0003962	OX359245.1	33156568	33158455
OG0003963	OX359245.1	36240281	36242060
OG0003964	OX359245.1	38106330	38107334
OG0003966	OX359245.1	50968874	50971449
OG0003971	OX359245.1	75188643	75190909
OG0003972	OX359249.1	624548	627753
OG0003973	OX359249.1	1832018	1837529
OG0003975	OX359249.1	9070963	9073802
OG0003978	OX359249.1	9553594	9556454
OG0003979	OX359249.1	9585643	9587686
OG0003981	OX359249.1	12898194	12901548
OG0003982	OX359249.1	13264614	13267474
OG0003983	OX359249.1	15872866	15878615
OG0003985	OX359249.1	17174928	17178313
OG0003986	OX359249.1	18312054	18313736
OG0003987	OX359249.1	18496810	18498857
OG0003988	OX359249.1	18817832	18819988
OG0003991	OX359249.1	25313123	25314570
OG0003992	OX359249.1	25335764	25339164
OG0003993	OX359249.1	26024112	26027349
OG0003994	OX359249.1	27184577	27188755
OG0003996	OX359249.1	28067585	28069883
OG0003997	OX359249.1	31948520	31991061
OG0003998	OX359249.1	32021653	32025819
OG0003999	OX359249.1	33117009	33118635
OG0004000	OX359249.1	34368668	34385600
OG0004001	OX359249.1	34395826	34398219
OG0004002	OX359249.1	35371125	35375565
OG0004003	OX359249.1	41203123	41205429
OG0004004	OX359249.1	43716798	43718493
OG0004005	OX359249.1	44511373	44564812
OG0004006	OX359249.1	45429770	45432471
OG0004007	OX359249.1	48947045	48953276
OG0004008	OX359249.1	53263969	53270105
OG0004009	OX359246.1	7472975	7478730
OG0004011	OX359246.1	30895615	30898223
OG0004012	OX359246.1	45687230	45688111
OG0004013	OX359246.1	52378490	52379763
OG0004015	OX359246.1	55635935	55640466
OG0004016	OX359246.1	56225687	56233550
OG0004017	OX359246.1	66289675	66291846
OG0004018	OX359246.1	75218508	75220811
OG0004021	OX359250.1	10187694	10189410
OG0004023	OX359250.1	12816980	12817776
OG0004024	OX359250.1	28661213	28666697
OG0004025	OX359250.1	28810058	28814179
OG0004026	OX359250.1	28903056	28905534
OG0004027	OX359250.1	29300308	29303277
OG0004028	OX359250.1	32064127	32090629
OG0004029	OX359250.1	41209191	41214454
OG0004030	OX359250.1	42192312	42196821
OG0004031	OX359250.1	42254886	42283025
OG0004032	OX359250.1	42354173	42359447
OG0004034	OX359247.1	6315351	6316970
OG0004035	OX359247.1	10290063	10292730
OG0004036	OX359247.1	10682607	10688511
OG0004037	OX359247.1	16785529	16787222
OG0004038	OX359247.1	20878973	20880650
OG0004039	OX359247.1	23841048	23844736
OG0004041	OX359247.1	28288475	28290037
OG0004042	OX359247.1	32980635	32983899
OG0004044	OX359247.1	39193118	39207313
OG0004045	OX359247.1	39761489	39762540
OG0004046	OX359247.1	43398548	43401841
OG0004048	OX359247.1	45530367	45530940
OG0004049	OX359247.1	49206949	49208161
OG0004051	OX359247.1	64080859	64086390
OG0004052	OX359248.1	7453243	7534835
OG0004053	OX359248.1	16528970	16533183
OG0004054	OX359248.1	16851637	16853899
OG0004056	OX359248.1	22482178	22490782
OG0004057	OX359248.1	22728489	22735487
OG0004058	OX359248.1	24741267	24743186
OG0004059	OX359248.1	24862300	24866621
OG0004060	OX359248.1	34036636	34040206
OG0004061	OX359248.1	34951559	34952784
OG0004062	OX359248.1	38647455	38649464
OG0004063	OX359248.1	39883541	39890742
OG0004064	OX359248.1	48679172	48680389
OG0004065	OX359248.1	50749456	50759315
OG0004096	OX359247.1	21641880	21643134
OG0004097	OX359247.1	54638623	54640336
OG0004100	OX359245.1	66074151	66074771
OG0004109	OX359245.1	24876421	24879095
OG0004113	OX359247.1	28992659	28993340
OG0004121	OX359250.1	13391137	13408525
OG0004133	OX359247.1	50728821	50731411
OG0004135	OX359250.1	22848663	22850352
OG0004136	OX359245.1	43736879	43743001
OG0004137	OX359246.1	1635847	1637285
OG0004138	OX359247.1	51458161	51459001
OG0004141	OX359249.1	24233004	24259512
OG0004142	OX359246.1	26749712	26753598
OG0004143	OX359249.1	50351822	50353924
OG0004144	OX359249.1	33338121	33342278
OG0004146	OX359247.1	23808065	23812144
OG0004148	OX359245.1	75127288	75128468
OG0004149	OX359249.1	19654867	19656686
OG0004151	OX359250.1	12531932	12536608
OG0004152	OX359246.1	53559214	53565535
OG0004153	OX359248.1	13265610	13271631
OG0004155	OX359246.1	25283838	25285737
OG0004159	OX359250.1	3890502	3909341
OG0004160	OX359247.1	27088013	27092969
OG0004161	OX359248.1	14371304	14375518
OG0004162	OX359247.1	64490747	64494084
OG0004163	OX359247.1	57432595	57484613
OG0004165	OX359247.1	43296349	43297788
OG0004166	OX359247.1	27862918	27894675
OG0004168	OX359250.1	37607068	37626286
OG0004170	OX359246.1	56272140	56273351
OG0004172	OX359250.1	23045132	23063701
OG0004176	OX359248.1	21479024	21481861
OG0004178	OX359247.1	12061841	12063407
OG0004179	OX359249.1	38012951	38014150
OG0004182	OX359249.1	43961829	43966633
OG0004184	OX359247.1	36880778	36881203
OG0004186	OX359248.1	13547654	13552785
OG0004187	OX359247.1	24051095	24116889
OG0004188	OX359248.1	4155858	4158799
OG0004190	OX359250.1	10748784	10778621
OG0004191	OX359250.1	19500513	19592706
OG0004193	OX359246.1	9597343	9600686
OG0004195	OX359247.1	2652068	2659792
OG0004198	OX359248.1	11613654	11622267
OG0004199	OX359247.1	5301632	5324831
OG0004206	OX359245.1	3105723	3106116
OG0004207	OX359249.1	23955579	23980716
OG0004208	OX359249.1	12208363	12210878
OG0004210	OX359245.1	15163618	15165463
OG0004211	OX359245.1	15151681	15154444
OG0004212	OX359245.1	20173949	20176795
OG0004214	OX359245.1	4407534	4441501
OG0004215	OX359245.1	19754131	19756828
OG0004217	OX359249.1	2969318	2973761
OG0004219	OX359246.1	44938259	44941061
OG0004220	OX359250.1	10225792	10297010
OG0004221	OX359250.1	11814273	11818961
OG0004222	OX359247.1	27145943	27164717
OG0004223	OX359247.1	27520844	27522122
OG0004224	OX359247.1	35316632	35321207
OG0004225	OX359248.1	39430409	39468075
OG0004226	OX359248.1	48285878	48288480
OG0004230	OX359245.1	15746129	15755470
OG0004234	OX359245.1	19771257	19776150
OG0004235	OX359245.1	20119265	20126498
OG0004237	OX359245.1	26518801	26520157
OG0004240	OX359245.1	78684373	78690527
OG0004241	OX359249.1	367670	376562
OG0004242	OX359249.1	5402298	5427285
OG0004243	OX359249.1	5709148	5714272
OG0004244	OX359249.1	6218092	6264873
OG0004245	OX359249.1	6316318	6317609
OG0004247	OX359249.1	7907719	7911106
OG0004248	OX359249.1	8570001	8571589
OG0004249	OX359249.1	9608703	9610867
OG0004250	OX359249.1	11312904	11316590
OG0004251	OX359249.1	11600606	11604134
OG0004254	OX359249.1	15255840	15315681
OG0004255	OX359249.1	15597346	15600434
OG0004256	OX359249.1	17279521	17283378
OG0004257	OX359249.1	17338229	17339574
OG0004259	OX359249.1	19552093	19553126
OG0004260	OX359249.1	20330686	20336153
OG0004262	OX359249.1	22181169	22181958
OG0004263	OX359249.1	23222651	23233957
OG0004264	OX359249.1	23410044	23415489
OG0004265	OX359249.1	25259828	25264153
OG0004266	OX359249.1	27101439	27101855
OG0004267	OX359249.1	28248977	28250600
OG0004268	OX359249.1	29753705	29781023
OG0004269	OX359249.1	32094292	32096832
OG0004270	OX359249.1	33052793	33053728
OG0004271	OX359249.1	33354916	33356569
OG0004272	OX359249.1	38205366	38210188
OG0004273	OX359249.1	41080213	41088465
OG0004274	OX359249.1	42121927	42123893
OG0004275	OX359249.1	43431467	43501018
OG0004276	OX359249.1	44454172	44455779
OG0004277	OX359249.1	44799844	44803292
OG0004278	OX359249.1	45293211	45308048
OG0004279	OX359249.1	46263800	46265483
OG0004280	OX359249.1	50598301	50600536
OG0004282	OX359246.1	21814484	21816351
OG0004283	OX359246.1	28280026	28288649
OG0004284	OX359246.1	29516460	29519608
OG0004285	OX359246.1	34080916	34082734
OG0004286	OX359246.1	36762678	36765291
OG0004287	OX359246.1	57038821	57042142
OG0004288	OX359246.1	63883178	63890989
OG0004289	OX359246.1	68015668	68016717
OG0004291	OX359250.1	11233418	11242277
OG0004294	OX359250.1	16107420	16131802
OG0004295	OX359250.1	18177904	18182745
OG0004296	OX359250.1	19022299	19038111
OG0004298	OX359250.1	26131779	26146332
OG0004299	OX359250.1	26190824	26216891
OG0004300	OX359250.1	30171583	30189059
OG0004301	OX359250.1	38469048	38472325
OG0004303	OX359250.1	42716325	42721723
OG0004304	OX359247.1	18877740	18978507
OG0004305	OX359247.1	20244898	20292553
OG0004306	OX359247.1	20838591	20840319
OG0004307	OX359247.1	22484827	22489047
OG0004308	OX359247.1	23036447	23051791
OG0004309	OX359247.1	24201420	24228249
OG0004310	OX359247.1	27930444	27933966
OG0004311	OX359247.1	29227906	29228882
OG0004312	OX359247.1	30857193	30860764
OG0004313	OX359247.1	31705139	31716498
OG0004314	OX359247.1	34778402	34797213
OG0004318	OX359247.1	37114849	37118266
OG0004321	OX359247.1	46326709	46328885
OG0004322	OX359247.1	47726702	47799510
OG0004323	OX359247.1	48956638	48958840
OG0004324	OX359247.1	49202812	49212744
OG0004325	OX359247.1	50115303	50157771
OG0004326	OX359247.1	53077655	53086112
OG0004327	OX359247.1	53338813	53445038
OG0004328	OX359248.1	4325184	4348787
OG0004329	OX359248.1	4935214	4936764
OG0004330	OX359248.1	8304911	8307732
OG0004331	OX359248.1	10506625	10563434
OG0004332	OX359248.1	11027863	11030936
OG0004333	OX359248.1	12338788	12348358
OG0004334	OX359248.1	14319475	14326927
OG0004335	OX359248.1	19683952	19685152
OG0004336	OX359248.1	20160104	20161946
OG0004337	OX359248.1	21448836	21450422
OG0004338	OX359248.1	21700049	21701655
OG0004339	OX359248.1	24747928	24756796
OG0004340	OX359248.1	27005451	27006388
OG0004341	OX359248.1	28076837	28086365
OG0004343	OX359248.1	33969261	33983797
OG0004344	OX359248.1	34445619	34446483
OG0004345	OX359248.1	36489222	36624248
OG0004346	OX359248.1	37013879	37015455
OG0004347	OX359248.1	46589382	46592449
OG0004348	OX359248.1	46770100	46843120
OG0004349	OX359248.1	47031990	47065222
OG0004350	OX359248.1	48315910	48323900
OG0004351	OX359248.1	50464363	50465832
OG0004406	OX359249.1	33472990	33475919
OG0004408	OX359247.1	12284973	12285947
OG0004414	OX359246.1	26935544	26937112
OG0004418	OX359248.1	22063987	22066259
OG0004420	OX359248.1	45916269	45929571
OG0004423	OX359246.1	55336314	55337130
OG0004428	OX359250.1	25899727	25901816
OG0004430	OX359249.1	45230583	45232439
OG0004431	OX359247.1	13944449	13950183
OG0004437	OX359250.1	31980730	31982498
OG0004438	OX359247.1	35571509	35573349
OG0004439	OX359248.1	18126248	18128384
OG0004442	OX359248.1	32486295	32488113
OG0004443	OX359250.1	6440851	6446665
OG0004445	OX359246.1	1488652	1497714
OG0004447	OX359247.1	45810657	45811882
OG0004448	OX359250.1	35919445	35920023
OG0004451	OX359249.1	52877361	52888170
OG0004454	OX359247.1	18798261	18806092
OG0004455	OX359250.1	6291461	6404904
OG0004456	OX359246.1	20408712	20409717
OG0004458	OX359250.1	44338162	44347443
OG0004459	OX359248.1	7984670	7986391
OG0004461	OX359246.1	69463087	69464948
OG0004463	OX359249.1	8078977	8081752
OG0004466	OX359247.1	50407609	50447497
OG0004467	OX359248.1	27437964	27444769
OG0004468	OX359249.1	21046380	21050923
OG0004470	OX359245.1	53899438	53911033
OG0004471	OX359246.1	40875139	40877348
OG0004475	OX359250.1	10306823	10318095
OG0004479	OX359248.1	19396312	19400226
OG0004481	OX359249.1	52175734	52183475
OG0004486	OX359247.1	4529857	4531978
OG0004488	OX359247.1	45538054	45545337
OG0004491	OX359249.1	9399530	9434746
OG0004492	OX359250.1	22307383	22321252
OG0004493	OX359249.1	21855553	21923759
OG0004494	OX359247.1	9659273	9785532
OG0004495	OX359247.1	14387850	14437722
OG0004500	OX359247.1	16991434	16994638
OG0004502	OX359248.1	12315965	12319008
OG0004504	OX359250.1	7486318	7487415
OG0004508	OX359249.1	29835063	29838219
OG0004509	OX359249.1	48521625	48558264
OG0004510	OX359249.1	13350029	13358457
OG0004511	OX359250.1	44313472	44323163
OG0004513	OX359249.1	16955738	16957928
OG0004514	OX359249.1	36016168	36077994
OG0004515	OX359249.1	36964442	36968048
OG0004516	OX359249.1	51990548	52017722
OG0004517	OX359246.1	55740462	55775750
OG0004518	OX359250.1	28657392	28660489
OG0004519	OX359248.1	35334784	35370398
OG0004520	OX359249.1	8433623	8434933
OG0004521	OX359249.1	9046462	9048056
OG0004522	OX359249.1	13524786	13528299
OG0004523	OX359250.1	26724068	26728712
OG0004524	OX359250.1	36971533	37023225
OG0004525	OX359250.1	39967266	39971925
OG0004526	OX359247.1	34722290	34725411
OG0004527	OX359247.1	36075114	36079134
OG0004528	OX359247.1	62589937	62594763
OG0004529	OX359248.1	30738145	30793110
OG0004534	OX359245.1	18599679	18619343
OG0004535	OX359245.1	18719312	18721251
OG0004536	OX359245.1	18995734	18997568
OG0004537	OX359245.1	20218772	20220916
OG0004538	OX359245.1	26164987	26174560
OG0004539	OX359245.1	26489697	26490481
OG0004541	OX359245.1	43959790	44012475
OG0004543	OX359245.1	71145441	71149088
OG0004545	OX359249.1	1828084	1830162
OG0004546	OX359249.1	3531482	3533644
OG0004548	OX359249.1	5467709	5478625
OG0004550	OX359249.1	7540995	7563014
OG0004551	OX359249.1	11349883	11357203
OG0004552	OX359249.1	12082235	12083933
OG0004553	OX359249.1	12848283	12859597
OG0004554	OX359249.1	13340953	13343086
OG0004555	OX359249.1	13441378	13443797
OG0004556	OX359249.1	16055683	16057137
OG0004557	OX359249.1	16440720	16444091
OG0004558	OX359249.1	17171626	17173096
OG0004559	OX359249.1	19436532	19441102
OG0004560	OX359249.1	19525572	19534510
OG0004561	OX359249.1	20528288	20603247
OG0004562	OX359249.1	22739650	22740316
OG0004563	OX359249.1	23654041	23663078
OG0004564	OX359249.1	24178576	24189984
OG0004565	OX359249.1	25775500	25776790
OG0004566	OX359249.1	25893347	25896241
OG0004567	OX359249.1	27596268	27602190
OG0004568	OX359249.1	28131485	28138393
OG0004569	OX359249.1	29263938	29266309
OG0004570	OX359249.1	32001167	32009652
OG0004571	OX359249.1	34108986	34112557
OG0004572	OX359249.1	34503474	34505507
OG0004573	OX359249.1	36834656	36841150
OG0004574	OX359249.1	38299325	38302307
OG0004575	OX359249.1	39763942	39808003
OG0004576	OX359249.1	45256588	45261492
OG0004577	OX359249.1	46411698	46415746
OG0004579	OX359246.1	7431199	7432335
OG0004580	OX359246.1	15432716	15442732
OG0004583	OX359246.1	30697521	30747549
OG0004586	OX359246.1	34360825	34362430
OG0004587	OX359246.1	37280247	37290782
OG0004589	OX359246.1	39682733	39716493
OG0004591	OX359246.1	44101112	44105437
OG0004593	OX359246.1	48043856	48045656
OG0004594	OX359246.1	48517417	48518661
OG0004595	OX359246.1	59512351	59515554
OG0004596	OX359246.1	63089879	63090492
OG0004599	OX359250.1	4941731	4944386
OG0004600	OX359250.1	5659099	5661915
OG0004601	OX359250.1	5839352	5842708
OG0004602	OX359250.1	9691540	9703417
OG0004603	OX359250.1	10452040	10453482
OG0004604	OX359250.1	11729846	11784513
OG0004605	OX359250.1	11925188	11927417
OG0004606	OX359250.1	12262253	12308621
OG0004607	OX359250.1	15631458	15636022
OG0004608	OX359250.1	17969638	17977094
OG0004609	OX359250.1	25795378	25799729
OG0004610	OX359250.1	25950287	25955780
OG0004611	OX359250.1	28778929	28780677
OG0004613	OX359250.1	29277389	29288776
OG0004614	OX359250.1	30754828	30761349
OG0004615	OX359250.1	31873489	31874707
OG0004616	OX359250.1	35351241	35352257
OG0004617	OX359250.1	35666048	35667986
OG0004619	OX359250.1	36541982	36547756
OG0004620	OX359250.1	36871415	36950662
OG0004621	OX359250.1	38956357	38958558
OG0004623	OX359250.1	40319201	40323031
OG0004626	OX359250.1	46365487	46366147
OG0004629	OX359247.1	4702304	4805920
OG0004630	OX359247.1	7589828	7643106
OG0004631	OX359247.1	11104910	11107061
OG0004632	OX359247.1	13989371	14005263
OG0004634	OX359247.1	18779431	18785295
OG0004635	OX359247.1	20653721	20658597
OG0004636	OX359247.1	21401574	21403361
OG0004637	OX359247.1	21452928	21456041
OG0004638	OX359247.1	21830801	21832119
OG0004639	OX359247.1	34016277	34019510
OG0004640	OX359247.1	36167085	36167696
OG0004641	OX359247.1	44760324	44765790
OG0004642	OX359247.1	50917735	50919654
OG0004643	OX359247.1	56083964	56085233
OG0004645	OX359248.1	4697106	4698547
OG0004646	OX359248.1	4722310	4723598
OG0004647	OX359248.1	4784780	4803618
OG0004648	OX359248.1	13448576	13451004
OG0004649	OX359248.1	15871610	15881428
OG0004650	OX359248.1	18723467	18745096
OG0004651	OX359248.1	20170331	20195168
OG0004652	OX359248.1	25761410	25764662
OG0004653	OX359248.1	29548655	29553862
OG0004654	OX359248.1	29926776	29936625
OG0004655	OX359248.1	32277913	32286028
OG0004656	OX359248.1	33076982	33081019
OG0004657	OX359248.1	34868068	34869850
OG0004658	OX359248.1	35284548	35290144
OG0004659	OX359248.1	39514081	39518439
OG0004710	OX359246.1	48268748	48269080
OG0004713	OX359246.1	4419344	4420199
OG0004716	OX359248.1	25913317	25913983
OG0004719	OX359250.1	41300744	41304955
OG0004722	OX359246.1	55486020	55506390
OG0004727	OX359248.1	38915480	38943467
OG0004729	OX359246.1	38846031	38867547
OG0004731	OX359246.1	55998292	55999174
OG0004733	OX359248.1	14215844	14222902
OG0004738	OX359249.1	22149360	22150972
OG0004740	OX359247.1	37743207	37747715
OG0004742	OX359248.1	28977012	28985551
OG0004745	OX359247.1	48357338	48357988
OG0004748	OX359245.1	13026723	13030016
OG0004749	OX359249.1	43142981	43151867
OG0004753	OX359246.1	53255339	53256239
OG0004754	OX359250.1	6072405	6104634
OG0004757	OX359250.1	28350866	28352317
OG0004758	OX359249.1	52521734	52617455
OG0004759	OX359246.1	57102793	57103846
OG0004763	OX359248.1	25620741	25622291
OG0004764	OX359248.1	43058510	43059808
OG0004765	OX359248.1	54534477	54541419
OG0004767	OX359249.1	13209072	13209839
OG0004769	OX359250.1	28672464	28674621
OG0004771	OX359247.1	48729816	48764265
OG0004772	OX359245.1	21317017	21322762
OG0004773	OX359249.1	37631401	37633121
OG0004774	OX359248.1	15384488	15398119
OG0004778	OX359249.1	47565304	47566264
OG0004779	OX359246.1	55566466	55575766
OG0004780	OX359246.1	23912352	23916866
OG0004782	OX359247.1	39803421	39811131
OG0004783	OX359248.1	56042744	56045907
OG0004784	OX359249.1	46078599	46095895
OG0004785	OX359247.1	16402081	16405358
OG0004788	OX359247.1	28167306	28168864
OG0004789	OX359249.1	29486195	29488999
OG0004791	OX359248.1	3441826	3444146
OG0004792	OX359247.1	51204923	51207288
OG0004794	OX359248.1	22372854	22451117
OG0004797	OX359247.1	31208297	31216122
OG0004800	OX359249.1	39549935	39553083
OG0004803	OX359249.1	21430028	21431832
OG0004804	OX359248.1	7545301	7547065
OG0004805	OX359250.1	19209771	19213397
OG0004806	OX359248.1	15425814	15431161
OG0004807	OX359249.1	16804643	16812748
OG0004808	OX359247.1	34596954	34605753
OG0004809	OX359248.1	12296943	12299066
OG0004811	OX359245.1	72570378	72585941
OG0004812	OX359246.1	25988001	25990582
OG0004813	OX359247.1	32312482	32314459
OG0004814	OX359247.1	12962780	12966920
OG0004816	OX359250.1	38907288	38910075
OG0004818	OX359249.1	9341041	9353136
OG0004821	OX359247.1	54075478	54116006
OG0004823	OX359250.1	25087552	25097743
OG0004824	OX359247.1	35869813	35948797
OG0004825	OX359250.1	4325934	4353010
OG0004826	OX359248.1	12144458	12183819
OG0004828	OX359246.1	43006982	43009340
OG0004829	OX359247.1	48993152	48994296
OG0004830	OX359249.1	15390708	15405601
OG0004831	OX359250.1	15037205	15042616
OG0004832	OX359247.1	19574632	19621862
OG0004833	OX359248.1	45435134	45439389
OG0004835	OX359249.1	26558556	26561017
OG0004836	OX359249.1	33006708	33013565
OG0004837	OX359246.1	8751819	8753156
OG0004838	OX359246.1	45598728	45604303
OG0004839	OX359246.1	57844451	57851123
OG0004840	OX359246.1	61479512	61480511
OG0004841	OX359250.1	3974406	3982610
OG0004842	OX359250.1	31950188	31951866
OG0004843	OX359250.1	41241745	41247087
OG0004844	OX359250.1	42423563	42426911
OG0004845	OX359247.1	2844870	2851625
OG0004846	OX359247.1	24132688	24145042
OG0004847	OX359247.1	32974010	32976656
OG0004848	OX359247.1	50229655	50231078
OG0004850	OX359245.1	13465525	13471089
OG0004853	OX359245.1	19426391	19429197
OG0004854	OX359245.1	19794649	19801255
OG0004855	OX359245.1	19889929	19892976
OG0004856	OX359245.1	20090792	20092780
OG0004858	OX359245.1	24005362	24010357
OG0004860	OX359245.1	25836269	25857101
OG0004862	OX359245.1	26508073	26508965
OG0004867	OX359245.1	44569399	44576418
OG0004868	OX359245.1	50777087	50782093
OG0004869	OX359245.1	53115249	53118553
OG0004873	OX359245.1	76115395	76117935
OG0004874	OX359245.1	78735468	78741638
OG0004875	OX359249.1	1202135	1205365
OG0004876	OX359249.1	1802796	1804526
OG0004877	OX359249.1	5237724	5246485
OG0004878	OX359249.1	7426410	7438927
OG0004879	OX359249.1	7950590	7954934
OG0004880	OX359249.1	11040219	11045484
OG0004881	OX359249.1	13388712	13394020
OG0004882	OX359249.1	13449864	13452702
OG0004883	OX359249.1	13696644	13701538
OG0004884	OX359249.1	14928802	14933531
OG0004885	OX359249.1	15118497	15134298
OG0004886	OX359249.1	18400040	18404339
OG0004888	OX359249.1	19060580	19062196
OG0004889	OX359249.1	19570933	19587878
OG0004890	OX359249.1	19748649	19750469
OG0004891	OX359249.1	19895046	19901004
OG0004892	OX359249.1	20321321	20325328
OG0004893	OX359249.1	21360045	21363733
OG0004894	OX359249.1	23055797	23060372
OG0004895	OX359249.1	23063978	23071980
OG0004896	OX359249.1	23446310	23450417
OG0004897	OX359249.1	23482576	23484638
OG0004898	OX359249.1	23581419	23583811
OG0004899	OX359249.1	24008777	24014965
OG0004900	OX359249.1	24538174	24541607
OG0004902	OX359249.1	25904354	25911268
OG0004903	OX359249.1	29561147	29562652
OG0004904	OX359249.1	33404955	33409057
OG0004906	OX359249.1	33913125	33936282
OG0004907	OX359249.1	34300252	34304956
OG0004909	OX359249.1	37683752	37684597
OG0004910	OX359249.1	38355370	38357324
OG0004913	OX359249.1	41324398	41329168
OG0004914	OX359249.1	43624835	43630699
OG0004915	OX359249.1	43688803	43699187
OG0004916	OX359249.1	46236898	46257061
OG0004917	OX359249.1	46569525	46570691
OG0004918	OX359249.1	46747578	46751638
OG0004920	OX359249.1	49121025	49123225
OG0004921	OX359246.1	2195964	2205456
OG0004922	OX359246.1	7726124	7729135
OG0004923	OX359246.1	7738064	7740132
OG0004924	OX359246.1	12745046	12749288
OG0004925	OX359246.1	13854650	13856834
OG0004926	OX359246.1	16382923	16384406
OG0004928	OX359246.1	26501389	26503718
OG0004930	OX359246.1	32892689	32893770
OG0004932	OX359246.1	39445107	39481381
OG0004935	OX359246.1	45151074	45154906
OG0004936	OX359246.1	54833495	54836147
OG0004940	OX359250.1	4173040	4182765
OG0004941	OX359250.1	5007286	5017083
OG0004942	OX359250.1	5223915	5227182
OG0004943	OX359250.1	7063870	7064612
OG0004946	OX359250.1	18166440	18168432
OG0004947	OX359250.1	19251958	19253297
OG0004948	OX359250.1	22443405	22454951
OG0004950	OX359250.1	27087648	27108523
OG0004951	OX359250.1	27429256	27450101
OG0004952	OX359250.1	28365789	28370608
OG0004953	OX359250.1	29521235	29528983
OG0004954	OX359250.1	30728386	30730218
OG0004955	OX359250.1	31247858	31275864
OG0004957	OX359250.1	35693286	35694837
OG0004958	OX359250.1	36790534	36791020
OG0004959	OX359250.1	37046483	37049542
OG0004960	OX359250.1	38338485	38351568
OG0004961	OX359250.1	42592158	42596282
OG0004962	OX359250.1	44456988	44485583
OG0004963	OX359250.1	44507882	44517734
OG0004964	OX359247.1	1485267	1488154
OG0004965	OX359247.1	2882726	2924783
OG0004966	OX359247.1	4085057	4144797
OG0004967	OX359247.1	4486752	4489917
OG0004968	OX359247.1	5199438	5199698
OG0004969	OX359247.1	5372327	5440321
OG0004970	OX359247.1	10044040	10045652
OG0004971	OX359247.1	10278686	10282910
OG0004972	OX359247.1	10611872	10655830
OG0004973	OX359247.1	10658501	10665672
OG0004974	OX359247.1	12190509	12196682
OG0004975	OX359247.1	12896374	12898595
OG0004976	OX359247.1	13652416	13655441
OG0004977	OX359247.1	14228967	14234518
OG0004978	OX359247.1	16325781	16332276
OG0004979	OX359247.1	17712532	17722505
OG0004981	OX359247.1	20891806	20895791
OG0004982	OX359247.1	23845409	23847719
OG0004984	OX359247.1	31731298	31743636
OG0004985	OX359247.1	31754832	31798360
OG0004986	OX359247.1	32861010	32864474
OG0004988	OX359247.1	34523205	34526054
OG0004989	OX359247.1	34526773	34527641
OG0004990	OX359247.1	34848507	34850970
OG0004991	OX359247.1	42480198	42489289
OG0004992	OX359247.1	44376952	44379250
OG0004993	OX359247.1	45195738	45197271
OG0004994	OX359247.1	47346068	47349789
OG0004995	OX359247.1	47654904	47680936
OG0004996	OX359247.1	48348111	48349935
OG0004997	OX359247.1	49170517	49178036
OG0004998	OX359247.1	55601202	55603357
OG0005001	OX359247.1	58762082	58766359
OG0005002	OX359247.1	64757121	64760024
OG0005003	OX359248.1	5111525	5116685
OG0005004	OX359248.1	8315354	8318933
OG0005005	OX359248.1	10817825	10821631
OG0005006	OX359248.1	13950947	13953415
OG0005007	OX359248.1	15712034	15714127
OG0005008	OX359248.1	17204985	17220794
OG0005009	OX359248.1	19258043	19274539
OG0005010	OX359248.1	19668382	19671552
OG0005011	OX359248.1	20055031	20055903
OG0005012	OX359248.1	20279947	20349914
OG0005013	OX359248.1	21648286	21651893
OG0005014	OX359248.1	24881756	24883516
OG0005015	OX359248.1	26177341	26178683
OG0005016	OX359248.1	26636429	26638045
OG0005017	OX359248.1	28380397	28397725
OG0005018	OX359248.1	28421911	28438733
OG0005019	OX359248.1	29940020	29946903
OG0005020	OX359248.1	30125671	30162300
OG0005021	OX359248.1	32430364	32433993
OG0005022	OX359248.1	33985207	33990403
OG0005023	OX359248.1	34874007	34874831
OG0005024	OX359248.1	34954878	34957142
OG0005025	OX359248.1	37400613	37401008
OG0005026	OX359248.1	37607241	37610923
OG0005027	OX359248.1	37678911	37683379
OG0005028	OX359248.1	38236704	38242732
OG0005030	OX359248.1	46973622	46976088
OG0005031	OX359248.1	51106514	51113780
OG0005032	OX359248.1	51240555	51242518
OG0005033	OX359248.1	53765676	53774994
OG0005034	OX359248.1	54470072	54473945
OG0005081	OX359247.1	60268189	60271181
OG0005082	OX359247.1	28030545	28037607
OG0005085	OX359247.1	35526252	35531717
OG0005089	OX359245.1	26628986	26629581
OG0005090	OX359246.1	56693188	56695148
OG0005091	OX359247.1	32936435	32937125
OG0005092	OX359248.1	33678049	33679651
OG0005093	OX359248.1	1117850	1146330
OG0005100	OX359248.1	4016538	4106274
OG0005102	OX359245.1	20095434	20106168
OG0005103	OX359247.1	46271391	46275544
OG0005104	OX359247.1	7910648	7914128
OG0005105	OX359246.1	34690077	34692083
OG0005108	OX359247.1	36856721	36859291
OG0005110	OX359245.1	30385494	30389926
OG0005111	OX359248.1	47849236	47853889
OG0005112	OX359249.1	21983255	22033398
OG0005113	OX359245.1	16167281	16168543
OG0005114	OX359248.1	12362219	12369782
OG0005116	OX359248.1	172688	178008
OG0005117	OX359250.1	34122941	34131781
OG0005118	OX359249.1	13004488	13023835
OG0005119	OX359248.1	32929673	32931246
OG0005120	OX359249.1	33419947	33422939
OG0005122	OX359249.1	10476853	10492739
OG0005123	OX359249.1	36428689	36441776
OG0005124	OX359246.1	75444729	75453060
OG0005125	OX359245.1	51030648	51036762
OG0005126	OX359247.1	40698581	40700854
OG0005127	OX359245.1	4866822	4867627
OG0005129	OX359250.1	33346430	33348530
OG0005130	OX359245.1	19782382	19784902
OG0005131	OX359246.1	6754231	6758390
OG0005132	OX359248.1	47693601	47725804
OG0005133	OX359248.1	47756966	47766750
OG0005136	OX359247.1	38020249	38021445
OG0005138	OX359250.1	44625430	44628725
OG0005139	OX359246.1	47217769	47219407
OG0005141	OX359249.1	26692725	26696342
OG0005143	OX359246.1	47814037	47825137
OG0005144	OX359245.1	20977829	20980036
OG0005145	OX359247.1	18198049	18256074
OG0005147	OX359248.1	51117633	51119406
OG0005149	OX359249.1	36156340	36157462
OG0005151	OX359247.1	8398971	8399746
OG0005155	OX359248.1	50564529	50567186
OG0005156	OX359248.1	45190532	45195559
OG0005157	OX359249.1	24465985	24519722
OG0005159	OX359248.1	53405412	53409437
OG0005160	OX359250.1	24999645	25022766
OG0005162	OX359246.1	22418212	22418515
OG0005163	OX359250.1	7565119	7568588
OG0005164	OX359248.1	32596609	32599075
OG0005165	OX359245.1	20028135	20037497
OG0005167	OX359247.1	37485390	37488528
OG0005168	OX359249.1	25468066	25470774
OG0005169	OX359245.1	20286568	20287197
OG0005170	OX359249.1	13110461	13144078
OG0005171	OX359248.1	5918093	5920715
OG0005173	OX359245.1	15203611	15208460
OG0005178	OX359250.1	28839792	28840986
OG0005179	OX359247.1	48941224	48946476
OG0005181	OX359250.1	15642378	15643450
OG0005185	OX359247.1	4614347	4615055
OG0005189	OX359248.1	19631555	19634830
OG0005190	OX359247.1	55541522	55548606
OG0005193	OX359249.1	34097375	34101921
OG0005196	OX359247.1	21985414	21987069
OG0005198	OX359246.1	56494229	56497118
OG0005199	OX359249.1	13069580	13076317
OG0005200	OX359246.1	37822448	37825795
OG0005201	OX359247.1	51936174	51942056
OG0005203	OX359249.1	18911261	18930639
OG0005204	OX359249.1	29928778	29931540
OG0005205	OX359249.1	34086161	34087506
OG0005206	OX359250.1	36595238	36601280
OG0005208	OX359248.1	35525058	35529414
OG0005210	OX359245.1	23621484	23625534
OG0005211	OX359249.1	18613457	18617234
OG0005212	OX359249.1	35985286	36000203
OG0005213	OX359250.1	10912833	10916734
OG0005214	OX359247.1	7936605	8066318
OG0005215	OX359248.1	27757383	27762272
OG0005217	OX359245.1	4941354	4946342
OG0005218	OX359245.1	18577538	18580419
OG0005220	OX359245.1	19758950	19761425
OG0005221	OX359245.1	19790440	19794041
OG0005222	OX359245.1	30118157	30126663
OG0005223	OX359245.1	35038432	35050660
OG0005225	OX359245.1	39680529	39683355
OG0005226	OX359245.1	40727190	40732086
OG0005227	OX359245.1	44526110	44528123
OG0005230	OX359249.1	761603	764907
OG0005231	OX359249.1	3371904	3380388
OG0005232	OX359249.1	3799927	3801655
OG0005233	OX359249.1	4243130	4246324
OG0005234	OX359249.1	4318289	4331702
OG0005236	OX359249.1	6319376	6320327
OG0005237	OX359249.1	6937399	6944774
OG0005238	OX359249.1	7923837	7943668
OG0005239	OX359249.1	9035770	9043724
OG0005240	OX359249.1	9559729	9566740
OG0005241	OX359249.1	9786489	9807071
OG0005242	OX359249.1	11175197	11177487
OG0005243	OX359249.1	13165238	13171674
OG0005244	OX359249.1	13636802	13637249
OG0005245	OX359249.1	17112735	17114878
OG0005246	OX359249.1	17145880	17149278
OG0005247	OX359249.1	18316658	18319107
OG0005248	OX359249.1	18696786	18700014
OG0005249	OX359249.1	19154578	19176124
OG0005250	OX359249.1	19485667	19496512
OG0005251	OX359249.1	21129251	21137267
OG0005252	OX359249.1	21494301	21497825
OG0005253	OX359249.1	21755769	21757243
OG0005255	OX359249.1	23450702	23451367
OG0005256	OX359249.1	24714321	24716133
OG0005257	OX359249.1	25058652	25073212
OG0005258	OX359249.1	26647722	26652675
OG0005259	OX359249.1	28100340	28101764
OG0005260	OX359249.1	28140556	28142407
OG0005261	OX359249.1	28238011	28239095
OG0005262	OX359249.1	28928185	28929285
OG0005263	OX359249.1	29533227	29538042
OG0005264	OX359249.1	29655724	29665714
OG0005265	OX359249.1	29698581	29713290
OG0005266	OX359249.1	29791423	29795673
OG0005267	OX359249.1	29878467	29881256
OG0005268	OX359249.1	31096884	31105751
OG0005270	OX359249.1	31772106	31778217
OG0005271	OX359249.1	32408116	32432882
OG0005272	OX359249.1	32551902	32554323
OG0005273	OX359249.1	33035655	33045136
OG0005275	OX359249.1	35615262	35619150
OG0005276	OX359249.1	35694777	35717957
OG0005278	OX359249.1	36892184	36905238
OG0005279	OX359249.1	38610629	38613199
OG0005280	OX359249.1	38756975	38762326
OG0005281	OX359249.1	39237205	39238104
OG0005282	OX359249.1	39648788	39652238
OG0005283	OX359249.1	40218844	40220478
OG0005284	OX359249.1	41224265	41226750
OG0005285	OX359249.1	41732071	41737669
OG0005286	OX359249.1	42602024	42613475
OG0005287	OX359249.1	45112941	45154433
OG0005288	OX359249.1	47124135	47128694
OG0005289	OX359249.1	47376181	47381109
OG0005290	OX359249.1	47617475	47649717
OG0005291	OX359249.1	48293856	48320099
OG0005292	OX359249.1	49557195	49559300
OG0005293	OX359249.1	49562297	49564369
OG0005294	OX359249.1	50940804	50947450
OG0005295	OX359249.1	53283696	53332241
OG0005296	OX359246.1	2172168	2185932
OG0005298	OX359246.1	12377431	12379756
OG0005301	OX359246.1	34347496	34348630
OG0005303	OX359246.1	43160792	43165755
OG0005305	OX359246.1	48601934	48628223
OG0005307	OX359246.1	57013381	57014606
OG0005308	OX359246.1	62338198	62352700
OG0005310	OX359246.1	68255654	68259917
OG0005312	OX359250.1	1381383	1394114
OG0005313	OX359250.1	4616221	4620349
OG0005314	OX359250.1	6209114	6211930
OG0005316	OX359250.1	10728682	10732158
OG0005317	OX359250.1	10738675	10740415
OG0005318	OX359250.1	13366608	13371843
OG0005319	OX359250.1	13639868	13641187
OG0005321	OX359250.1	15034309	15036369
OG0005322	OX359250.1	15998107	16005134
OG0005323	OX359250.1	19268449	19271289
OG0005324	OX359250.1	20180104	20181493
OG0005325	OX359250.1	22789380	22794010
OG0005326	OX359250.1	26037329	26044755
OG0005327	OX359250.1	28799162	28801954
OG0005328	OX359250.1	29563646	29569763
OG0005329	OX359250.1	34731951	34735164
OG0005330	OX359250.1	36566212	36568587
OG0005331	OX359250.1	37936977	37938521
OG0005332	OX359250.1	38992710	38993139
OG0005334	OX359250.1	42020043	42028741
OG0005335	OX359250.1	42360142	42371659
OG0005336	OX359250.1	44447376	44449297
OG0005337	OX359250.1	44978570	44984120
OG0005338	OX359247.1	876998	878117
OG0005340	OX359247.1	3013046	3016876
OG0005341	OX359247.1	3258750	3259827
OG0005342	OX359247.1	5354400	5361478
OG0005343	OX359247.1	7915248	7916470
OG0005344	OX359247.1	8184692	8186316
OG0005345	OX359247.1	11256170	11315703
OG0005346	OX359247.1	13661626	13664349
OG0005347	OX359247.1	14342441	14346084
OG0005348	OX359247.1	14634002	14657210
OG0005349	OX359247.1	15519683	15521629
OG0005351	OX359247.1	19551545	19556699
OG0005352	OX359247.1	24366735	24367216
OG0005353	OX359247.1	28312479	28350672
OG0005354	OX359247.1	28372228	28373244
OG0005355	OX359247.1	31132568	31135298
OG0005356	OX359247.1	34096056	34110890
OG0005359	OX359247.1	37078603	37081766
OG0005360	OX359247.1	38042855	38059479
OG0005361	OX359247.1	42382639	42387818
OG0005362	OX359247.1	43345709	43348746
OG0005363	OX359247.1	46694349	46697051
OG0005364	OX359247.1	47359840	47363888
OG0005365	OX359247.1	50225916	50228499
OG0005366	OX359247.1	50797425	50798494
OG0005367	OX359247.1	53269648	53271168
OG0005368	OX359247.1	56465687	56474720
OG0005369	OX359247.1	61576048	61578802
OG0005370	OX359247.1	64720496	64731491
OG0005371	OX359247.1	65005064	65006794
OG0005372	OX359247.1	65969077	65970837
OG0005373	OX359248.1	2265513	2272941
OG0005374	OX359248.1	3700691	3705874
OG0005375	OX359248.1	4725828	4733198
OG0005376	OX359248.1	4901779	4904318
OG0005377	OX359248.1	10861199	10886164
OG0005379	OX359248.1	12639310	12640591
OG0005381	OX359248.1	12669741	12674823
OG0005382	OX359248.1	13553428	13555284
OG0005383	OX359248.1	13949589	13951035
OG0005384	OX359248.1	17180874	17181868
OG0005385	OX359248.1	17810278	17815861
OG0005386	OX359248.1	19280485	19284252
OG0005387	OX359248.1	19722054	19723875
OG0005388	OX359248.1	21241653	21248653
OG0005389	OX359248.1	22120359	22124885
OG0005390	OX359248.1	23099160	23100909
OG0005391	OX359248.1	28022209	28023862
OG0005392	OX359248.1	28481631	28485013
OG0005393	OX359248.1	29271951	29274177
OG0005394	OX359248.1	29452767	29454939
OG0005395	OX359248.1	30092616	30101027
OG0005396	OX359248.1	32424007	32427003
OG0005397	OX359248.1	34846162	34848784
OG0005398	OX359248.1	35172980	35173789
OG0005399	OX359248.1	36119941	36126795
OG0005400	OX359248.1	38230814	38232456
OG0005401	OX359248.1	40571687	40574053
OG0005402	OX359248.1	40574613	40576265
OG0005403	OX359248.1	42677725	42679138
OG0005404	OX359248.1	47198756	47206291
OG0005405	OX359248.1	48543387	48544157
OG0005406	OX359248.1	57020529	57024499
OG0005476	OX359247.1	21357585	21360608
OG0005478	OX359250.1	39992634	39993768
OG0005481	OX359247.1	12048637	12049569
OG0005492	OX359246.1	244216	246908
OG0005493	OX359247.1	4816310	4817481
OG0005494	OX359245.1	25371137	25373009
OG0005495	OX359248.1	1059573	1110930
OG0005497	OX359248.1	33359480	33361488
OG0005499	OX359250.1	40221320	40239775
OG0005501	OX359247.1	19800628	19823391
OG0005502	OX359248.1	7735842	7740032
OG0005505	OX359246.1	41011492	41014536
OG0005506	OX359250.1	29138067	29141135
OG0005509	OX359246.1	41172622	41175222
OG0005511	OX359250.1	12837984	12842131
OG0005513	OX359247.1	18712892	18717514
OG0005515	OX359247.1	24633508	24634545
OG0005519	OX359250.1	10910943	10912182
OG0005521	OX359248.1	55411422	55419558
OG0005525	OX359248.1	31316220	31319683
OG0005526	OX359250.1	29463965	29466593
OG0005528	OX359248.1	21625168	21628503
OG0005530	OX359248.1	25731781	25736586
OG0005531	OX359248.1	27053135	27054986
OG0005533	OX359246.1	49306367	49321070
OG0005534	OX359249.1	39273201	39377776
OG0005535	OX359250.1	26088931	26090325
OG0005538	OX359248.1	2839030	2840210
OG0005541	OX359248.1	38342879	38345738
OG0005544	OX359247.1	21293701	21298706
OG0005546	OX359247.1	51761682	51763219
OG0005547	OX359248.1	23345195	23350065
OG0005548	OX359248.1	29791368	29792836
OG0005551	OX359248.1	9131386	9143704
OG0005552	OX359248.1	23743746	23747770
OG0005554	OX359246.1	36083936	36086511
OG0005556	OX359248.1	155405	161226
OG0005557	OX359245.1	38122940	38131512
OG0005558	OX359248.1	29455347	29458154
OG0005561	OX359249.1	23809398	23831545
OG0005563	OX359245.1	56878950	56882123
OG0005566	OX359246.1	33286776	33290647
OG0005567	OX359245.1	16168735	16170215
OG0005568	OX359245.1	20433986	20434967
OG0005570	OX359250.1	41178154	41184041
OG0005571	OX359245.1	18171758	18173239
OG0005572	OX359249.1	3821943	3830496
OG0005573	OX359249.1	24849010	24850575
OG0005574	OX359248.1	19285805	19288025
OG0005575	OX359250.1	25890120	25898710
OG0005576	OX359248.1	23155025	23158440
OG0005577	OX359249.1	4851179	4919729
OG0005578	OX359248.1	25092307	25093777
OG0005579	OX359249.1	11361723	11377068
OG0005580	OX359248.1	14553882	14555941
OG0005583	OX359247.1	29760015	29764343
OG0005584	OX359248.1	21475399	21477284
OG0005585	OX359249.1	30785158	30788750
OG0005587	OX359250.1	41830878	41833848
OG0005589	OX359248.1	35175065	35175744
OG0005591	OX359246.1	9903962	9909910
OG0005592	OX359249.1	23725618	23741169
OG0005594	OX359250.1	21442302	21444233
OG0005595	OX359250.1	31412177	31413774
OG0005597	OX359250.1	21346141	21355806
OG0005598	OX359248.1	34765669	34768879
OG0005599	OX359249.1	17097912	17108079
OG0005600	OX359247.1	60239895	60241119
OG0005601	OX359249.1	22876064	22877942
OG0005602	OX359249.1	27810728	27819286
OG0005603	OX359247.1	31913190	31914840
OG0005604	OX359250.1	35702362	35707046
OG0005605	OX359248.1	13954843	13963993
OG0005606	OX359247.1	49566664	49569991
OG0005607	OX359249.1	12218735	12222912
OG0005608	OX359246.1	56056016	56059574
OG0005609	OX359249.1	49245297	49251836
OG0005610	OX359248.1	7598341	7609084
OG0005611	OX359247.1	51766709	51768627
OG0005612	OX359245.1	12172468	12173964
OG0005613	OX359249.1	13575622	13580893
OG0005614	OX359250.1	5090838	5121597
OG0005615	OX359247.1	14611472	14614540
OG0005618	OX359247.1	8678144	8682968
OG0005620	OX359249.1	47411697	47420992
OG0005623	OX359247.1	13163074	13188683
OG0005624	OX359247.1	43409695	43417039
OG0005625	OX359247.1	27511989	27520385
OG0005626	OX359249.1	45680265	45702244
OG0005628	OX359250.1	41233606	41237698
OG0005629	OX359248.1	37001779	37002832
OG0005630	OX359247.1	38659120	38664729
OG0005631	OX359249.1	13985872	14007865
OG0005632	OX359249.1	17726191	17731801
OG0005633	OX359249.1	44605905	44635413
OG0005635	OX359245.1	26564761	26565131
OG0005636	OX359246.1	26246877	26249666
OG0005637	OX359245.1	21370976	21372557
OG0005638	OX359249.1	41781263	41783688
OG0005640	OX359245.1	20221618	20223657
OG0005641	OX359246.1	49651627	49653236
OG0005642	OX359250.1	10490131	10606781
OG0005644	OX359247.1	27282111	27358149
OG0005646	OX359248.1	23854597	23868388
OG0005647	OX359247.1	59309981	59317801
OG0005648	OX359249.1	7975957	7988998
OG0005650	OX359249.1	34406097	34408828
OG0005651	OX359247.1	53178981	53180886
OG0005652	OX359249.1	9231864	9243910
OG0005653	OX359249.1	25620376	25627274
OG0005654	OX359250.1	5001682	5005615
OG0005655	OX359250.1	33055674	33061643
OG0005656	OX359250.1	41310164	41312723
OG0005657	OX359250.1	43816913	43872781
OG0005658	OX359247.1	18646156	18647916
OG0005659	OX359247.1	24325057	24327183
OG0005661	OX359245.1	3111180	3113978
OG0005662	OX359245.1	4871409	4872377
OG0005665	OX359245.1	25486797	25496052
OG0005666	OX359245.1	27808386	27811268
OG0005671	OX359245.1	35446405	35447282
OG0005673	OX359245.1	38087245	38091462
OG0005675	OX359245.1	38235109	38240574
OG0005677	OX359245.1	42883999	42899168
OG0005678	OX359245.1	44513472	44517372
OG0005679	OX359245.1	50956957	50960051
OG0005680	OX359245.1	53162956	53195249
OG0005681	OX359245.1	75180168	75182641
OG0005685	OX359249.1	4836421	4840421
OG0005686	OX359249.1	5442507	5444360
OG0005688	OX359249.1	7249459	7252137
OG0005689	OX359249.1	7317436	7320831
OG0005690	OX359249.1	7332221	7338894
OG0005691	OX359249.1	7803133	7806438
OG0005692	OX359249.1	7808536	7811495
OG0005693	OX359249.1	7844381	7851520
OG0005695	OX359249.1	8429149	8432568
OG0005696	OX359249.1	9079967	9087961
OG0005698	OX359249.1	10903695	10917090
OG0005699	OX359249.1	11183792	11192811
OG0005700	OX359249.1	11922991	11925941
OG0005701	OX359249.1	12125909	12130150
OG0005702	OX359249.1	13519056	13520989
OG0005703	OX359249.1	14298843	14299655
OG0005704	OX359249.1	14870992	14872552
OG0005705	OX359249.1	14938869	14941705
OG0005706	OX359249.1	14947153	14948181
OG0005707	OX359249.1	16013032	16014391
OG0005708	OX359249.1	16376300	16393930
OG0005709	OX359249.1	17290753	17293088
OG0005710	OX359249.1	18308805	18310610
OG0005711	OX359249.1	18338355	18340923
OG0005712	OX359249.1	18512741	18516717
OG0005713	OX359249.1	18824888	18830786
OG0005714	OX359249.1	19063831	19065600
OG0005715	OX359249.1	20312994	20320553
OG0005716	OX359249.1	20947506	20950229
OG0005717	OX359249.1	21409971	21411150
OG0005718	OX359249.1	22534630	22537228
OG0005719	OX359249.1	22549799	22552124
OG0005720	OX359249.1	22703022	22709592
OG0005721	OX359249.1	22974197	22978033
OG0005722	OX359249.1	24791954	24794855
OG0005723	OX359249.1	25413088	25430003
OG0005724	OX359249.1	25607344	25614221
OG0005725	OX359249.1	26195076	26201271
OG0005726	OX359249.1	26231887	26235435
OG0005727	OX359249.1	26787759	26795486
OG0005728	OX359249.1	26928101	26930653
OG0005729	OX359249.1	27479012	27488459
OG0005730	OX359249.1	28374690	28376428
OG0005731	OX359249.1	29578824	29579915
OG0005732	OX359249.1	29830530	29833348
OG0005733	OX359249.1	30687910	30689196
OG0005734	OX359249.1	30768031	30774834
OG0005735	OX359249.1	31297141	31300021
OG0005736	OX359249.1	31305964	31318464
OG0005737	OX359249.1	32985923	32987538
OG0005738	OX359249.1	35001433	35006231
OG0005739	OX359249.1	35935949	35965592
OG0005740	OX359249.1	36820542	36822739
OG0005741	OX359249.1	37673043	37673868
OG0005742	OX359249.1	37859359	37869050
OG0005744	OX359249.1	38804700	38830995
OG0005745	OX359249.1	39212856	39235458
OG0005746	OX359249.1	39498315	39529447
OG0005747	OX359249.1	39881523	39885272
OG0005748	OX359249.1	41707785	41710776
OG0005749	OX359249.1	42972415	42983119
OG0005750	OX359249.1	44048079	44050947
OG0005751	OX359249.1	44696461	44703175
OG0005752	OX359249.1	47299646	47300752
OG0005753	OX359249.1	47301029	47303827
OG0005754	OX359249.1	48680352	48707276
OG0005755	OX359249.1	48817085	48830240
OG0005756	OX359249.1	48945445	48946683
OG0005757	OX359249.1	48954632	48956678
OG0005758	OX359249.1	49871869	49884737
OG0005761	OX359246.1	7729451	7734211
OG0005762	OX359246.1	8695252	8706323
OG0005763	OX359246.1	9407544	9411217
OG0005764	OX359246.1	11165437	11167842
OG0005765	OX359246.1	14677421	14681034
OG0005766	OX359246.1	20157056	20161789
OG0005768	OX359246.1	20908700	20921571
OG0005770	OX359246.1	27248315	27252178
OG0005771	OX359246.1	27418002	27420027
OG0005772	OX359246.1	38361711	38365057
OG0005773	OX359246.1	42608562	42613811
OG0005776	OX359246.1	55602134	55605582
OG0005777	OX359246.1	55614489	55618260
OG0005778	OX359246.1	58073624	58077631
OG0005779	OX359246.1	60041053	60042513
OG0005780	OX359246.1	63686658	63689527
OG0005781	OX359246.1	67032593	67038512
OG0005783	OX359246.1	72069166	72072347
OG0005784	OX359246.1	75225000	75228941
OG0005785	OX359250.1	1467062	1469200
OG0005786	OX359250.1	2364232	2425221
OG0005788	OX359250.1	3998567	4048069
OG0005789	OX359250.1	4237976	4246649
OG0005790	OX359250.1	4938272	4940939
OG0005792	OX359250.1	9817190	9819699
OG0005793	OX359250.1	12237869	12239640
OG0005795	OX359250.1	13810954	13815469
OG0005796	OX359250.1	15060961	15061610
OG0005797	OX359250.1	15352000	15353360
OG0005798	OX359250.1	16088789	16097478
OG0005799	OX359250.1	16139487	16149102
OG0005800	OX359250.1	18901351	18904661
OG0005802	OX359250.1	23361906	23363334
OG0005803	OX359250.1	27571029	27573920
OG0005804	OX359250.1	29334365	29339923
OG0005805	OX359250.1	29497736	29501903
OG0005807	OX359250.1	31218981	31245153
OG0005808	OX359250.1	31348003	31352596
OG0005809	OX359250.1	31880100	31886313
OG0005810	OX359250.1	32040607	32051055
OG0005811	OX359250.1	32526371	32529145
OG0005812	OX359250.1	34715932	34721478
OG0005814	OX359250.1	35333125	35335925
OG0005816	OX359250.1	35345469	35350728
OG0005817	OX359250.1	35544452	35546837
OG0005818	OX359250.1	35941495	35945048
OG0005819	OX359250.1	37563318	37565278
OG0005820	OX359250.1	37866836	37869864
OG0005821	OX359250.1	37979562	37983685
OG0005822	OX359250.1	40055131	40166261
OG0005823	OX359250.1	40210115	40212531
OG0005824	OX359250.1	41909322	41911746
OG0005825	OX359250.1	42374809	42389409
OG0005827	OX359250.1	46129211	46131811
OG0005828	OX359250.1	46559039	46583401
OG0005830	OX359247.1	2054568	2058483
OG0005831	OX359247.1	2578146	2578757
OG0005832	OX359247.1	5286032	5293856
OG0005833	OX359247.1	8553557	8554677
OG0005835	OX359247.1	10429776	10435312
OG0005836	OX359247.1	10542664	10548330
OG0005837	OX359247.1	11156471	11158012
OG0005838	OX359247.1	11597631	11674294
OG0005839	OX359247.1	11743001	11757395
OG0005840	OX359247.1	13639117	13648201
OG0005841	OX359247.1	14023019	14039302
OG0005842	OX359247.1	14078663	14086889
OG0005843	OX359247.1	14383336	14384309
OG0005844	OX359247.1	16890296	16893274
OG0005845	OX359247.1	16958985	16966793
OG0005846	OX359247.1	16996545	17000830
OG0005847	OX359247.1	17348065	17354139
OG0005848	OX359247.1	17876907	17878016
OG0005849	OX359247.1	18017424	18035573
OG0005850	OX359247.1	18063930	18073799
OG0005851	OX359247.1	18749530	18751107
OG0005852	OX359247.1	19001632	19012809
OG0005853	OX359247.1	21299649	21302349
OG0005855	OX359247.1	22801984	22807195
OG0005856	OX359247.1	26234024	26235898
OG0005857	OX359247.1	27031398	27044577
OG0005858	OX359247.1	28792608	28797556
OG0005859	OX359247.1	32011305	32017342
OG0005860	OX359247.1	32338514	32342394
OG0005861	OX359247.1	32943769	32945885
OG0005862	OX359247.1	34736218	34741384
OG0005863	OX359247.1	35812539	35813766
OG0005864	OX359247.1	36719279	36720467
OG0005865	OX359247.1	37086116	37091307
OG0005866	OX359247.1	40856066	40858180
OG0005867	OX359247.1	41120573	41135701
OG0005868	OX359247.1	45507031	45514475
OG0005869	OX359247.1	46309231	46319000
OG0005870	OX359247.1	46558108	46559021
OG0005871	OX359247.1	46827993	46834030
OG0005872	OX359247.1	48811866	48812722
OG0005873	OX359247.1	49129931	49132241
OG0005874	OX359247.1	51784478	51795350
OG0005875	OX359247.1	52608056	52611657
OG0005876	OX359247.1	53973417	53975175
OG0005878	OX359247.1	60817811	60821336
OG0005879	OX359247.1	65875961	65878409
OG0005880	OX359248.1	191807	325975
OG0005881	OX359248.1	6084998	6086773
OG0005882	OX359248.1	6630402	6635874
OG0005883	OX359248.1	8406059	8408850
OG0005884	OX359248.1	10941126	10950830
OG0005885	OX359248.1	11356871	11373895
OG0005886	OX359248.1	11898528	11904426
OG0005887	OX359248.1	12660683	12666478
OG0005888	OX359248.1	13512942	13519656
OG0005889	OX359248.1	15055359	15057410
OG0005890	OX359248.1	15435907	15440893
OG0005891	OX359248.1	15457662	15464708
OG0005892	OX359248.1	16567862	16570814
OG0005893	OX359248.1	18286881	18289502
OG0005895	OX359248.1	19768527	19780092
OG0005896	OX359248.1	20794587	20797316
OG0005897	OX359248.1	21658374	21659250
OG0005898	OX359248.1	21737476	21740386
OG0005899	OX359248.1	25919133	25923542
OG0005900	OX359248.1	26963660	26966203
OG0005901	OX359248.1	27195833	27209021
OG0005902	OX359248.1	28488038	28490936
OG0005903	OX359248.1	28884873	28887003
OG0005904	OX359248.1	31945282	31946914
OG0005905	OX359248.1	32027103	32031246
OG0005906	OX359248.1	32569932	32572173
OG0005907	OX359248.1	33879575	33880731
OG0005908	OX359248.1	34382773	34385775
OG0005909	OX359248.1	36231437	36232748
OG0005910	OX359248.1	37026925	37027422
OG0005911	OX359248.1	37618431	37621090
OG0005912	OX359248.1	37985787	37989118
OG0005913	OX359248.1	38559581	38561482
OG0005914	OX359248.1	38620081	38624188
OG0005915	OX359248.1	38824211	38838463
OG0005916	OX359248.1	39810934	39812886
OG0005918	OX359248.1	44937206	44940470
OG0005919	OX359248.1	45052391	45054195
OG0005920	OX359248.1	45830878	45846536
OG0005921	OX359248.1	46597817	46600957
OG0005922	OX359248.1	51174002	51175740
OG0005923	OX359248.1	51465938	51502200
OG0005924	OX359248.1	54463132	54465516
OG0005925	OX359248.1	54561807	54565102
OG0005926	OX359248.1	54643651	54647854
OG0005986	OX359247.1	59204825	59207120
OG0005987	OX359249.1	16124986	16128706
OG0005989	OX359250.1	17239428	17241721
OG0005991	OX359250.1	36820971	36825344
OG0005996	OX359247.1	45474945	45476119
OG0006001	OX359250.1	43287211	43291219
OG0006003	OX359248.1	47406529	47503896
OG0006006	OX359248.1	23327893	23330540
OG0006010	OX359249.1	1928917	1929471
OG0006011	OX359247.1	50733498	50734541
OG0006012	OX359246.1	43824960	43828867
OG0006013	OX359249.1	50306668	50325997
OG0006014	OX359245.1	17765488	17768117
OG0006016	OX359250.1	12723625	12730159
OG0006017	OX359250.1	38382818	38387580
OG0006020	OX359247.1	10901856	10918308
OG0006022	OX359246.1	41003022	41005595
OG0006025	OX359249.1	2694492	2700851
OG0006028	OX359250.1	19275025	19276071
OG0006029	OX359248.1	33474329	33476071
OG0006030	OX359250.1	28023495	28025471
OG0006034	OX359250.1	29486587	29489969
OG0006038	OX359247.1	52698019	52699897
OG0006039	OX359246.1	36080320	36081851
OG0006040	OX359247.1	10164007	10172862
OG0006041	OX359247.1	49265789	49269988
OG0006042	OX359247.1	3752478	3754505
OG0006043	OX359247.1	906616	910349
OG0006044	OX359249.1	30742135	30745602
OG0006045	OX359248.1	24928230	24964338
OG0006046	OX359249.1	3867974	3871430
OG0006049	OX359246.1	45944518	45957968
OG0006050	OX359249.1	12961042	12978365
OG0006051	OX359247.1	43857939	43878849
OG0006052	OX359246.1	55430628	55431909
OG0006054	OX359247.1	3932437	3983528
OG0006055	OX359247.1	9338881	9490051
OG0006059	OX359248.1	15129289	15130389
OG0006060	OX359250.1	13586912	13589253
OG0006061	OX359246.1	1641568	1642023
OG0006062	OX359246.1	15169765	15172627
OG0006063	OX359245.1	22059599	22064583
OG0006064	OX359245.1	22094062	22102984
OG0006067	OX359247.1	7932179	7933361
OG0006069	OX359246.1	57104412	57105366
OG0006070	OX359248.1	12682856	12694415
OG0006071	OX359248.1	4855621	4856579
OG0006072	OX359248.1	21695923	21697249
OG0006073	OX359246.1	57790963	57820208
OG0006075	OX359249.1	3255892	3258179
OG0006077	OX359245.1	51147255	51148034
OG0006078	OX359248.1	17041770	17064416
OG0006079	OX359248.1	14309551	14313223
OG0006081	OX359250.1	18571821	18572668
OG0006082	OX359249.1	26111951	26118337
OG0006083	OX359249.1	13797889	13798929
OG0006084	OX359250.1	21994307	21999790
OG0006085	OX359245.1	32056043	32056523
OG0006086	OX359249.1	42662945	42664299
OG0006087	OX359249.1	26399266	26401118
OG0006088	OX359248.1	37353681	37360461
OG0006089	OX359250.1	26964078	26976906
OG0006091	OX359246.1	1719772	1735699
OG0006092	OX359248.1	13780348	13786157
OG0006093	OX359249.1	28222617	28223102
OG0006094	OX359250.1	16077746	16081720
OG0006098	OX359248.1	13934892	13945261
OG0006099	OX359247.1	34329204	34348089
OG0006100	OX359249.1	46907800	46909931
OG0006103	OX359248.1	47315728	47344933
OG0006105	OX359249.1	46509055	46512392
OG0006106	OX359247.1	47547154	47548577
OG0006107	OX359247.1	5252571	5260892
OG0006109	OX359248.1	21714859	21715618
OG0006110	OX359248.1	50607022	50615971
OG0006111	OX359250.1	19607114	19608629
OG0006112	OX359249.1	22694874	22698184
OG0006113	OX359249.1	32057293	32058998
OG0006114	OX359247.1	57898039	57903847
OG0006116	OX359250.1	6223058	6225481
OG0006117	OX359248.1	13830273	13832249
OG0006118	OX359247.1	30806538	30807890
OG0006120	OX359249.1	51065863	51096399
OG0006121	OX359248.1	40259378	40260533
OG0006122	OX359249.1	30170607	30171498
OG0006124	OX359249.1	13908558	13909412
OG0006125	OX359250.1	26950117	26957114
OG0006128	OX359247.1	52554757	52556757
OG0006129	OX359248.1	36639190	36641982
OG0006130	OX359250.1	31392937	31403567
OG0006133	OX359247.1	21762698	21800163
OG0006134	OX359249.1	9030818	9033399
OG0006135	OX359249.1	46162021	46173484
OG0006136	OX359250.1	26297043	26302416
OG0006137	OX359248.1	26290749	26295039
OG0006138	OX359248.1	15325363	15326174
OG0006140	OX359249.1	14796022	14796684
OG0006141	OX359249.1	45914543	45950920
OG0006142	OX359249.1	50167322	50172514
OG0006143	OX359247.1	14235117	14237761
OG0006144	OX359247.1	62177311	62191089
OG0006148	OX359247.1	23623564	23627648
OG0006149	OX359250.1	32095154	32135236
OG0006150	OX359248.1	37119888	37122187
OG0006151	OX359247.1	27422278	27424749
OG0006154	OX359249.1	30375397	30379778
OG0006155	OX359250.1	5753492	5823463
OG0006156	OX359249.1	15686622	15688471
OG0006157	OX359249.1	19044287	19059129
OG0006158	OX359249.1	24719479	24720709
OG0006159	OX359249.1	50505776	50507423
OG0006160	OX359248.1	14376057	14377588
OG0006161	OX359248.1	24354138	24399478
OG0006163	OX359248.1	52680542	52807816
OG0006166	OX359245.1	53121814	53122627
OG0006167	OX359249.1	23574573	23575898
OG0006169	OX359248.1	20937185	20937927
OG0006171	OX359245.1	44884496	44916501
OG0006173	OX359246.1	213393	214620
OG0006174	OX359247.1	3036869	3040620
OG0006175	OX359249.1	11148608	11152993
OG0006176	OX359245.1	39165665	39167273
OG0006177	OX359249.1	15348443	15358323
OG0006180	OX359248.1	24190534	24193225
OG0006181	OX359247.1	51898673	51908514
OG0006182	OX359250.1	17459762	17465212
OG0006183	OX359245.1	57283474	57290615
OG0006184	OX359247.1	34715697	34718254
OG0006185	OX359247.1	50993548	51037986
OG0006186	OX359245.1	44141340	44160674
OG0006187	OX359249.1	792628	797120
OG0006188	OX359249.1	7676418	7680520
OG0006189	OX359249.1	23769030	23770241
OG0006190	OX359249.1	44831641	44850489
OG0006191	OX359249.1	48975758	49051318
OG0006192	OX359246.1	48113619	48114143
OG0006193	OX359246.1	62585543	62658866
OG0006194	OX359246.1	63802030	63808101
OG0006195	OX359250.1	12827338	12828174
OG0006196	OX359250.1	20191201	20191945
OG0006197	OX359250.1	28333548	28338205
OG0006198	OX359250.1	29308556	29320985
OG0006199	OX359250.1	33473866	33478731
OG0006200	OX359247.1	39904530	39912385
OG0006202	OX359247.1	51572206	51578855
OG0006203	OX359248.1	19173179	19181190
OG0006204	OX359248.1	21423929	21428202
OG0006205	OX359248.1	26713835	26724178
OG0006206	OX359248.1	34299268	34302554
OG0006207	OX359248.1	56670499	56684150
OG0006211	OX359245.1	16794177	16795998
OG0006215	OX359245.1	18588842	18590135
OG0006216	OX359245.1	18763750	18766312
OG0006218	OX359245.1	19189753	19190931
OG0006219	OX359245.1	19763716	19765482
OG0006220	OX359245.1	20227092	20231154
OG0006221	OX359245.1	20419707	20421652
OG0006222	OX359245.1	20461149	20463982
OG0006224	OX359245.1	21436861	21450316
OG0006226	OX359245.1	23855843	23857542
OG0006227	OX359245.1	24586457	24590295
OG0006228	OX359245.1	25112944	25114498
OG0006231	OX359245.1	27800260	27802922
OG0006234	OX359245.1	38203369	38210728
OG0006235	OX359245.1	40710771	40712254
OG0006236	OX359245.1	42860762	42862424
OG0006237	OX359245.1	42910237	42911134
OG0006238	OX359245.1	42921696	42927271
OG0006240	OX359245.1	51359587	51360156
OG0006243	OX359245.1	68199375	68202567
OG0006244	OX359245.1	74938024	74945440
OG0006245	OX359245.1	75183121	75187924
OG0006248	OX359249.1	424225	429653
OG0006249	OX359249.1	457877	459851
OG0006250	OX359249.1	548336	550806
OG0006251	OX359249.1	632431	637255
OG0006252	OX359249.1	2043127	2045715
OG0006253	OX359249.1	3018637	3023796
OG0006254	OX359249.1	3272128	3275382
OG0006259	OX359249.1	7234520	7237474
OG0006261	OX359249.1	9964627	9970307
OG0006262	OX359249.1	11203491	11205865
OG0006263	OX359249.1	11243836	11250503
OG0006264	OX359249.1	11596483	11600454
OG0006265	OX359249.1	13540538	13548006
OG0006266	OX359249.1	13588356	13588895
OG0006268	OX359249.1	14018593	14024600
OG0006269	OX359249.1	14064338	14073836
OG0006270	OX359249.1	14451342	14463440
OG0006271	OX359249.1	14779959	14781374
OG0006272	OX359249.1	14848496	14869559
OG0006273	OX359249.1	16051815	16053979
OG0006274	OX359249.1	16447511	16449118
OG0006275	OX359249.1	17071721	17082799
OG0006276	OX359249.1	17437109	17438194
OG0006277	OX359249.1	17864764	17866194
OG0006278	OX359249.1	18468930	18470910
OG0006279	OX359249.1	18519026	18522986
OG0006280	OX359249.1	18624512	18627330
OG0006282	OX359249.1	19470447	19473563
OG0006283	OX359249.1	19650014	19651886
OG0006284	OX359249.1	20461425	20479055
OG0006285	OX359249.1	21234767	21243892
OG0006286	OX359249.1	22654197	22674739
OG0006287	OX359249.1	22855469	22857630
OG0006288	OX359249.1	23419514	23421644
OG0006289	OX359249.1	23753528	23755710
OG0006290	OX359249.1	24704024	24707126
OG0006291	OX359249.1	24869142	24877979
OG0006292	OX359249.1	25455900	25462350
OG0006293	OX359249.1	26156466	26177836
OG0006294	OX359249.1	26277473	26279479
OG0006296	OX359249.1	27471463	27474757
OG0006297	OX359249.1	28050800	28065389
OG0006298	OX359249.1	28097389	28099334
OG0006299	OX359249.1	28116681	28122943
OG0006301	OX359249.1	28950839	28952719
OG0006302	OX359249.1	30372921	30375112
OG0006303	OX359249.1	30555062	30558733
OG0006304	OX359249.1	30606200	30609875
OG0006305	OX359249.1	30708611	30710200
OG0006306	OX359249.1	31268412	31277833
OG0006307	OX359249.1	31286029	31290409
OG0006308	OX359249.1	31350741	31353777
OG0006309	OX359249.1	31725608	31740394
OG0006310	OX359249.1	32533814	32537058
OG0006311	OX359249.1	32755895	32757686
OG0006312	OX359249.1	33388867	33390066
OG0006313	OX359249.1	33498661	33504264
OG0006314	OX359249.1	34220968	34224201
OG0006315	OX359249.1	35517664	35522372
OG0006316	OX359249.1	35551667	35559160
OG0006317	OX359249.1	35637745	35642505
OG0006318	OX359249.1	35725412	35726776
OG0006319	OX359249.1	36814813	36818445
OG0006320	OX359249.1	37025755	37027217
OG0006321	OX359249.1	37140438	37141031
OG0006322	OX359249.1	38410406	38441246
OG0006323	OX359249.1	38531614	38534175
OG0006324	OX359249.1	38717274	38723167
OG0006325	OX359249.1	40676718	40690257
OG0006326	OX359249.1	40776817	40784796
OG0006327	OX359249.1	41061756	41062618
OG0006328	OX359249.1	41243230	41245049
OG0006330	OX359249.1	43619525	43621086
OG0006331	OX359249.1	43711130	43714446
OG0006332	OX359249.1	43886969	43890667
OG0006333	OX359249.1	44922745	44957418
OG0006334	OX359249.1	44971165	45019515
OG0006335	OX359249.1	45904933	45908591
OG0006336	OX359249.1	46260623	46262660
OG0006337	OX359249.1	46304003	46313746
OG0006338	OX359249.1	46883975	46898231
OG0006339	OX359249.1	46932327	46933757
OG0006340	OX359249.1	47258422	47260802
OG0006341	OX359249.1	47278075	47284143
OG0006342	OX359249.1	47454662	47538141
OG0006343	OX359249.1	47660828	47663123
OG0006344	OX359249.1	49156106	49163987
OG0006345	OX359249.1	51943031	51959798
OG0006346	OX359249.1	52423896	52428225
OG0006347	OX359249.1	53933289	53945555
OG0006348	OX359246.1	1675283	1676320
OG0006349	OX359246.1	4228449	4238717
OG0006350	OX359246.1	4245971	4248106
OG0006351	OX359246.1	7743437	7745048
OG0006352	OX359246.1	8730781	8732426
OG0006353	OX359246.1	8739619	8741711
OG0006354	OX359246.1	9898169	9901384
OG0006357	OX359246.1	25055995	25065632
OG0006358	OX359246.1	26924250	26932186
OG0006359	OX359246.1	30990244	30994528
OG0006361	OX359246.1	31594108	31600808
OG0006362	OX359246.1	31785932	31788549
OG0006363	OX359246.1	32728798	32731999
OG0006364	OX359246.1	32786577	32790501
OG0006365	OX359246.1	33394117	33399538
OG0006366	OX359246.1	34803434	34805590
OG0006368	OX359246.1	37745231	37747353
OG0006371	OX359246.1	42500029	42502789
OG0006372	OX359246.1	42519459	42524954
OG0006374	OX359246.1	43471159	43475489
OG0006375	OX359246.1	44121166	44126086
OG0006377	OX359246.1	44969710	44971986
OG0006378	OX359246.1	44980793	44983038
OG0006379	OX359246.1	45180444	45180857
OG0006380	OX359246.1	45391283	45393341
OG0006381	OX359246.1	47779216	47780506
OG0006382	OX359246.1	47848608	47856565
OG0006383	OX359246.1	49865081	49897660
OG0006384	OX359246.1	52368475	52374907
OG0006385	OX359246.1	52443458	52467970
OG0006386	OX359246.1	53218106	53241175
OG0006387	OX359246.1	53807702	53821396
OG0006388	OX359246.1	54566991	54570362
OG0006389	OX359246.1	56180388	56183683
OG0006390	OX359246.1	58071869	58073339
OG0006391	OX359246.1	60923750	60930111
OG0006392	OX359246.1	64767578	64769111
OG0006393	OX359246.1	70760206	70764309
OG0006394	OX359246.1	71749915	71751942
OG0006395	OX359246.1	72258424	72261687
OG0006396	OX359246.1	72971293	72976546
OG0006398	OX359250.1	3262601	3274936
OG0006399	OX359250.1	4117724	4122607
OG0006400	OX359250.1	4361846	4421909
OG0006402	OX359250.1	4582635	4612283
OG0006403	OX359250.1	4920450	4926067
OG0006404	OX359250.1	6183786	6185596
OG0006405	OX359250.1	6687576	6689590
OG0006407	OX359250.1	7625337	7627739
OG0006408	OX359250.1	8490012	8492045
OG0006409	OX359250.1	8777026	8784980
OG0006410	OX359250.1	8930106	8950013
OG0006411	OX359250.1	9161161	9164999
OG0006412	OX359250.1	10444708	10447984
OG0006414	OX359250.1	12575780	12579310
OG0006415	OX359250.1	12818570	12821797
OG0006416	OX359250.1	13074073	13078245
OG0006417	OX359250.1	13379843	13382693
OG0006418	OX359250.1	13428864	13482835
OG0006419	OX359250.1	14418019	14419613
OG0006420	OX359250.1	14547625	14552515
OG0006421	OX359250.1	15258378	15263347
OG0006422	OX359250.1	16875270	16902219
OG0006423	OX359250.1	17411486	17414608
OG0006424	OX359250.1	17769118	17785140
OG0006425	OX359250.1	18949862	18972904
OG0006426	OX359250.1	19129601	19131011
OG0006427	OX359250.1	19375647	19376805
OG0006428	OX359250.1	19980240	19989182
OG0006429	OX359250.1	21137753	21155187
OG0006430	OX359250.1	21483290	21490604
OG0006431	OX359250.1	21903901	21910412
OG0006432	OX359250.1	22562575	22564123
OG0006433	OX359250.1	25646732	25658716
OG0006434	OX359250.1	26894962	26896405
OG0006435	OX359250.1	27128731	27130598
OG0006436	OX359250.1	28362768	28364597
OG0006437	OX359250.1	28476344	28483961
OG0006438	OX359250.1	28486892	28489333
OG0006439	OX359250.1	28492113	28493445
OG0006440	OX359250.1	28712108	28715177
OG0006441	OX359250.1	28953716	28976918
OG0006442	OX359250.1	31057700	31068787
OG0006443	OX359250.1	31700398	31720621
OG0006444	OX359250.1	31767008	31773996
OG0006445	OX359250.1	32417939	32423932
OG0006446	OX359250.1	32513607	32518872
OG0006447	OX359250.1	33051608	33053969
OG0006448	OX359250.1	34173147	34178712
OG0006450	OX359250.1	34266198	34283180
OG0006451	OX359250.1	36161628	36167091
OG0006453	OX359250.1	38391232	38392757
OG0006454	OX359250.1	39987447	39990763
OG0006455	OX359250.1	40281134	40282850
OG0006456	OX359250.1	40576397	40577503
OG0006457	OX359250.1	41001060	41002988
OG0006458	OX359250.1	41027109	41032788
OG0006460	OX359250.1	41857664	41861066
OG0006461	OX359250.1	42527209	42583846
OG0006462	OX359250.1	43507616	43517297
OG0006463	OX359250.1	43545638	43548476
OG0006464	OX359250.1	43884255	43885725
OG0006465	OX359250.1	44647837	44690046
OG0006466	OX359250.1	46134529	46139783
OG0006468	OX359247.1	1493899	1495931
OG0006469	OX359247.1	2678039	2680340
OG0006470	OX359247.1	2979290	2984150
OG0006471	OX359247.1	3004548	3006131
OG0006472	OX359247.1	3256153	3257822
OG0006473	OX359247.1	7039242	7040171
OG0006474	OX359247.1	8501266	8511977
OG0006475	OX359247.1	8524814	8527278
OG0006476	OX359247.1	10310581	10312210
OG0006477	OX359247.1	10886937	10892991
OG0006478	OX359247.1	11034063	11036123
OG0006479	OX359247.1	11802455	11804895
OG0006480	OX359247.1	11868254	11870699
OG0006482	OX359247.1	12750492	12783005
OG0006483	OX359247.1	14737113	14738465
OG0006484	OX359247.1	16364194	16372519
OG0006485	OX359247.1	18751734	18758731
OG0006487	OX359247.1	20559011	20562241
OG0006488	OX359247.1	20950958	20953542
OG0006489	OX359247.1	20976789	20985958
OG0006490	OX359247.1	21935371	21941463
OG0006491	OX359247.1	22726920	22732412
OG0006492	OX359247.1	24552439	24557636
OG0006493	OX359247.1	24710947	24713243
OG0006494	OX359247.1	26345427	26347633
OG0006495	OX359247.1	28171387	28175133
OG0006496	OX359247.1	28367577	28370113
OG0006497	OX359247.1	28379215	28380256
OG0006498	OX359247.1	29133674	29176161
OG0006499	OX359247.1	29774182	29776156
OG0006501	OX359247.1	30769735	30772111
OG0006502	OX359247.1	30796015	30796898
OG0006503	OX359247.1	30819022	30823300
OG0006505	OX359247.1	31881713	31887136
OG0006507	OX359247.1	33850253	33852628
OG0006509	OX359247.1	37120283	37122426
OG0006510	OX359247.1	37632503	37634868
OG0006511	OX359247.1	39144554	39159297
OG0006513	OX359247.1	39737800	39739639
OG0006514	OX359247.1	42014173	42019317
OG0006515	OX359247.1	44618704	44625696
OG0006516	OX359247.1	44902049	44921992
OG0006517	OX359247.1	46401773	46411149
OG0006519	OX359247.1	46662082	46663286
OG0006520	OX359247.1	46776573	46782925
OG0006521	OX359247.1	54993659	55036092
OG0006522	OX359247.1	55131424	55133898
OG0006523	OX359247.1	56098149	56100467
OG0006524	OX359247.1	60805727	60810041
OG0006525	OX359247.1	62080252	62083237
OG0006526	OX359247.1	62138243	62139648
OG0006527	OX359247.1	64925757	64933954
OG0006528	OX359248.1	1204047	1210390
OG0006529	OX359248.1	2638362	2687972
OG0006530	OX359248.1	2723175	2726087
OG0006531	OX359248.1	3280032	3298930
OG0006532	OX359248.1	3324807	3331034
OG0006533	OX359248.1	3432903	3434405
OG0006534	OX359248.1	3687041	3692617
OG0006535	OX359248.1	4194155	4200618
OG0006536	OX359248.1	4411953	4413184
OG0006537	OX359248.1	4979187	4980305
OG0006538	OX359248.1	5595973	5597194
OG0006539	OX359248.1	8245335	8249885
OG0006540	OX359248.1	12646381	12655123
OG0006541	OX359248.1	13558152	13566122
OG0006542	OX359248.1	13621024	13624750
OG0006543	OX359248.1	15058587	15072477
OG0006544	OX359248.1	15370477	15372811
OG0006545	OX359248.1	15451618	15455216
OG0006546	OX359248.1	15684350	15692229
OG0006547	OX359248.1	16218819	16221200
OG0006548	OX359248.1	16526796	16527771
OG0006549	OX359248.1	16866720	16869503
OG0006550	OX359248.1	18196598	18202320
OG0006551	OX359248.1	18623859	18634279
OG0006552	OX359248.1	19719077	19721354
OG0006553	OX359248.1	19887523	19917941
OG0006554	OX359248.1	20687486	20691758
OG0006555	OX359248.1	20802703	20805124
OG0006556	OX359248.1	20828274	20830284
OG0006557	OX359248.1	21225481	21228390
OG0006558	OX359248.1	21662603	21665559
OG0006559	OX359248.1	22567040	22575531
OG0006560	OX359248.1	23586417	23588300
OG0006561	OX359248.1	23892900	23920569
OG0006562	OX359248.1	24196361	24198438
OG0006563	OX359248.1	24202566	24204584
OG0006564	OX359248.1	25961786	25964054
OG0006565	OX359248.1	26601282	26611553
OG0006566	OX359248.1	27628668	27631035
OG0006567	OX359248.1	28443787	28479381
OG0006568	OX359248.1	28888710	28891076
OG0006569	OX359248.1	29362006	29365515
OG0006570	OX359248.1	29572049	29578878
OG0006571	OX359248.1	30686010	30689085
OG0006572	OX359248.1	31131004	31133706
OG0006573	OX359248.1	32032122	32039909
OG0006574	OX359248.1	34001090	34002227
OG0006575	OX359248.1	34732545	34735217
OG0006576	OX359248.1	34769131	34770177
OG0006577	OX359248.1	34855359	34860279
OG0006578	OX359248.1	35694289	35705231
OG0006579	OX359248.1	36361671	36398038
OG0006580	OX359248.1	36983332	36986352
OG0006581	OX359248.1	37219140	37222823
OG0006582	OX359248.1	37625295	37627486
OG0006583	OX359248.1	37689151	37692150
OG0006585	OX359248.1	39930023	39930697
OG0006586	OX359248.1	39962729	40002211
OG0006587	OX359248.1	40801218	40802568
OG0006588	OX359248.1	41102137	41110329
OG0006589	OX359248.1	42673332	42675628
OG0006590	OX359248.1	42690299	42694214
OG0006591	OX359248.1	43027008	43028851
OG0006592	OX359248.1	43531410	43535874
OG0006593	OX359248.1	44719630	44745696
OG0006594	OX359248.1	44792380	44795599
OG0006595	OX359248.1	44979332	44982034
OG0006596	OX359248.1	45439726	45441652
OG0006597	OX359248.1	45448825	45450336
OG0006599	OX359248.1	47242233	47243900
OG0006601	OX359248.1	47595953	47600397
OG0006602	OX359248.1	48291570	48295095
OG0006603	OX359248.1	49347708	49350436
OG0006604	OX359248.1	49611789	49612802
OG0006605	OX359248.1	50448002	50449305
OG0006606	OX359248.1	50655244	50660656
OG0006607	OX359248.1	51178329	51183193
OG0006608	OX359248.1	51349454	51360741
OG0006609	OX359248.1	51448874	51456947
OG0006610	OX359248.1	53028875	53155184
OG0006611	OX359248.1	53236657	53239892
OG0006612	OX359248.1	53744108	53745422
OG0006613	OX359248.1	53838885	53840177
OG0006614	OX359248.1	53893630	53900074
OG0006615	OX359248.1	54557594	54561366
OG0006616	OX359248.1	56982261	56993624
OG0006680	OX359247.1	2367784	2368615
OG0006683	OX359246.1	47493065	47494980
OG0006685	OX359245.1	45147348	45147999
OG0006689	OX359248.1	24777322	24778701
OG0006690	OX359250.1	31741769	31744698
OG0006693	OX359247.1	15932305	15935113
OG0006695	OX359247.1	61581679	61587291
OG0006698	OX359250.1	35866065	35874006
OG0006699	OX359248.1	28836156	28842054
OG0006701	OX359248.1	43679512	43692489
OG0006707	OX359246.1	54879705	54881484
OG0006708	OX359248.1	1002256	1029665
OG0006709	OX359246.1	38102287	38104620
OG0006710	OX359250.1	29144488	29147621
OG0006711	OX359247.1	9111653	9116727
OG0006712	OX359247.1	14132749	14135057
OG0006713	OX359249.1	49437877	49441393
OG0006714	OX359247.1	28754740	28770840
OG0006715	OX359248.1	3256968	3267304
OG0006716	OX359248.1	3920229	3967445
OG0006719	OX359247.1	1536892	1538510
OG0006721	OX359249.1	34530406	34534802
OG0006724	OX359250.1	18204298	18207814
OG0006726	OX359248.1	27244925	27246805
OG0006729	OX359248.1	37132941	37134550
OG0006730	OX359250.1	29433046	29447455
OG0006731	OX359246.1	4480161	4483231
OG0006732	OX359245.1	20567979	20584551
OG0006733	OX359247.1	631313	633293
OG0006734	OX359250.1	44488272	44490086
OG0006736	OX359248.1	28891943	28895545
OG0006737	OX359247.1	16094366	16110168
OG0006739	OX359250.1	13571053	13574238
OG0006740	OX359248.1	13813499	13819936
OG0006742	OX359247.1	13602972	13621999
OG0006744	OX359245.1	19232833	19234065
OG0006745	OX359249.1	16869866	16871784
OG0006746	OX359250.1	7606266	7607536
OG0006748	OX359249.1	44156268	44189153
OG0006749	OX359247.1	40179006	40239243
OG0006750	OX359248.1	38194518	38205390
OG0006751	OX359249.1	29039650	29043475
OG0006752	OX359249.1	35061598	35065271
OG0006753	OX359245.1	20269023	20269667
OG0006756	OX359250.1	18257707	18294397
OG0006757	OX359249.1	35419954	35464889
OG0006758	OX359246.1	56514912	56522016
OG0006759	OX359245.1	22191452	22209928
OG0006760	OX359250.1	11184935	11199390
OG0006762	OX359249.1	21585504	21731955
OG0006763	OX359249.1	14711405	14743302
OG0006764	OX359245.1	71986087	71992692
OG0006765	OX359249.1	17887365	17910288
OG0006767	OX359247.1	12010828	12014039
OG0006768	OX359250.1	42216915	42220094
OG0006769	OX359246.1	26354422	26357172
OG0006771	OX359247.1	35080353	35082312
OG0006775	OX359250.1	25800188	25801011
OG0006776	OX359247.1	14146020	14150055
OG0006779	OX359249.1	53550530	53596654
OG0006780	OX359248.1	41111626	41114356
OG0006783	OX359249.1	37027630	37034187
OG0006784	OX359249.1	19319217	19322822
OG0006788	OX359248.1	31045558	31053399
OG0006790	OX359245.1	15403361	15404659
OG0006791	OX359248.1	15517719	15520727
OG0006792	OX359250.1	20127638	20131146
OG0006793	OX359247.1	17162926	17171392
OG0006794	OX359248.1	29478290	29484156
OG0006796	OX359246.1	44975215	44978627
OG0006798	OX359247.1	62497554	62498656
OG0006799	OX359249.1	16485595	16490042
OG0006800	OX359248.1	13358740	13374392
OG0006801	OX359245.1	11828660	11829627
OG0006802	OX359245.1	19720849	19722787
OG0006803	OX359249.1	18473259	18475147
OG0006804	OX359247.1	30724004	30725303
OG0006805	OX359248.1	15764047	15769747
OG0006806	OX359246.1	66440044	66446143
OG0006807	OX359250.1	10477301	10482571
OG0006809	OX359249.1	43929344	43934712
OG0006810	OX359247.1	4239146	4317994
OG0006811	OX359250.1	7826300	7828470
OG0006812	OX359248.1	2711155	2715428
OG0006813	OX359248.1	27769584	27770315
OG0006814	OX359247.1	51893642	51894930
OG0006815	OX359247.1	17878939	17884128
OG0006817	OX359247.1	49517141	49530723
OG0006818	OX359245.1	20151688	20152485
OG0006819	OX359250.1	28424426	28437925
OG0006820	OX359250.1	26707369	26709690
OG0006821	OX359248.1	18191026	18194953
OG0006822	OX359248.1	48277980	48281354
OG0006823	OX359248.1	11670802	11680440
OG0006825	OX359248.1	35485722	35489063
OG0006826	OX359245.1	17761864	17764491
OG0006827	OX359249.1	37350368	37351981
OG0006828	OX359249.1	37019208	37020578
OG0006829	OX359250.1	35356850	35359724
OG0006830	OX359250.1	26905629	26906723
OG0006831	OX359248.1	25925690	25928680
OG0006832	OX359248.1	15699838	15704695
OG0006833	OX359249.1	45435925	45600179
OG0006834	OX359250.1	16706631	16718294
OG0006835	OX359248.1	12711544	12715121
OG0006836	OX359249.1	711603	721371
OG0006837	OX359247.1	45532900	45535855
OG0006838	OX359248.1	21463435	21464903
OG0006839	OX359249.1	20677270	20678556
OG0006840	OX359250.1	29358416	29360108
OG0006841	OX359249.1	42553113	42560688
OG0006842	OX359246.1	24249975	24251167
OG0006843	OX359247.1	29899859	29904932
OG0006844	OX359248.1	34340941	34350313
OG0006845	OX359248.1	34780296	34783700
OG0006846	OX359249.1	43633876	43634637
OG0006847	OX359250.1	34302509	34306121
OG0006848	OX359246.1	46017831	46024451
OG0006849	OX359248.1	29278522	29290583
OG0006850	OX359249.1	29616017	29617958
OG0006851	OX359245.1	19879973	19886459
OG0006853	OX359247.1	46673686	46682513
OG0006854	OX359247.1	17363992	17365772
OG0006855	OX359245.1	25870795	25871622
OG0006856	OX359250.1	3586437	3590843
OG0006857	OX359249.1	238305	244797
OG0006858	OX359249.1	30468523	30472611
OG0006861	OX359249.1	49450078	49525771
OG0006862	OX359246.1	36851230	36859192
OG0006863	OX359250.1	5469924	5470352
OG0006865	OX359250.1	41945791	41951616
OG0006866	OX359247.1	10283059	10286566
OG0006867	OX359248.1	25447880	25454607
OG0006869	OX359249.1	42955845	42965827
OG0006870	OX359250.1	41886439	41889604
OG0006871	OX359249.1	31265943	31266763
OG0006872	OX359249.1	33543578	33548473
OG0006873	OX359249.1	39145381	39147658
OG0006874	OX359250.1	38035872	38039307
OG0006875	OX359247.1	42518341	42519655
OG0006876	OX359247.1	3070989	3095422
OG0006877	OX359248.1	8663424	8683434
OG0006878	OX359248.1	35733826	35735669
OG0006879	OX359245.1	24735465	24736418
OG0006880	OX359249.1	23008348	23014621
OG0006881	OX359246.1	31780254	31781639
OG0006882	OX359250.1	43209993	43236815
OG0006883	OX359249.1	24966683	25045299
OG0006884	OX359249.1	28297649	28305290
OG0006885	OX359246.1	56506202	56508647
OG0006886	OX359250.1	13952364	14009892
OG0006887	OX359246.1	10914345	10918604
OG0006889	OX359250.1	25584050	25610008
OG0006890	OX359247.1	14736311	14736841
OG0006891	OX359249.1	4270318	4272004
OG0006893	OX359247.1	8271040	8274025
OG0006894	OX359247.1	48981005	48982822
OG0006895	OX359249.1	9643438	9644651
OG0006897	OX359249.1	43885357	43886743
OG0006900	OX359249.1	31236465	31251869
OG0006904	OX359246.1	38400192	38403976
OG0006905	OX359250.1	2793505	2799555
OG0006906	OX359250.1	32499269	32502505
OG0006908	OX359248.1	32748387	32765517
OG0006909	OX359249.1	23639108	23641284
OG0006910	OX359249.1	52813740	52821048
OG0006911	OX359246.1	23066062	23094505
OG0006913	OX359248.1	51374346	51439788
OG0006914	OX359248.1	19489432	19495963
OG0006915	OX359250.1	11938533	11946718
OG0006916	OX359249.1	16196421	16203659
OG0006917	OX359247.1	49045660	49049946
OG0006918	OX359249.1	21205814	21207001
OG0006919	OX359246.1	24500410	24515251
OG0006920	OX359250.1	19345936	19370617
OG0006921	OX359250.1	28274347	28286927
OG0006922	OX359247.1	48994745	48997561
OG0006923	OX359248.1	16860751	16864092
OG0006925	OX359245.1	44249544	44266606
OG0006927	OX359249.1	9169989	9176676
OG0006928	OX359249.1	31328942	31337806
OG0006929	OX359249.1	32263623	32265577
OG0006930	OX359249.1	40384144	40389410
OG0006931	OX359246.1	1898887	1904434
OG0006932	OX359246.1	50042033	50043908
OG0006933	OX359246.1	52883582	52943274
OG0006934	OX359246.1	59380720	59385272
OG0006935	OX359250.1	14542401	14545091
OG0006936	OX359250.1	15790048	15790941
OG0006937	OX359250.1	20503874	20530611
OG0006938	OX359250.1	30689855	30694766
OG0006940	OX359250.1	46522996	46548073
OG0006941	OX359247.1	2289819	2292980
OG0006942	OX359247.1	23833004	23834556
OG0006943	OX359247.1	49447946	49450126
OG0006944	OX359247.1	49477041	49478729
OG0006946	OX359248.1	35781391	35788276
OG0006948	OX359245.1	12275159	12380843
OG0006949	OX359245.1	16848778	16852024
OG0006951	OX359245.1	18631442	18632296
OG0006952	OX359245.1	18673546	18675882
OG0006953	OX359245.1	18721700	18723522
OG0006954	OX359245.1	19193843	19201043
OG0006956	OX359245.1	20282572	20284292
OG0006957	OX359245.1	22974960	22980054
OG0006958	OX359245.1	24441335	24445846
OG0006959	OX359245.1	24887488	24889810
OG0006960	OX359245.1	25377133	25378340
OG0006962	OX359245.1	26282255	26288712
OG0006963	OX359245.1	26339909	26342973
OG0006964	OX359245.1	31791867	31794416
OG0006965	OX359245.1	33159100	33163081
OG0006966	OX359245.1	40874570	40878764
OG0006967	OX359245.1	42928381	42931091
OG0006968	OX359245.1	44338173	44340189
OG0006969	OX359245.1	44564713	44566075
OG0006971	OX359245.1	51347358	51348652
OG0006972	OX359245.1	53476920	53479533
OG0006973	OX359245.1	54538231	54542105
OG0006974	OX359245.1	58420891	58427500
OG0006976	OX359245.1	69349344	69359975
OG0006978	OX359245.1	72739888	72744711
OG0006980	OX359245.1	77445545	77449176
OG0006981	OX359245.1	77764852	77779670
OG0006982	OX359249.1	444831	447311
OG0006983	OX359249.1	580841	586796
OG0006984	OX359249.1	680112	695246
OG0006985	OX359249.1	992241	994055
OG0006986	OX359249.1	1450261	1475182
OG0006987	OX359249.1	2949977	2950652
OG0006988	OX359249.1	2992850	2996757
OG0006989	OX359249.1	3134274	3144141
OG0006990	OX359249.1	3462464	3466798
OG0006991	OX359249.1	3484949	3487400
OG0006992	OX359249.1	3774226	3775785
OG0006993	OX359249.1	4119033	4132357
OG0006994	OX359249.1	4258811	4261146
OG0006995	OX359249.1	6199491	6200315
OG0006996	OX359249.1	7510970	7524770
OG0006997	OX359249.1	8418047	8420585
OG0006998	OX359249.1	8806134	8807452
OG0006999	OX359249.1	9023664	9029360
OG0007000	OX359249.1	11556589	11560973
OG0007001	OX359249.1	11571548	11575136
OG0007002	OX359249.1	11715132	11720613
OG0007003	OX359249.1	11917863	11922289
OG0007004	OX359249.1	12133860	12135325
OG0007005	OX359249.1	12516950	12519295
OG0007006	OX359249.1	13219408	13220354
OG0007007	OX359249.1	13247979	13249598
OG0007008	OX359249.1	13365326	13366613
OG0007009	OX359249.1	13583626	13586328
OG0007010	OX359249.1	13779767	13781857
OG0007011	OX359249.1	14910774	14920526
OG0007012	OX359249.1	16445470	16447290
OG0007013	OX359249.1	16548682	16556416
OG0007014	OX359249.1	16664871	16670274
OG0007015	OX359249.1	16879822	16883171
OG0007016	OX359249.1	17440691	17444122
OG0007017	OX359249.1	17737054	17738862
OG0007018	OX359249.1	18874125	18877050
OG0007019	OX359249.1	19034889	19037485
OG0007020	OX359249.1	19334409	19339452
OG0007021	OX359249.1	19884045	19885796
OG0007022	OX359249.1	21013350	21017750
OG0007023	OX359249.1	21077640	21080232
OG0007024	OX359249.1	21440057	21441233
OG0007025	OX359249.1	22140182	22142085
OG0007026	OX359249.1	22278516	22280080
OG0007027	OX359249.1	22310750	22311158
OG0007028	OX359249.1	22325999	22327549
OG0007029	OX359249.1	22710705	22715664
OG0007030	OX359249.1	22851489	22854686
OG0007031	OX359249.1	22914014	22915020
OG0007032	OX359249.1	23126941	23130859
OG0007033	OX359249.1	23764707	23766660
OG0007034	OX359249.1	26123267	26137767
OG0007035	OX359249.1	26264216	26266622
OG0007036	OX359249.1	26296890	26299110
OG0007037	OX359249.1	26356296	26358908
OG0007038	OX359249.1	26385386	26388191
OG0007039	OX359249.1	26731898	26735056
OG0007040	OX359249.1	26935490	26963976
OG0007041	OX359249.1	28281064	28284679
OG0007042	OX359249.1	28290078	28295891
OG0007043	OX359249.1	29685006	29686014
OG0007044	OX359249.1	30098612	30104935
OG0007045	OX359249.1	30160219	30161582
OG0007046	OX359249.1	31010565	31037326
OG0007047	OX359249.1	31037907	31042390
OG0007048	OX359249.1	31339729	31340717
OG0007049	OX359249.1	31695963	31709406
OG0007050	OX359249.1	31709950	31712179
OG0007051	OX359249.1	32556436	32557950
OG0007052	OX359249.1	32774520	32776679
OG0007053	OX359249.1	32965445	32966692
OG0007054	OX359249.1	33293769	33311440
OG0007055	OX359249.1	33438930	33439616
OG0007056	OX359249.1	33442830	33446720
OG0007057	OX359249.1	33462732	33465338
OG0007058	OX359249.1	34561501	34581185
OG0007059	OX359249.1	34583771	34588487
OG0007060	OX359249.1	34920094	34922013
OG0007062	OX359249.1	35719985	35721971
OG0007063	OX359249.1	36095213	36101683
OG0007064	OX359249.1	36775985	36777415
OG0007065	OX359249.1	36961104	36963821
OG0007066	OX359249.1	37108942	37110505
OG0007067	OX359249.1	37222885	37228222
OG0007068	OX359249.1	37882539	37891863
OG0007069	OX359249.1	38063122	38064757
OG0007070	OX359249.1	38081483	38083618
OG0007071	OX359249.1	38084684	38088858
OG0007072	OX359249.1	38296630	38297889
OG0007073	OX359249.1	38597934	38601750
OG0007074	OX359249.1	40008200	40018774
OG0007075	OX359249.1	40088415	40090279
OG0007076	OX359249.1	40099287	40100914
OG0007078	OX359249.1	40665526	40666861
OG0007079	OX359249.1	42062613	42065646
OG0007081	OX359249.1	43723739	43725749
OG0007082	OX359249.1	43854337	43883035
OG0007083	OX359249.1	44444961	44448035
OG0007084	OX359249.1	45024421	45026711
OG0007085	OX359249.1	46427144	46427759
OG0007086	OX359249.1	46430109	46439511
OG0007087	OX359249.1	46529589	46531135
OG0007088	OX359249.1	47382334	47384173
OG0007089	OX359249.1	48644928	48656025
OG0007090	OX359249.1	48965761	48967071
OG0007091	OX359249.1	49265916	49349837
OG0007092	OX359249.1	49436138	49436742
OG0007093	OX359249.1	49592667	49596599
OG0007094	OX359249.1	49623102	49626349
OG0007095	OX359249.1	49648216	49655218
OG0007096	OX359249.1	49926575	49931756
OG0007097	OX359246.1	1564202	1634808
OG0007099	OX359246.1	3674396	3678461
OG0007100	OX359246.1	5186854	5193604
OG0007101	OX359246.1	8724275	8730014
OG0007102	OX359246.1	11397367	11399588
OG0007103	OX359246.1	12784585	12785537
OG0007104	OX359246.1	15419818	15420547
OG0007106	OX359246.1	20346763	20349181
OG0007108	OX359246.1	24237547	24240737
OG0007110	OX359246.1	30663646	30664940
OG0007112	OX359246.1	33703923	33707360
OG0007113	OX359246.1	34678772	34680029
OG0007114	OX359246.1	35208696	35265759
OG0007115	OX359246.1	35884964	35886897
OG0007116	OX359246.1	36824864	36825861
OG0007117	OX359246.1	37693069	37707523
OG0007118	OX359246.1	38169250	38172146
OG0007119	OX359246.1	40552692	40554499
OG0007120	OX359246.1	41436480	41439135
OG0007121	OX359246.1	42452190	42453968
OG0007122	OX359246.1	42652211	42654171
OG0007123	OX359246.1	43390817	43452405
OG0007124	OX359246.1	44250487	44251988
OG0007125	OX359246.1	44915371	44917143
OG0007126	OX359246.1	45141037	45144634
OG0007127	OX359246.1	47050223	47052495
OG0007128	OX359246.1	47589576	47594970
OG0007129	OX359246.1	47775637	47776447
OG0007130	OX359246.1	47792972	47796544
OG0007131	OX359246.1	48115806	48118050
OG0007132	OX359246.1	48531659	48535501
OG0007133	OX359246.1	48855662	48860300
OG0007134	OX359246.1	48870333	48972135
OG0007135	OX359246.1	53307333	53309275
OG0007136	OX359246.1	53442715	53444800
OG0007137	OX359246.1	53691113	53697234
OG0007138	OX359246.1	53761913	53769250
OG0007139	OX359246.1	56502150	56505498
OG0007141	OX359246.1	57546747	57550923
OG0007143	OX359246.1	58633032	58642033
OG0007144	OX359246.1	59064186	59072212
OG0007145	OX359246.1	61753898	61755395
OG0007146	OX359246.1	63546425	63549365
OG0007148	OX359246.1	65416448	65421100
OG0007152	OX359246.1	75197321	75199834
OG0007153	OX359250.1	1441192	1447096
OG0007154	OX359250.1	3297066	3309775
OG0007155	OX359250.1	4267435	4280236
OG0007156	OX359250.1	5651735	5655496
OG0007157	OX359250.1	5949759	5952765
OG0007158	OX359250.1	6192411	6193533
OG0007159	OX359250.1	6203800	6206317
OG0007160	OX359250.1	6753607	6754403
OG0007161	OX359250.1	7221876	7232498
OG0007162	OX359250.1	7601472	7603326
OG0007163	OX359250.1	7673991	7680126
OG0007164	OX359250.1	8493545	8499437
OG0007165	OX359250.1	8844039	8868942
OG0007166	OX359250.1	9037172	9042226
OG0007167	OX359250.1	9180656	9184004
OG0007168	OX359250.1	9274158	9314588
OG0007169	OX359250.1	9331729	9334547
OG0007170	OX359250.1	10016878	10020842
OG0007171	OX359250.1	10045577	10048055
OG0007172	OX359250.1	10048300	10050920
OG0007173	OX359250.1	10344492	10350717
OG0007177	OX359250.1	11429541	11436344
OG0007178	OX359250.1	11438926	11439775
OG0007179	OX359250.1	11449360	11450982
OG0007180	OX359250.1	11471328	11473386
OG0007181	OX359250.1	11835619	11852825
OG0007182	OX359250.1	11907333	11909307
OG0007183	OX359250.1	12356991	12362301
OG0007184	OX359250.1	13550321	13551327
OG0007185	OX359250.1	13566273	13567458
OG0007186	OX359250.1	14296010	14307249
OG0007187	OX359250.1	14913207	14921239
OG0007188	OX359250.1	15202459	15207284
OG0007189	OX359250.1	15615212	15623009
OG0007190	OX359250.1	15723952	15727301
OG0007191	OX359250.1	15911547	15919649
OG0007192	OX359250.1	15959955	15968101
OG0007193	OX359250.1	16035541	16042899
OG0007194	OX359250.1	16048899	16052411
OG0007195	OX359250.1	16154726	16157115
OG0007196	OX359250.1	16280425	16281426
OG0007197	OX359250.1	16824312	16855227
OG0007198	OX359250.1	17576014	17602853
OG0007199	OX359250.1	18449238	18478547
OG0007200	OX359250.1	18914321	18921438
OG0007201	OX359250.1	19385351	19388816
OG0007202	OX359250.1	19608852	19610685
OG0007203	OX359250.1	20086066	20092034
OG0007204	OX359250.1	20273233	20286637
OG0007205	OX359250.1	21916985	21920048
OG0007206	OX359250.1	22075636	22077898
OG0007207	OX359250.1	23072577	23076209
OG0007208	OX359250.1	23341398	23345954
OG0007209	OX359250.1	23659419	23660996
OG0007210	OX359250.1	25194329	25194967
OG0007211	OX359250.1	26560266	26564520
OG0007212	OX359250.1	27074521	27081646
OG0007213	OX359250.1	27133476	27152980
OG0007214	OX359250.1	27218935	27221104
OG0007216	OX359250.1	28469319	28472210
OG0007217	OX359250.1	29187079	29187961
OG0007218	OX359250.1	30156480	30157796
OG0007219	OX359250.1	30316900	30326485
OG0007220	OX359250.1	30446831	30449918
OG0007221	OX359250.1	30451592	30452567
OG0007222	OX359250.1	30710149	30716151
OG0007223	OX359250.1	30734922	30735505
OG0007224	OX359250.1	30991816	30999009
OG0007225	OX359250.1	31004283	31006459
OG0007226	OX359250.1	31326041	31328275
OG0007227	OX359250.1	31336149	31340179
OG0007228	OX359250.1	31404408	31411360
OG0007229	OX359250.1	31759017	31762613
OG0007230	OX359250.1	32018405	32020434
OG0007231	OX359250.1	32216308	32219600
OG0007232	OX359250.1	32289186	32294814
OG0007233	OX359250.1	32503645	32505570
OG0007235	OX359250.1	33488808	33490008
OG0007236	OX359250.1	34237199	34241763
OG0007237	OX359250.1	35125705	35181344
OG0007238	OX359250.1	35303350	35305173
OG0007239	OX359250.1	35913993	35918831
OG0007240	OX359250.1	35938564	35940642
OG0007241	OX359250.1	36008025	36010767
OG0007242	OX359250.1	37544348	37546751
OG0007243	OX359250.1	38269148	38272383
OG0007244	OX359250.1	38285504	38293927
OG0007245	OX359250.1	39310185	39312045
OG0007246	OX359250.1	39919931	39928574
OG0007247	OX359250.1	40339651	40341786
OG0007248	OX359250.1	42035856	42038685
OG0007249	OX359250.1	42198994	42201706
OG0007250	OX359250.1	42288646	42291734
OG0007251	OX359250.1	42587603	42591348
OG0007252	OX359250.1	42668111	42669154
OG0007253	OX359250.1	44432274	44435865
OG0007254	OX359250.1	46476880	46479448
OG0007255	OX359247.1	873876	875893
OG0007256	OX359247.1	920004	921254
OG0007257	OX359247.1	3910302	3914121
OG0007258	OX359247.1	5351866	5353350
OG0007259	OX359247.1	6244702	6246417
OG0007260	OX359247.1	6708717	6714732
OG0007261	OX359247.1	8151200	8153755
OG0007262	OX359247.1	8654736	8659142
OG0007263	OX359247.1	8668603	8673469
OG0007264	OX359247.1	8684022	8685927
OG0007265	OX359247.1	10603986	10607097
OG0007266	OX359247.1	11016224	11024097
OG0007267	OX359247.1	11142251	11149568
OG0007268	OX359247.1	11570152	11574698
OG0007269	OX359247.1	11854768	11858454
OG0007270	OX359247.1	11988766	11993267
OG0007271	OX359247.1	12054184	12055703
OG0007272	OX359247.1	12106468	12113718
OG0007273	OX359247.1	12273583	12274504
OG0007274	OX359247.1	12327605	12332059
OG0007275	OX359247.1	12883363	12888187
OG0007276	OX359247.1	13197079	13200390
OG0007277	OX359247.1	13680905	13742415
OG0007279	OX359247.1	14171686	14191927
OG0007280	OX359247.1	14240025	14243002
OG0007281	OX359247.1	14328531	14339156
OG0007282	OX359247.1	14757112	14764198
OG0007283	OX359247.1	14878005	14879914
OG0007284	OX359247.1	16621083	16627558
OG0007285	OX359247.1	16679022	16680266
OG0007286	OX359247.1	16691170	16736315
OG0007287	OX359247.1	17445001	17446098
OG0007288	OX359247.1	17810996	17814537
OG0007290	OX359247.1	18614623	18619041
OG0007291	OX359247.1	18620770	18623310
OG0007292	OX359247.1	19869685	19976417
OG0007293	OX359247.1	20586897	20589182
OG0007294	OX359247.1	20899691	20900284
OG0007295	OX359247.1	20964537	20966010
OG0007296	OX359247.1	21514908	21518410
OG0007297	OX359247.1	21631926	21636263
OG0007298	OX359247.1	23140703	23147001
OG0007299	OX359247.1	23935173	23939702
OG0007300	OX359247.1	24250097	24264663
OG0007301	OX359247.1	24542946	24545975
OG0007302	OX359247.1	24702841	24705028
OG0007303	OX359247.1	27589658	27593151
OG0007304	OX359247.1	28374782	28377742
OG0007305	OX359247.1	28980326	28985464
OG0007306	OX359247.1	30772739	30775144
OG0007307	OX359247.1	31900945	31902589
OG0007308	OX359247.1	31993564	31996631
OG0007309	OX359247.1	32025944	32026630
OG0007310	OX359247.1	32040306	32041290
OG0007311	OX359247.1	34612101	34613568
OG0007312	OX359247.1	34637960	34641692
OG0007313	OX359247.1	34827703	34829829
OG0007314	OX359247.1	34927281	34928658
OG0007315	OX359247.1	35082863	35088353
OG0007316	OX359247.1	35331166	35333208
OG0007317	OX359247.1	35516249	35516930
OG0007318	OX359247.1	36042526	36044673
OG0007319	OX359247.1	37445250	37447885
OG0007320	OX359247.1	38846722	38848812
OG0007321	OX359247.1	39186690	39190054
OG0007322	OX359247.1	39740915	39744811
OG0007323	OX359247.1	39817998	39820818
OG0007324	OX359247.1	40298371	40301050
OG0007325	OX359247.1	42390485	42393172
OG0007326	OX359247.1	43059718	43069027
OG0007327	OX359247.1	43382654	43395132
OG0007328	OX359247.1	44677893	44680150
OG0007329	OX359247.1	44700282	44724164
OG0007330	OX359247.1	45063537	45066521
OG0007331	OX359247.1	45101801	45103630
OG0007332	OX359247.1	46733278	46745382
OG0007333	OX359247.1	47335675	47339902
OG0007334	OX359247.1	47581677	47584940
OG0007335	OX359247.1	47586815	47592721
OG0007336	OX359247.1	48365320	48366942
OG0007337	OX359247.1	48372453	48379587
OG0007338	OX359247.1	48801204	48804395
OG0007339	OX359247.1	48805822	48809247
OG0007340	OX359247.1	49009344	49014727
OG0007341	OX359247.1	49068223	49069597
OG0007342	OX359247.1	49275884	49276771
OG0007343	OX359247.1	49342191	49342895
OG0007344	OX359247.1	50737375	50738099
OG0007345	OX359247.1	50966410	50972427
OG0007346	OX359247.1	51669018	51672112
OG0007347	OX359247.1	51962538	51964740
OG0007348	OX359247.1	52547553	52553629
OG0007349	OX359247.1	53465917	53476759
OG0007351	OX359247.1	54156248	54175062
OG0007352	OX359247.1	54657508	54663927
OG0007353	OX359247.1	54793657	54795025
OG0007354	OX359247.1	55553932	55565285
OG0007355	OX359247.1	55717744	55720710
OG0007356	OX359247.1	56752470	56754749
OG0007358	OX359247.1	59977678	59980449
OG0007359	OX359247.1	60802625	60805078
OG0007360	OX359247.1	61579766	61581284
OG0007361	OX359247.1	62225664	62226928
OG0007362	OX359247.1	65961176	65965264
OG0007363	OX359248.1	1336760	1338075
OG0007364	OX359248.1	1363149	1364376
OG0007365	OX359248.1	1723057	1725227
OG0007366	OX359248.1	1964604	1965209
OG0007368	OX359248.1	2067533	2070775
OG0007369	OX359248.1	2858048	2859377
OG0007370	OX359248.1	3178078	3179213
OG0007371	OX359248.1	3445352	3447724
OG0007372	OX359248.1	4224333	4240422
OG0007373	OX359248.1	4401277	4404408
OG0007374	OX359248.1	4776496	4778371
OG0007375	OX359248.1	4862510	4866446
OG0007376	OX359248.1	5193734	5195255
OG0007377	OX359248.1	5390908	5393406
OG0007378	OX359248.1	8235284	8237855
OG0007379	OX359248.1	8371644	8372682
OG0007380	OX359248.1	8392858	8396391
OG0007381	OX359248.1	8505180	8508644
OG0007382	OX359248.1	8723954	8728038
OG0007383	OX359248.1	9113343	9116119
OG0007384	OX359248.1	9247126	9251576
OG0007385	OX359248.1	10673751	10674967
OG0007386	OX359248.1	11092847	11096115
OG0007387	OX359248.1	11926364	11927791
OG0007388	OX359248.1	12124119	12127567
OG0007389	OX359248.1	13479657	13486316
OG0007390	OX359248.1	13776631	13778516
OG0007391	OX359248.1	14408459	14409331
OG0007392	OX359248.1	15086514	15087669
OG0007393	OX359248.1	15361063	15366400
OG0007394	OX359248.1	16060678	16069979
OG0007395	OX359248.1	17375060	17376223
OG0007396	OX359248.1	17630718	17633923
OG0007397	OX359248.1	17643253	17645414
OG0007398	OX359248.1	17901768	17912238
OG0007399	OX359248.1	18283069	18284360
OG0007400	OX359248.1	19763378	19766626
OG0007401	OX359248.1	20765786	20768107
OG0007402	OX359248.1	20831203	20833480
OG0007403	OX359248.1	21443590	21444574
OG0007404	OX359248.1	21467086	21468111
OG0007405	OX359248.1	21553805	21563972
OG0007406	OX359248.1	21572739	21592249
OG0007407	OX359248.1	21621786	21624052
OG0007408	OX359248.1	22530554	22533574
OG0007409	OX359248.1	23614694	23616135
OG0007410	OX359248.1	23869975	23872020
OG0007411	OX359248.1	24097286	24098931
OG0007412	OX359248.1	24123668	24125854
OG0007413	OX359248.1	24735343	24736720
OG0007414	OX359248.1	26179426	26181970
OG0007415	OX359248.1	26701556	26706473
OG0007416	OX359248.1	27710678	27712801
OG0007417	OX359248.1	27730125	27735073
OG0007418	OX359248.1	28011664	28012861
OG0007419	OX359248.1	28801129	28811845
OG0007420	OX359248.1	28861959	28865180
OG0007421	OX359248.1	29133896	29148035
OG0007422	OX359248.1	29157576	29158211
OG0007423	OX359248.1	29267623	29269270
OG0007424	OX359248.1	31118260	31121353
OG0007425	OX359248.1	31451345	31457144
OG0007426	OX359248.1	32145201	32147664
OG0007427	OX359248.1	32324837	32329062
OG0007428	OX359248.1	32785407	32787185
OG0007429	OX359248.1	32789794	32794605
OG0007430	OX359248.1	32817061	32819231
OG0007431	OX359248.1	32836891	32842386
OG0007432	OX359248.1	32951712	32969240
OG0007433	OX359248.1	33498488	33499172
OG0007434	OX359248.1	33641269	33642366
OG0007435	OX359248.1	33820460	33824113
OG0007436	OX359248.1	34019701	34020959
OG0007437	OX359248.1	34240313	34296895
OG0007438	OX359248.1	34306458	34309927
OG0007439	OX359248.1	34362046	34367562
OG0007440	OX359248.1	34724128	34726387
OG0007441	OX359248.1	34865616	34867571
OG0007442	OX359248.1	35501946	35504246
OG0007443	OX359248.1	35534659	35540790
OG0007444	OX359248.1	37011863	37013188
OG0007445	OX359248.1	37060363	37064164
OG0007446	OX359248.1	37123650	37127629
OG0007447	OX359248.1	37492522	37495416
OG0007448	OX359248.1	37823212	37827764
OG0007449	OX359248.1	37905376	37908657
OG0007450	OX359248.1	38227674	38228536
OG0007451	OX359248.1	38312525	38313620
OG0007453	OX359248.1	38543644	38544155
OG0007454	OX359248.1	38605755	38609622
OG0007455	OX359248.1	39180087	39189325
OG0007456	OX359248.1	39364855	39385113
OG0007457	OX359248.1	40521331	40524145
OG0007458	OX359248.1	42997198	43000889
OG0007459	OX359248.1	43070418	43075220
OG0007460	OX359248.1	43510196	43513845
OG0007461	OX359248.1	43523356	43526510
OG0007462	OX359248.1	43536517	43537595
OG0007463	OX359248.1	44796583	44802264
OG0007464	OX359248.1	45057638	45063545
OG0007465	OX359248.1	45617040	45637203
OG0007466	OX359248.1	45679338	45683968
OG0007467	OX359248.1	47186734	47189388
OG0007468	OX359248.1	47771266	47773316
OG0007469	OX359248.1	47968125	47972286
OG0007470	OX359248.1	48451927	48457358
OG0007471	OX359248.1	50475495	50477872
OG0007473	OX359248.1	53292470	53293450
OG0007474	OX359248.1	53798598	53799488
OG0007475	OX359248.1	54436452	54442491
OG0007476	OX359248.1	54734958	54748870
OG0007477	OX359248.1	54886319	54887973
OG0007478	OX359248.1	55523006	55531898
OG0007479	OX359248.1	56688511	56697716
OG0007541	OX359245.1	4984573	5016078
OG0007550	OX359248.1	49664761	49666226
OG0007553	OX359248.1	38131171	38133103
OG0007554	OX359248.1	1889149	1892092
OG0007557	OX359245.1	33805422	33805905
OG0007558	OX359245.1	12257992	12268576
OG0007559	OX359247.1	27045065	27048184
OG0007568	OX359249.1	14290092	14297510
OG0007569	OX359248.1	52157860	52243803
OG0007570	OX359247.1	4607480	4611418
OG0007572	OX359248.1	456335	591903
OG0007587	OX359247.1	10478696	10480426
OG0007592	OX359246.1	38503729	38505810
OG0007593	OX359249.1	22399197	22446066
OG0007595	OX359245.1	14743336	14746815
OG0007598	OX359248.1	20845449	20921787
OG0007600	OX359248.1	48333261	48334190
OG0007601	OX359249.1	50445121	50446754
OG0007602	OX359249.1	2802427	2803953
OG0007604	OX359248.1	4666236	4685373
OG0007605	OX359250.1	42341827	42343688
OG0007607	OX359247.1	18710211	18711197
OG0007608	OX359246.1	26720672	26723637
OG0007610	OX359248.1	31363829	31366213
OG0007612	OX359245.1	53480724	53482728
OG0007613	OX359248.1	36136191	36137811
OG0007615	OX359249.1	19672071	19674078
OG0007617	OX359250.1	5410525	5418794
OG0007618	OX359247.1	39933168	39940153
OG0007619	OX359249.1	28960689	28972471
OG0007621	OX359247.1	18346228	18512776
OG0007623	OX359247.1	52018212	52018803
OG0007624	OX359249.1	37340671	37342418
OG0007627	OX359250.1	38477542	38479409
OG0007628	OX359246.1	25788157	25790840
OG0007629	OX359247.1	28292231	28297660
OG0007630	OX359247.1	375831	392484
OG0007631	OX359245.1	26456573	26461673
OG0007632	OX359249.1	25846345	25858433
OG0007633	OX359250.1	21932635	21935483
OG0007634	OX359245.1	22032964	22038653
OG0007635	OX359247.1	4042174	4049572
OG0007637	OX359248.1	20967197	20969002
OG0007638	OX359248.1	32932078	32935739
OG0007639	OX359246.1	21829636	21832253
OG0007641	OX359250.1	15214227	15219998
OG0007643	OX359249.1	5498432	5501405
OG0007644	OX359245.1	25196379	25196897
OG0007648	OX359247.1	28249722	28251838
OG0007650	OX359249.1	30051404	30053687
OG0007651	OX359246.1	69465365	69467047
OG0007652	OX359247.1	58276813	58328497
OG0007653	OX359248.1	34983612	34984976
OG0007654	OX359248.1	17030209	17033803
OG0007656	OX359248.1	13879736	13889155
OG0007657	OX359248.1	11748504	11750366
OG0007658	OX359248.1	46237237	46277184
OG0007659	OX359250.1	18601655	18603345
OG0007664	OX359249.1	21338099	21347490
OG0007665	OX359248.1	17027258	17029625
OG0007667	OX359250.1	25874855	25882897
OG0007668	OX359249.1	6417886	6419392
OG0007669	OX359247.1	48359314	48363060
OG0007671	OX359250.1	11175278	11177276
OG0007672	OX359248.1	27458448	27461649
OG0007673	OX359248.1	27476392	27488988
OG0007675	OX359249.1	30090647	30095241
OG0007676	OX359247.1	14617086	14618996
OG0007677	OX359249.1	30813301	30818715
OG0007678	OX359246.1	71196791	71201874
OG0007679	OX359249.1	21269121	21280053
OG0007680	OX359247.1	11566870	11569039
OG0007682	OX359247.1	17988572	17990145
OG0007684	OX359248.1	14431956	14434953
OG0007685	OX359247.1	1351883	1354155
OG0007686	OX359248.1	22468356	22471346
OG0007689	OX359249.1	16967076	16996449
OG0007690	OX359246.1	75260566	75263331
OG0007691	OX359247.1	934690	962293
OG0007692	OX359248.1	45131031	45141532
OG0007695	OX359248.1	48947296	48965984
OG0007696	OX359249.1	34671290	34674128
OG0007697	OX359248.1	17332784	17339629
OG0007698	OX359248.1	17282318	17285810
OG0007699	OX359248.1	9500663	9543702
OG0007700	OX359248.1	8376016	8382377
OG0007701	OX359248.1	1783058	1784540
OG0007703	OX359247.1	19334544	19336199
OG0007704	OX359247.1	42535410	42537355
OG0007705	OX359246.1	7465078	7466974
OG0007706	OX359250.1	22487508	22489665
OG0007707	OX359250.1	11873157	11881720
OG0007709	OX359247.1	34852429	34865754
OG0007710	OX359245.1	12156503	12157988
OG0007712	OX359247.1	46214375	46228612
OG0007713	OX359245.1	20285342	20286163
OG0007714	OX359249.1	39530467	39537757
OG0007717	OX359250.1	14933053	14936504
OG0007719	OX359249.1	21437166	21438214
OG0007720	OX359249.1	26096071	26107096
OG0007721	OX359248.1	10679991	10680827
OG0007722	OX359250.1	5261516	5269773
OG0007723	OX359250.1	19221939	19227105
OG0007726	OX359249.1	27894397	27896954
OG0007728	OX359250.1	6895543	6907102
OG0007729	OX359250.1	28835836	28836830
OG0007730	OX359248.1	26495771	26499943
OG0007732	OX359249.1	17859817	17862206
OG0007734	OX359246.1	31585069	31588805
OG0007735	OX359248.1	38879474	38883883
OG0007736	OX359248.1	3335907	3343714
OG0007737	OX359245.1	12065628	12065936
OG0007738	OX359245.1	20078981	20084111
OG0007740	OX359249.1	14796727	14797176
OG0007741	OX359247.1	64238663	64241756
OG0007742	OX359249.1	50291775	50294112
OG0007743	OX359250.1	46440237	46453132
OG0007745	OX359248.1	11290841	11294739
OG0007746	OX359248.1	13452677	13473807
OG0007747	OX359249.1	39743927	39746099
OG0007748	OX359245.1	32572088	32580297
OG0007749	OX359250.1	37832342	37838244
OG0007750	OX359249.1	30455910	30458947
OG0007751	OX359248.1	27049595	27051371
OG0007752	OX359249.1	39739930	39742569
OG0007753	OX359249.1	48443915	48447084
OG0007754	OX359248.1	27892034	27897700
OG0007756	OX359250.1	40511585	40513643
OG0007757	OX359247.1	38986472	38989583
OG0007758	OX359247.1	10293883	10297341
OG0007760	OX359248.1	38712055	38717735
OG0007763	OX359247.1	16675134	16676843
OG0007765	OX359246.1	57005954	57009852
OG0007766	OX359246.1	72063652	72065170
OG0007767	OX359250.1	21469737	21473146
OG0007768	OX359250.1	21474946	21482324
OG0007769	OX359250.1	37856642	37859536
OG0007770	OX359248.1	26617387	26620558
OG0007771	OX359250.1	38644499	38645583
OG0007772	OX359248.1	2720881	2722123
OG0007773	OX359248.1	18068440	18070624
OG0007774	OX359248.1	40289963	40292969
OG0007777	OX359245.1	61704402	61706099
OG0007778	OX359249.1	3921096	3922645
OG0007779	OX359249.1	5214786	5222272
OG0007780	OX359250.1	3402246	3409367
OG0007781	OX359249.1	29211117	29211395
OG0007782	OX359249.1	46394222	46401762
OG0007784	OX359247.1	19284129	19296056
OG0007785	OX359247.1	52019360	52025394
OG0007786	OX359250.1	14019824	14024301
OG0007787	OX359247.1	8259202	8261040
OG0007788	OX359247.1	28589076	28593913
OG0007789	OX359247.1	38834291	38837648
OG0007790	OX359247.1	45252302	45253227
OG0007791	OX359248.1	51125706	51131827
OG0007792	OX359249.1	17825756	17846505
OG0007793	OX359249.1	49112922	49115070
OG0007794	OX359250.1	22462841	22464516
OG0007795	OX359247.1	10973218	10975743
OG0007796	OX359248.1	3792841	3794408
OG0007797	OX359250.1	11205855	11211410
OG0007798	OX359250.1	42389717	42391794
OG0007799	OX359246.1	66285379	66287791
OG0007800	OX359250.1	18762318	18764763
OG0007801	OX359247.1	34270035	34314219
OG0007802	OX359247.1	48411249	48418451
OG0007803	OX359248.1	35039912	35047545
OG0007804	OX359248.1	45425530	45426586
OG0007806	OX359245.1	71833675	71837354
OG0007807	OX359247.1	34614275	34618837
OG0007808	OX359248.1	30180550	30209172
OG0007809	OX359248.1	36423892	36458374
OG0007811	OX359249.1	12149677	12189442
OG0007812	OX359249.1	22100663	22106782
OG0007813	OX359250.1	46280305	46293600
OG0007814	OX359247.1	3721709	3731210
OG0007815	OX359247.1	13624136	13627017
OG0007816	OX359245.1	42276764	42303641
OG0007817	OX359250.1	9143995	9147888
OG0007818	OX359250.1	21720395	21784391
OG0007819	OX359248.1	34374824	34378621
OG0007820	OX359250.1	27552744	27553886
OG0007821	OX359246.1	21842136	21843388
OG0007822	OX359246.1	55332525	55333747
OG0007823	OX359250.1	23279585	23339781
OG0007824	OX359248.1	15419034	15420830
OG0007825	OX359248.1	15609134	15610475
OG0007827	OX359250.1	13058285	13059569
OG0007828	OX359247.1	639735	816039
OG0007829	OX359249.1	14249396	14251085
OG0007830	OX359249.1	32804354	32823482
OG0007831	OX359249.1	44051817	44053546
OG0007832	OX359248.1	343087	350289
OG0007833	OX359250.1	37548422	37558033
OG0007834	OX359247.1	10228162	10236747
OG0007836	OX359249.1	21190817	21193219
OG0007837	OX359249.1	27893141	27894072
OG0007838	OX359247.1	29889710	29892393
OG0007839	OX359250.1	14143199	14145247
OG0007840	OX359250.1	33452575	33454063
OG0007841	OX359248.1	5200502	5201047
OG0007845	OX359247.1	14667843	14727451
OG0007847	OX359247.1	10051807	10054116
OG0007849	OX359247.1	16642051	16650241
OG0007851	OX359247.1	38468562	38469873
OG0007852	OX359248.1	47799271	47847279
OG0007854	OX359246.1	40548196	40549868
OG0007855	OX359247.1	30776238	30778881
OG0007856	OX359247.1	41003814	41004341
OG0007858	OX359245.1	44385934	44388230
OG0007859	OX359249.1	5104048	5107543
OG0007860	OX359250.1	11952784	11954249
OG0007862	OX359245.1	40227187	40230367
OG0007863	OX359249.1	20958532	20965962
OG0007864	OX359249.1	23468317	23475175
OG0007865	OX359249.1	40435071	40462628
OG0007866	OX359246.1	32546628	32552489
OG0007867	OX359246.1	47610773	47612043
OG0007868	OX359250.1	19236120	19243396
OG0007869	OX359250.1	26083906	26085795
OG0007870	OX359250.1	46143638	46150720
OG0007871	OX359247.1	18855996	18859755
OG0007872	OX359247.1	25970334	25993009
OG0007873	OX359247.1	32576010	32581181
OG0007874	OX359247.1	42497723	42504889
OG0007875	OX359248.1	8386837	8387972
OG0007876	OX359248.1	9093782	9102505
OG0007877	OX359248.1	16338698	16345289
OG0007878	OX359248.1	31122101	31128612
OG0007879	OX359248.1	31344668	31346416
OG0007880	OX359248.1	49295885	49300399
OG0007884	OX359245.1	1460122	1461699
OG0007887	OX359245.1	4877487	4878707
OG0007890	OX359245.1	14821863	14840921
OG0007891	OX359245.1	15226368	15228678
OG0007892	OX359245.1	15869586	15871394
OG0007893	OX359245.1	16616603	16619129
OG0007894	OX359245.1	16963466	16964376
OG0007895	OX359245.1	17822108	17824998
OG0007896	OX359245.1	19430142	19430663
OG0007897	OX359245.1	19441691	19446537
OG0007898	OX359245.1	19447253	19448056
OG0007899	OX359245.1	19766261	19770265
OG0007900	OX359245.1	20312202	20313783
OG0007901	OX359245.1	20412422	20418159
OG0007902	OX359245.1	20447005	20453048
OG0007903	OX359245.1	21252794	21255334
OG0007904	OX359245.1	21407289	21422448
OG0007905	OX359245.1	21473729	21476791
OG0007906	OX359245.1	23082445	23098779
OG0007907	OX359245.1	23347734	23349277
OG0007908	OX359245.1	23397502	23401573
OG0007909	OX359245.1	23804581	23843705
OG0007910	OX359245.1	24052586	24063669
OG0007911	OX359245.1	24065657	24074170
OG0007912	OX359245.1	25115458	25118455
OG0007913	OX359245.1	25365609	25369532
OG0007914	OX359245.1	25504348	25505047
OG0007915	OX359245.1	25536334	25538611
OG0007916	OX359245.1	25630581	25632604
OG0007917	OX359245.1	25681249	25683523
OG0007919	OX359245.1	26277288	26281780
OG0007920	OX359245.1	26338602	26339570
OG0007921	OX359245.1	27739979	27744611
OG0007923	OX359245.1	29094123	29096479
OG0007924	OX359245.1	30109296	30113589
OG0007926	OX359245.1	30845302	30847082
OG0007927	OX359245.1	31869067	31879134
OG0007928	OX359245.1	31882973	31885328
OG0007929	OX359245.1	33711615	33719484
OG0007930	OX359245.1	34536758	34538317
OG0007931	OX359245.1	38007685	38010472
OG0007932	OX359245.1	38081121	38083258
OG0007933	OX359245.1	38100391	38101601
OG0007934	OX359245.1	38132032	38133365
OG0007935	OX359245.1	38423247	38424777
OG0007936	OX359245.1	39153316	39156205
OG0007937	OX359245.1	39341757	39344275
OG0007938	OX359245.1	40705273	40710368
OG0007939	OX359245.1	42129884	42140487
OG0007940	OX359245.1	42872091	42876166
OG0007941	OX359245.1	43047469	43056721
OG0007942	OX359245.1	43412855	43415492
OG0007943	OX359245.1	44167013	44173457
OG0007944	OX359245.1	44479907	44483700
OG0007946	OX359245.1	49165465	49168887
OG0007947	OX359245.1	51151464	51159551
OG0007949	OX359245.1	51350477	51352336
OG0007950	OX359245.1	56733107	56735080
OG0007951	OX359245.1	60834229	60838033
OG0007952	OX359245.1	60879968	60882131
OG0007953	OX359245.1	61639726	61641706
OG0007954	OX359245.1	61688848	61694642
OG0007955	OX359245.1	61700369	61701455
OG0007958	OX359245.1	77755939	77757339
OG0007959	OX359245.1	77759320	77762046
OG0007961	OX359249.1	415465	419947
OG0007962	OX359249.1	429889	434061
OG0007963	OX359249.1	777169	791957
OG0007964	OX359249.1	954241	956422
OG0007965	OX359249.1	1527844	1569161
OG0007966	OX359249.1	1765576	1801612
OG0007967	OX359249.1	3435860	3440213
OG0007968	OX359249.1	3527167	3530776
OG0007969	OX359249.1	3811198	3821259
OG0007970	OX359249.1	4214345	4221548
OG0007971	OX359249.1	5185304	5202174
OG0007972	OX359249.1	6493948	6496164
OG0007973	OX359249.1	6947559	6948515
OG0007974	OX359249.1	7200905	7206783
OG0007975	OX359249.1	7797776	7800167
OG0007976	OX359249.1	8436274	8438984
OG0007977	OX359249.1	8523858	8525483
OG0007978	OX359249.1	8556015	8560975
OG0007979	OX359249.1	8564775	8566132
OG0007980	OX359249.1	8761696	8763348
OG0007981	OX359249.1	9479600	9483011
OG0007982	OX359249.1	9489210	9491463
OG0007983	OX359249.1	9528011	9528694
OG0007984	OX359249.1	9550030	9551048
OG0007985	OX359249.1	9866778	9871362
OG0007986	OX359249.1	10776282	10797210
OG0007987	OX359249.1	10973594	10980392
OG0007988	OX359249.1	11195623	11197837
OG0007989	OX359249.1	11893486	11905206
OG0007990	OX359249.1	11937777	11941341
OG0007991	OX359249.1	12017387	12022097
OG0007992	OX359249.1	12112648	12114115
OG0007993	OX359249.1	13179646	13182431
OG0007995	OX359249.1	13401521	13406121
OG0007996	OX359249.1	13630703	13634730
OG0007997	OX359249.1	14052278	14054945
OG0007998	OX359249.1	14427930	14437043
OG0007999	OX359249.1	14766068	14770764
OG0008000	OX359249.1	15008780	15021882
OG0008001	OX359249.1	15603624	15618760
OG0008002	OX359249.1	15806817	15825263
OG0008003	OX359249.1	15856781	15861646
OG0008004	OX359249.1	15947911	16005616
OG0008005	OX359249.1	16047006	16051617
OG0008006	OX359249.1	16282558	16289986
OG0008007	OX359249.1	16509290	16517827
OG0008008	OX359249.1	16649150	16663007
OG0008009	OX359249.1	16922461	16938223
OG0008010	OX359249.1	16960308	16964389
OG0008011	OX359249.1	17021006	17040483
OG0008012	OX359249.1	17271610	17277224
OG0008013	OX359249.1	17347880	17364372
OG0008014	OX359249.1	17879323	17880310
OG0008015	OX359249.1	17973991	17977335
OG0008016	OX359249.1	17979076	17981330
OG0008017	OX359249.1	17989310	17990851
OG0008018	OX359249.1	18351588	18353195
OG0008019	OX359249.1	18358060	18364829
OG0008020	OX359249.1	18572344	18574923
OG0008021	OX359249.1	18575807	18578044
OG0008022	OX359249.1	18692932	18695394
OG0008023	OX359249.1	18704349	18706479
OG0008024	OX359249.1	18754065	18757323
OG0008025	OX359249.1	18815177	18816739
OG0008026	OX359249.1	19231273	19233507
OG0008027	OX359249.1	19621784	19630312
OG0008028	OX359249.1	19638049	19641922
OG0008029	OX359249.1	19661391	19664818
OG0008030	OX359249.1	19665942	19670603
OG0008031	OX359249.1	19804916	19809412
OG0008032	OX359249.1	19849815	19852152
OG0008033	OX359249.1	20209368	20210972
OG0008034	OX359249.1	20326405	20328552
OG0008035	OX359249.1	20643123	20646216
OG0008037	OX359249.1	20966489	20968480
OG0008038	OX359249.1	21007339	21011470
OG0008039	OX359249.1	21396959	21409697
OG0008040	OX359249.1	21413996	21426356
OG0008041	OX359249.1	22108421	22109496
OG0008042	OX359249.1	22287562	22290294
OG0008043	OX359249.1	22305739	22309674
OG0008044	OX359249.1	22720633	22725779
OG0008047	OX359249.1	23394379	23399659
OG0008048	OX359249.1	23665823	23667015
OG0008049	OX359249.1	24168434	24171309
OG0008050	OX359249.1	24686329	24690727
OG0008051	OX359249.1	24901302	24916283
OG0008052	OX359249.1	25478609	25480491
OG0008053	OX359249.1	26054242	26056506
OG0008054	OX359249.1	26315440	26316243
OG0008055	OX359249.1	26323888	26325134
OG0008056	OX359249.1	26347983	26348880
OG0008057	OX359249.1	26608323	26614301
OG0008058	OX359249.1	27510080	27533545
OG0008059	OX359249.1	27673104	27675567
OG0008060	OX359249.1	27774025	27774825
OG0008061	OX359249.1	27824657	27828176
OG0008062	OX359249.1	28235267	28235886
OG0008063	OX359249.1	28325972	28327685
OG0008064	OX359249.1	28929673	28931172
OG0008065	OX359249.1	28990810	28999523
OG0008066	OX359249.1	29022251	29024803
OG0008067	OX359249.1	30475607	30480012
OG0008068	OX359249.1	30613343	30617265
OG0008069	OX359249.1	30621235	30662719
OG0008070	OX359249.1	30726483	30730973
OG0008071	OX359249.1	30748628	30750940
OG0008072	OX359249.1	30760762	30763809
OG0008073	OX359249.1	30776761	30779733
OG0008074	OX359249.1	30835019	30841114
OG0008075	OX359249.1	31263490	31264681
OG0008076	OX359249.1	31278474	31279755
OG0008077	OX359249.1	31720296	31722133
OG0008078	OX359249.1	31846527	31866226
OG0008079	OX359249.1	32326487	32388942
OG0008080	OX359249.1	32594205	32601899
OG0008081	OX359249.1	32973594	32975197
OG0008082	OX359249.1	33144137	33158499
OG0008083	OX359249.1	33206000	33214439
OG0008084	OX359249.1	33553907	33558349
OG0008085	OX359249.1	33909657	33911095
OG0008086	OX359249.1	34050206	34052051
OG0008087	OX359249.1	34083701	34084917
OG0008088	OX359249.1	34130476	34133468
OG0008089	OX359249.1	34135202	34148563
OG0008090	OX359249.1	34517227	34519866
OG0008091	OX359249.1	34521350	34523056
OG0008092	OX359249.1	34543481	34546809
OG0008093	OX359249.1	34680257	34681575
OG0008094	OX359249.1	34681818	34683328
OG0008095	OX359249.1	34925924	34929693
OG0008096	OX359249.1	35525540	35526418
OG0008097	OX359249.1	35591124	35592396
OG0008098	OX359249.1	35600979	35604797
OG0008099	OX359249.1	35621687	35629486
OG0008100	OX359249.1	36404601	36406458
OG0008101	OX359249.1	36671964	36672978
OG0008102	OX359249.1	36734818	36736723
OG0008103	OX359249.1	36749351	36752528
OG0008104	OX359249.1	36753542	36755903
OG0008105	OX359249.1	36808884	36811234
OG0008106	OX359249.1	37165667	37169746
OG0008108	OX359249.1	37329739	37332151
OG0008109	OX359249.1	37627041	37629630
OG0008110	OX359249.1	37705915	37713406
OG0008111	OX359249.1	37765403	37767651
OG0008112	OX359249.1	37928747	37931740
OG0008114	OX359249.1	38090857	38092640
OG0008115	OX359249.1	38192194	38192976
OG0008116	OX359249.1	39097798	39099242
OG0008117	OX359249.1	39175216	39195191
OG0008118	OX359249.1	39210610	39211531
OG0008119	OX359249.1	39652755	39655867
OG0008121	OX359249.1	40359112	40362569
OG0008122	OX359249.1	40924998	40944308
OG0008123	OX359249.1	40954203	40957135
OG0008124	OX359249.1	41165341	41168448
OG0008125	OX359249.1	41206739	41207268
OG0008126	OX359249.1	41268262	41269839
OG0008127	OX359249.1	41579340	41582177
OG0008128	OX359249.1	41760251	41768317
OG0008129	OX359249.1	42100671	42103526
OG0008130	OX359249.1	42656346	42659072
OG0008131	OX359249.1	42877211	42889377
OG0008132	OX359249.1	43375404	43376359
OG0008133	OX359249.1	43650995	43659527
OG0008134	OX359249.1	44460891	44462258
OG0008135	OX359249.1	44690394	44695920
OG0008136	OX359249.1	44769847	44770491
OG0008137	OX359249.1	45223807	45229882
OG0008138	OX359249.1	45248901	45253190
OG0008139	OX359249.1	45567024	45568661
OG0008140	OX359249.1	45710785	45732249
OG0008141	OX359249.1	45981835	45986042
OG0008142	OX359249.1	45987060	45993027
OG0008143	OX359249.1	46005537	46010102
OG0008144	OX359249.1	46130800	46135207
OG0008145	OX359249.1	46295275	46296664
OG0008147	OX359249.1	47604013	47610742
OG0008148	OX359249.1	48378028	48379264
OG0008149	OX359249.1	48726001	48756541
OG0008150	OX359249.1	48834649	48839926
OG0008151	OX359249.1	49066624	49088350
OG0008152	OX359249.1	49095915	49103288
OG0008153	OX359249.1	50280812	50284835
OG0008154	OX359249.1	50393780	50395302
OG0008155	OX359249.1	50449503	50450876
OG0008156	OX359249.1	50528333	50543303
OG0008157	OX359249.1	50865494	50870536
OG0008158	OX359249.1	50877124	50879469
OG0008159	OX359249.1	50973429	50974245
OG0008160	OX359249.1	51380760	51393539
OG0008161	OX359249.1	51469184	51470182
OG0008162	OX359249.1	53033306	53050648
OG0008163	OX359249.1	54062081	54063662
OG0008164	OX359246.1	158333	177610
OG0008165	OX359246.1	186293	188441
OG0008166	OX359246.1	200029	203745
OG0008167	OX359246.1	583340	586726
OG0008168	OX359246.1	1959947	1972894
OG0008169	OX359246.1	2292615	2296223
OG0008170	OX359246.1	3715375	3720457
OG0008171	OX359246.1	4032087	4036188
OG0008172	OX359246.1	8112168	8115555
OG0008173	OX359246.1	8743640	8744317
OG0008174	OX359246.1	9369744	9381690
OG0008175	OX359246.1	9603006	9604878
OG0008176	OX359246.1	9610464	9613546
OG0008177	OX359246.1	11158282	11160272
OG0008178	OX359246.1	13839171	13840259
OG0008179	OX359246.1	16079248	16081433
OG0008180	OX359246.1	21817400	21819742
OG0008181	OX359246.1	23143936	23148085
OG0008182	OX359246.1	24383935	24386869
OG0008183	OX359246.1	24708743	24710300
OG0008184	OX359246.1	25224121	25226996
OG0008185	OX359246.1	25267183	25270400
OG0008186	OX359246.1	26159219	26160552
OG0008187	OX359246.1	26334898	26338078
OG0008189	OX359246.1	27274034	27276355
OG0008190	OX359246.1	31019172	31021999
OG0008191	OX359246.1	31247067	31249019
OG0008192	OX359246.1	31249219	31250280
OG0008193	OX359246.1	32897056	32900131
OG0008194	OX359246.1	34799477	34801276
OG0008195	OX359246.1	34823108	34825364
OG0008196	OX359246.1	35157339	35159697
OG0008198	OX359246.1	37793115	37798916
OG0008199	OX359246.1	38289034	38295060
OG0008200	OX359246.1	38975605	39008908
OG0008201	OX359246.1	40544547	40546728
OG0008202	OX359246.1	40997164	41000449
OG0008203	OX359246.1	42412870	42413519
OG0008204	OX359246.1	42459595	42468485
OG0008205	OX359246.1	42606368	42607495
OG0008206	OX359246.1	42839925	42841977
OG0008208	OX359246.1	43039884	43045719
OG0008209	OX359246.1	44013525	44015408
OG0008210	OX359246.1	44021464	44023361
OG0008211	OX359246.1	44028815	44030694
OG0008212	OX359246.1	44166187	44167391
OG0008214	OX359246.1	44903285	44912280
OG0008215	OX359246.1	45109672	45136517
OG0008216	OX359246.1	45159621	45165167
OG0008217	OX359246.1	46031916	46037318
OG0008218	OX359246.1	46063092	46068112
OG0008219	OX359246.1	46074968	46081523
OG0008220	OX359246.1	46094927	46098243
OG0008221	OX359246.1	46432772	46433756
OG0008222	OX359246.1	47759854	47767618
OG0008223	OX359246.1	48004050	48006483
OG0008224	OX359246.1	48102491	48107429
OG0008225	OX359246.1	48212352	48214205
OG0008226	OX359246.1	49239872	49249112
OG0008227	OX359246.1	49716144	49740926
OG0008228	OX359246.1	50244329	50271368
OG0008229	OX359246.1	53345927	53358193
OG0008230	OX359246.1	53452455	53458718
OG0008231	OX359246.1	55611858	55614274
OG0008232	OX359246.1	56240188	56243164
OG0008233	OX359246.1	56558210	56560614
OG0008234	OX359246.1	56920897	56936917
OG0008235	OX359246.1	56937864	56943972
OG0008236	OX359246.1	56997903	57000185
OG0008237	OX359246.1	57001129	57004184
OG0008238	OX359246.1	57047703	57061016
OG0008239	OX359246.1	57597059	57614764
OG0008240	OX359246.1	57727724	57734246
OG0008241	OX359246.1	57882880	57904923
OG0008242	OX359246.1	58669574	58682987
OG0008243	OX359246.1	59052454	59055206
OG0008244	OX359246.1	59960798	59965393
OG0008245	OX359246.1	61684000	61685637
OG0008246	OX359246.1	63552542	63553654
OG0008247	OX359246.1	63719872	63721529
OG0008248	OX359246.1	63944134	63945969
OG0008249	OX359246.1	65179314	65192619
OG0008250	OX359246.1	65402716	65405602
OG0008251	OX359246.1	70738666	70742798
OG0008252	OX359246.1	70830256	70835121
OG0008254	OX359246.1	71847929	71848711
OG0008255	OX359246.1	72164116	72173045
OG0008256	OX359246.1	72563156	72571068
OG0008257	OX359246.1	72983854	72986081
OG0008258	OX359246.1	72997319	73001301
OG0008259	OX359246.1	75238527	75252773
OG0008260	OX359250.1	2305473	2336430
OG0008261	OX359250.1	2507186	2510483
OG0008262	OX359250.1	2954290	2959255
OG0008263	OX359250.1	3315223	3319445
OG0008264	OX359250.1	3425540	3437186
OG0008265	OX359250.1	3495091	3502357
OG0008266	OX359250.1	5165917	5177225
OG0008267	OX359250.1	5670301	5674998
OG0008268	OX359250.1	5965996	5998747
OG0008269	OX359250.1	7866093	7871528
OG0008270	OX359250.1	8514414	8518193
OG0008272	OX359250.1	9177030	9179680
OG0008273	OX359250.1	9244407	9262939
OG0008274	OX359250.1	9938334	9938947
OG0008275	OX359250.1	10027500	10028624
OG0008276	OX359250.1	10368623	10402087
OG0008277	OX359250.1	10608701	10609926
OG0008278	OX359250.1	11444502	11446926
OG0008279	OX359250.1	11463400	11465785
OG0008280	OX359250.1	11788865	11792397
OG0008281	OX359250.1	11799241	11802609
OG0008282	OX359250.1	11820164	11821673
OG0008283	OX359250.1	12112583	12115339
OG0008284	OX359250.1	12459193	12482374
OG0008285	OX359250.1	12550358	12556839
OG0008286	OX359250.1	12591217	12592633
OG0008287	OX359250.1	13266293	13286620
OG0008288	OX359250.1	13667216	13668555
OG0008289	OX359250.1	15047124	15056834
OG0008290	OX359250.1	15234121	15236221
OG0008291	OX359250.1	15639230	15641540
OG0008292	OX359250.1	15768180	15769441
OG0008293	OX359250.1	15791979	15793755
OG0008294	OX359250.1	15795940	15797435
OG0008295	OX359250.1	16240402	16242422
OG0008296	OX359250.1	16315166	16317590
OG0008297	OX359250.1	16582360	16604272
OG0008298	OX359250.1	17253058	17257848
OG0008300	OX359250.1	17513962	17521599
OG0008301	OX359250.1	18251372	18253587
OG0008302	OX359250.1	18928112	18944216
OG0008303	OX359250.1	19082612	19090167
OG0008304	OX359250.1	19125453	19129453
OG0008305	OX359250.1	19247039	19249551
OG0008306	OX359250.1	19611773	19615112
OG0008307	OX359250.1	19629092	19631640
OG0008308	OX359250.1	19816157	19816838
OG0008309	OX359250.1	19818343	19820752
OG0008310	OX359250.1	19824407	19825472
OG0008311	OX359250.1	20044239	20045766
OG0008312	OX359250.1	20218500	20231226
OG0008313	OX359250.1	20539150	20545157
OG0008314	OX359250.1	21509821	21511175
OG0008315	OX359250.1	22005957	22027089
OG0008316	OX359250.1	22615986	22617983
OG0008317	OX359250.1	22832029	22835093
OG0008318	OX359250.1	22880178	22881191
OG0008320	OX359250.1	25080953	25084326
OG0008321	OX359250.1	25552347	25570061
OG0008323	OX359250.1	26248394	26250249
OG0008324	OX359250.1	26322528	26326991
OG0008325	OX359250.1	26891020	26892341
OG0008326	OX359250.1	26898235	26904323
OG0008327	OX359250.1	27192493	27195298
OG0008328	OX359250.1	27206889	27208000
OG0008329	OX359250.1	27393842	27395800
OG0008330	OX359250.1	28295401	28309431
OG0008331	OX359250.1	28464676	28468690
OG0008332	OX359250.1	28689653	28692739
OG0008333	OX359250.1	28788951	28793641
OG0008334	OX359250.1	28873949	28877765
OG0008336	OX359250.1	28929188	28941912
OG0008337	OX359250.1	29531933	29533246
OG0008338	OX359250.1	30311766	30313874
OG0008339	OX359250.1	30338733	30340349
OG0008340	OX359250.1	30350979	30352493
OG0008341	OX359250.1	30685180	30687364
OG0008342	OX359250.1	30750782	30753266
OG0008343	OX359250.1	31323651	31325268
OG0008344	OX359250.1	31379456	31380992
OG0008345	OX359250.1	31385861	31387676
OG0008346	OX359250.1	31472794	31481097
OG0008347	OX359250.1	31576373	31586356
OG0008348	OX359250.1	31754000	31756977
OG0008349	OX359250.1	31935817	31937456
OG0008350	OX359250.1	32013082	32015432
OG0008351	OX359250.1	32023187	32025284
OG0008352	OX359250.1	32030030	32032435
OG0008353	OX359250.1	32467347	32476534
OG0008354	OX359250.1	32536799	32543722
OG0008355	OX359250.1	32986706	32989296
OG0008356	OX359250.1	33176326	33177686
OG0008357	OX359250.1	33490816	33493081
OG0008358	OX359250.1	34850643	34853445
OG0008359	OX359250.1	34881854	34882592
OG0008360	OX359250.1	35516205	35520983
OG0008361	OX359250.1	35583078	35583800
OG0008362	OX359250.1	35655510	35662059
OG0008363	OX359250.1	35722975	35736646
OG0008366	OX359250.1	36835185	36835886
OG0008367	OX359250.1	37083041	37087963
OG0008368	OX359250.1	37570339	37572011
OG0008369	OX359250.1	37804336	37806410
OG0008370	OX359250.1	37922371	37925543
OG0008371	OX359250.1	37992740	37994008
OG0008372	OX359250.1	38013585	38017626
OG0008373	OX359250.1	38458331	38464172
OG0008374	OX359250.1	38667267	38670254
OG0008375	OX359250.1	39164949	39168152
OG0008377	OX359250.1	39885561	39887843
OG0008378	OX359250.1	40275249	40278831
OG0008379	OX359250.1	40344483	40345249
OG0008380	OX359250.1	40350773	40354032
OG0008381	OX359250.1	40999534	41000550
OG0008382	OX359250.1	41034581	41037443
OG0008383	OX359250.1	41223811	41227033
OG0008385	OX359250.1	41986089	41990448
OG0008386	OX359250.1	41990634	41995221
OG0008387	OX359250.1	42045972	42047238
OG0008388	OX359250.1	42063737	42067076
OG0008389	OX359250.1	42088617	42092322
OG0008391	OX359250.1	42705155	42707881
OG0008392	OX359250.1	44181975	44188121
OG0008393	OX359250.1	44253285	44255882
OG0008394	OX359250.1	44281586	44291622
OG0008395	OX359250.1	44752853	44753452
OG0008396	OX359250.1	46268246	46277391
OG0008398	OX359250.1	47282776	47289429
OG0008399	OX359247.1	883245	885287
OG0008400	OX359247.1	972218	975081
OG0008401	OX359247.1	2602550	2606788
OG0008402	OX359247.1	2977695	2979085
OG0008403	OX359247.1	3264874	3267095
OG0008404	OX359247.1	3271066	3273680
OG0008405	OX359247.1	3685891	3686730
OG0008406	OX359247.1	3998037	4000279
OG0008407	OX359247.1	4810921	4813760
OG0008408	OX359247.1	5230614	5247387
OG0008409	OX359247.1	6990408	6991526
OG0008410	OX359247.1	7920788	7928161
OG0008411	OX359247.1	8211669	8213977
OG0008412	OX359247.1	8563566	8565834
OG0008413	OX359247.1	8674541	8675208
OG0008414	OX359247.1	10038579	10040212
OG0008415	OX359247.1	10266735	10273191
OG0008416	OX359247.1	10298856	10300286
OG0008417	OX359247.1	10702139	10703897
OG0008418	OX359247.1	10960531	10962111
OG0008419	OX359247.1	10978555	10981378
OG0008420	OX359247.1	10982473	10983818
OG0008421	OX359247.1	11003966	11014210
OG0008422	OX359247.1	11014509	11015898
OG0008423	OX359247.1	11081009	11099384
OG0008424	OX359247.1	11110706	11112727
OG0008425	OX359247.1	11123684	11129758
OG0008426	OX359247.1	11364156	11369586
OG0008427	OX359247.1	11709871	11712573
OG0008428	OX359247.1	11713845	11716049
OG0008429	OX359247.1	11997957	11999079
OG0008430	OX359247.1	13914790	13916940
OG0008431	OX359247.1	14110542	14113898
OG0008432	OX359247.1	14216201	14226775
OG0008433	OX359247.1	14244934	14251581
OG0008434	OX359247.1	14255583	14276814
OG0008435	OX359247.1	14285603	14293170
OG0008436	OX359247.1	15871158	15874665
OG0008437	OX359247.1	15890296	15892590
OG0008438	OX359247.1	15961228	16059167
OG0008439	OX359247.1	17872000	17874255
OG0008440	OX359247.1	18604845	18612381
OG0008441	OX359247.1	18613230	18614316
OG0008442	OX359247.1	18640333	18641308
OG0008443	OX359247.1	18730431	18735197
OG0008444	OX359247.1	18789181	18791141
OG0008445	OX359247.1	18807721	18810171
OG0008446	OX359247.1	18812893	18817085
OG0008447	OX359247.1	18846412	18852325
OG0008449	OX359247.1	19000258	19000891
OG0008450	OX359247.1	19045144	19052301
OG0008451	OX359247.1	19056416	19061119
OG0008452	OX359247.1	19111851	19116144
OG0008453	OX359247.1	19338870	19340750
OG0008454	OX359247.1	19341861	19348035
OG0008455	OX359247.1	20363260	20399810
OG0008456	OX359247.1	20833832	20835706
OG0008457	OX359247.1	20960059	20962194
OG0008458	OX359247.1	21521223	21524056
OG0008459	OX359247.1	21750367	21752436
OG0008460	OX359247.1	21957101	21958515
OG0008461	OX359247.1	22014599	22018104
OG0008462	OX359247.1	22294776	22295788
OG0008463	OX359247.1	22296580	22300158
OG0008464	OX359247.1	23619296	23621554
OG0008465	OX359247.1	23813824	23816484
OG0008466	OX359247.1	23830210	23831942
OG0008467	OX359247.1	24120242	24123189
OG0008468	OX359247.1	24349942	24353004
OG0008469	OX359247.1	24679858	24680527
OG0008470	OX359247.1	24692366	24695449
OG0008471	OX359247.1	24741329	24742924
OG0008472	OX359247.1	25634672	25638175
OG0008473	OX359247.1	25780742	25938308
OG0008474	OX359247.1	26074272	26230964
OG0008475	OX359247.1	26273712	26327979
OG0008476	OX359247.1	26474763	26477790
OG0008477	OX359247.1	27388943	27412763
OG0008478	OX359247.1	27490879	27494357
OG0008479	OX359247.1	27828449	27833422
OG0008480	OX359247.1	27834729	27838211
OG0008481	OX359247.1	27936123	27938097
OG0008482	OX359247.1	27985410	27988938
OG0008483	OX359247.1	28160298	28162277
OG0008484	OX359247.1	28285143	28287300
OG0008485	OX359247.1	28355949	28359233
OG0008486	OX359247.1	28370560	28371499
OG0008487	OX359247.1	28698463	28699587
OG0008489	OX359247.1	29392021	29394359
OG0008490	OX359247.1	29395272	29405669
OG0008491	OX359247.1	29670138	29674144
OG0008492	OX359247.1	30703864	30707465
OG0008493	OX359247.1	30782585	30785728
OG0008494	OX359247.1	30788033	30789610
OG0008495	OX359247.1	30835627	30838271
OG0008496	OX359247.1	30842556	30844286
OG0008497	OX359247.1	31110490	31120595
OG0008498	OX359247.1	31168476	31171217
OG0008499	OX359247.1	32043963	32045877
OG0008500	OX359247.1	32554968	32556140
OG0008501	OX359247.1	32825017	32825966
OG0008502	OX359247.1	32826576	32828415
OG0008504	OX359247.1	32968767	32970600
OG0008505	OX359247.1	33877042	33878355
OG0008506	OX359247.1	33924355	33925939
OG0008507	OX359247.1	34131945	34137618
OG0008508	OX359247.1	34465370	34467394
OG0008509	OX359247.1	34493554	34514475
OG0008510	OX359247.1	34564157	34572339
OG0008511	OX359247.1	34666143	34672324
OG0008512	OX359247.1	34700106	34701870
OG0008513	OX359247.1	34702665	34704580
OG0008514	OX359247.1	34844374	34844985
OG0008515	OX359247.1	35046951	35048210
OG0008516	OX359247.1	35048534	35049637
OG0008517	OX359247.1	35385184	35386599
OG0008518	OX359247.1	37017436	37027801
OG0008519	OX359247.1	37437436	37440457
OG0008520	OX359247.1	37460219	37460689
OG0008521	OX359247.1	37599946	37606981
OG0008522	OX359247.1	37636701	37640634
OG0008523	OX359247.1	38017904	38019648
OG0008524	OX359247.1	38023869	38025627
OG0008525	OX359247.1	38040059	38041430
OG0008526	OX359247.1	39723496	39725416
OG0008527	OX359247.1	40127005	40132054
OG0008528	OX359247.1	40359567	40363417
OG0008529	OX359247.1	40367856	40370225
OG0008530	OX359247.1	40540293	40547958
OG0008531	OX359247.1	44653456	44656544
OG0008532	OX359247.1	45260861	45263200
OG0008533	OX359247.1	46237427	46240980
OG0008534	OX359247.1	46602126	46608641
OG0008535	OX359247.1	46763126	46768549
OG0008536	OX359247.1	47322315	47326943
OG0008537	OX359247.1	47696312	47700846
OG0008538	OX359247.1	48193733	48194711
OG0008539	OX359247.1	48464659	48466872
OG0008540	OX359247.1	48821587	48823067
OG0008541	OX359247.1	49022234	49030513
OG0008542	OX359247.1	49030684	49035185
OG0008543	OX359247.1	49366843	49369763
OG0008544	OX359247.1	49398925	49402496
OG0008545	OX359247.1	49443930	49446989
OG0008546	OX359247.1	50268183	50270739
OG0008547	OX359247.1	50287071	50292221
OG0008548	OX359247.1	50721152	50722018
OG0008549	OX359247.1	51524052	51529439
OG0008550	OX359247.1	51535552	51538540
OG0008551	OX359247.1	51536070	51536940
OG0008552	OX359247.1	51953219	51958043
OG0008553	OX359247.1	52632354	52634776
OG0008554	OX359247.1	53811958	53813671
OG0008555	OX359247.1	56420200	56421264
OG0008557	OX359247.1	56878910	56887451
OG0008558	OX359247.1	57282719	57286364
OG0008560	OX359247.1	60659176	60662600
OG0008561	OX359247.1	60674085	60676890
OG0008562	OX359247.1	61554368	61555365
OG0008563	OX359247.1	61789024	61799236
OG0008564	OX359247.1	61822722	61836146
OG0008565	OX359247.1	62034428	62036038
OG0008567	OX359247.1	64844218	64853951
OG0008568	OX359247.1	64965161	64969508
OG0008569	OX359248.1	109884	115918
OG0008570	OX359248.1	382540	385878
OG0008571	OX359248.1	722612	724984
OG0008572	OX359248.1	1151044	1151829
OG0008573	OX359248.1	1326112	1328480
OG0008574	OX359248.1	1340335	1343056
OG0008575	OX359248.1	1607345	1712759
OG0008576	OX359248.1	1787484	1790993
OG0008577	OX359248.1	1825239	1825727
OG0008578	OX359248.1	1867533	1869171
OG0008579	OX359248.1	2061457	2062802
OG0008580	OX359248.1	2063465	2064588
OG0008581	OX359248.1	2064773	2065764
OG0008582	OX359248.1	2471981	2479427
OG0008583	OX359248.1	2782156	2784065
OG0008584	OX359248.1	2802740	2805528
OG0008585	OX359248.1	3307143	3312792
OG0008586	OX359248.1	3382318	3383793
OG0008587	OX359248.1	3456582	3458425
OG0008588	OX359248.1	4150425	4153091
OG0008589	OX359248.1	4354157	4363138
OG0008590	OX359248.1	4418459	4420455
OG0008591	OX359248.1	4531911	4533173
OG0008592	OX359248.1	4754725	4774013
OG0008593	OX359248.1	4899396	4900815
OG0008594	OX359248.1	4980548	4982901
OG0008595	OX359248.1	5387116	5388537
OG0008596	OX359248.1	5567449	5569202
OG0008597	OX359248.1	6872706	6879319
OG0008598	OX359248.1	7661973	7663382
OG0008599	OX359248.1	8263200	8268319
OG0008600	OX359248.1	8413316	8414351
OG0008601	OX359248.1	8424243	8428351
OG0008602	OX359248.1	8827479	8830611
OG0008603	OX359248.1	10158427	10160413
OG0008604	OX359248.1	10169014	10173290
OG0008605	OX359248.1	10181196	10183298
OG0008606	OX359248.1	10669407	10671444
OG0008607	OX359248.1	10849218	10849883
OG0008608	OX359248.1	10990274	10998108
OG0008609	OX359248.1	11313368	11318655
OG0008610	OX359248.1	11320077	11324247
OG0008611	OX359248.1	11325300	11326161
OG0008612	OX359248.1	11719409	11720689
OG0008613	OX359248.1	11906280	11909794
OG0008614	OX359248.1	12382649	12385627
OG0008615	OX359248.1	12399816	12406023
OG0008616	OX359248.1	12678222	12681747
OG0008617	OX359248.1	13350806	13356980
OG0008618	OX359248.1	13540841	13542482
OG0008619	OX359248.1	13720769	13727255
OG0008620	OX359248.1	13833936	13837422
OG0008621	OX359248.1	13853803	13861724
OG0008622	OX359248.1	14363076	14367585
OG0008623	OX359248.1	14406445	14407938
OG0008624	OX359248.1	14510693	14512584
OG0008625	OX359248.1	15088359	15089549
OG0008626	OX359248.1	15268825	15270400
OG0008627	OX359248.1	15283497	15284728
OG0008628	OX359248.1	15355104	15357921
OG0008629	OX359248.1	15366463	15369679
OG0008630	OX359248.1	15508985	15511472
OG0008631	OX359248.1	15867540	15869977
OG0008632	OX359248.1	16022349	16033942
OG0008633	OX359248.1	16049781	16054093
OG0008634	OX359248.1	16319273	16320978
OG0008635	OX359248.1	16430386	16436773
OG0008636	OX359248.1	16533966	16534805
OG0008637	OX359248.1	16761139	16850312
OG0008638	OX359248.1	17112189	17115318
OG0008639	OX359248.1	17187965	17192538
OG0008640	OX359248.1	18202680	18210811
OG0008641	OX359248.1	18285007	18285691
OG0008642	OX359248.1	18755505	18757779
OG0008643	OX359248.1	18758580	18760272
OG0008644	OX359248.1	19245581	19248383
OG0008645	OX359248.1	19275762	19279186
OG0008646	OX359248.1	19402852	19407912
OG0008647	OX359248.1	19465303	19474543
OG0008648	OX359248.1	19650722	19664339
OG0008649	OX359248.1	19693198	19694758
OG0008650	OX359248.1	20059082	20060260
OG0008651	OX359248.1	20135423	20137301
OG0008652	OX359248.1	20239346	20245027
OG0008653	OX359248.1	20746312	20749169
OG0008654	OX359248.1	20778702	20779817
OG0008655	OX359248.1	20780910	20785794
OG0008656	OX359248.1	20833994	20836082
OG0008657	OX359248.1	20836708	20840679
OG0008658	OX359248.1	20952939	20956472
OG0008659	OX359248.1	21129916	21157006
OG0008660	OX359248.1	21370283	21378631
OG0008661	OX359248.1	21493275	21501554
OG0008662	OX359248.1	21542588	21545626
OG0008663	OX359248.1	21610044	21610950
OG0008664	OX359248.1	21611442	21613136
OG0008665	OX359248.1	21742254	21743957
OG0008666	OX359248.1	22228908	22230573
OG0008667	OX359248.1	22303609	22307163
OG0008668	OX359248.1	22311593	22314641
OG0008669	OX359248.1	22509782	22514161
OG0008670	OX359248.1	22927424	22929796
OG0008671	OX359248.1	23095143	23098815
OG0008672	OX359248.1	23364947	23367543
OG0008673	OX359248.1	23368137	23371028
OG0008674	OX359248.1	23600537	23604379
OG0008675	OX359248.1	23649051	23690305
OG0008676	OX359248.1	23924967	23933094
OG0008677	OX359248.1	24199057	24202034
OG0008678	OX359248.1	24215263	24216537
OG0008679	OX359248.1	24874653	24877915
OG0008680	OX359248.1	24878693	24879393
OG0008681	OX359248.1	24879920	24880571
OG0008682	OX359248.1	24894792	24897654
OG0008683	OX359248.1	25442157	25443819
OG0008684	OX359248.1	25455204	25456930
OG0008685	OX359248.1	25667741	25675273
OG0008686	OX359248.1	25838232	25839376
OG0008687	OX359248.1	25964525	25965423
OG0008688	OX359248.1	26159163	26160789
OG0008689	OX359248.1	26236275	26239034
OG0008690	OX359248.1	26241317	26243699
OG0008691	OX359248.1	26325979	26327246
OG0008692	OX359248.1	26632269	26634596
OG0008693	OX359248.1	26941081	26945103
OG0008694	OX359248.1	27013385	27016684
OG0008695	OX359248.1	27143731	27148444
OG0008696	OX359248.1	27276106	27277562
OG0008697	OX359248.1	27427970	27430263
OG0008699	OX359248.1	27900109	27902779
OG0008700	OX359248.1	28030529	28034235
OG0008701	OX359248.1	28040728	28043096
OG0008702	OX359248.1	28164716	28167882
OG0008703	OX359248.1	28873188	28874139
OG0008704	OX359248.1	29027508	29031212
OG0008705	OX359248.1	29165986	29172707
OG0008706	OX359248.1	29344029	29347533
OG0008707	OX359248.1	29431500	29432639
OG0008708	OX359248.1	29466374	29472081
OG0008709	OX359248.1	29473033	29474495
OG0008710	OX359248.1	29475548	29477171
OG0008711	OX359248.1	30276727	30286406
OG0008712	OX359248.1	30331588	30336301
OG0008713	OX359248.1	30980124	30995767
OG0008714	OX359248.1	31054813	31056895
OG0008715	OX359248.1	31419562	31448419
OG0008716	OX359248.1	31782549	31786813
OG0008717	OX359248.1	31959331	31962735
OG0008718	OX359248.1	31991257	32009236
OG0008719	OX359248.1	32162812	32164536
OG0008721	OX359248.1	32565465	32569596
OG0008722	OX359248.1	32815001	32816678
OG0008723	OX359248.1	32843353	32909365
OG0008724	OX359248.1	32936805	32938670
OG0008725	OX359248.1	33353770	33355830
OG0008726	OX359248.1	33694466	33696451
OG0008727	OX359248.1	33951758	33954561
OG0008728	OX359248.1	34010619	34019275
OG0008729	OX359248.1	34311154	34312355
OG0008730	OX359248.1	34368280	34368919
OG0008731	OX359248.1	34390519	34392025
OG0008732	OX359248.1	34631769	34637351
OG0008733	OX359248.1	35124915	35126882
OG0008734	OX359248.1	35159978	35163332
OG0008735	OX359248.1	35167121	35169361
OG0008736	OX359248.1	35269384	35273052
OG0008737	OX359248.1	35379646	35481627
OG0008738	OX359248.1	35755969	35761526
OG0008739	OX359248.1	35864139	35867617
OG0008740	OX359248.1	35874735	35878183
OG0008741	OX359248.1	36163740	36169311
OG0008742	OX359248.1	36345623	36347869
OG0008743	OX359248.1	36354985	36359065
OG0008744	OX359248.1	36968803	36972208
OG0008745	OX359248.1	36990491	36994442
OG0008746	OX359248.1	36995942	36997748
OG0008747	OX359248.1	37006608	37008001
OG0008748	OX359248.1	37604526	37605120
OG0008749	OX359248.1	37810005	37811399
OG0008750	OX359248.1	37812061	37819072
OG0008751	OX359248.1	37887475	37902256
OG0008752	OX359248.1	38372644	38382767
OG0008753	OX359248.1	38423537	38425612
OG0008754	OX359248.1	40023200	40025773
OG0008755	OX359248.1	40041562	40043417
OG0008756	OX359248.1	40514576	40518679
OG0008757	OX359248.1	40528868	40529499
OG0008758	OX359248.1	40728898	40729555
OG0008759	OX359248.1	40906771	40907979
OG0008760	OX359248.1	42681282	42688534
OG0008761	OX359248.1	43549296	43552817
OG0008762	OX359248.1	43558868	43560959
OG0008763	OX359248.1	44762473	44766164
OG0008764	OX359248.1	44798444	44799994
OG0008765	OX359248.1	45214711	45223486
OG0008766	OX359248.1	45321703	45342645
OG0008767	OX359248.1	45393965	45404291
OG0008768	OX359248.1	45687958	45692784
OG0008769	OX359248.1	45696929	45700025
OG0008770	OX359248.1	45806198	45816645
OG0008771	OX359248.1	45851885	45857334
OG0008772	OX359248.1	47190311	47195258
OG0008773	OX359248.1	47237117	47241635
OG0008774	OX359248.1	47257396	47259090
OG0008775	OX359248.1	47277327	47294723
OG0008776	OX359248.1	47298137	47306805
OG0008777	OX359248.1	48261009	48263488
OG0008778	OX359248.1	48298293	48299860
OG0008779	OX359248.1	48983405	48985584
OG0008780	OX359248.1	48988478	49001640
OG0008781	OX359248.1	49720472	49724267
OG0008782	OX359248.1	51161690	51167276
OG0008783	OX359248.1	52968851	52972131
OG0008785	OX359248.1	53699606	53701212
OG0008786	OX359248.1	53701905	53713916
OG0008787	OX359248.1	53779519	53782722
OG0008789	OX359248.1	54684155	54725263
OG0008790	OX359248.1	55250715	55253376
OG0008791	OX359248.1	57077543	57079234
OG0008872	OX359248.1	27257812	27259918
OG0008875	OX359248.1	15849817	15851234
OG0008876	OX359247.1	40403685	40405736
OG0008879	OX359246.1	56221006	56221908
OG0008885	OX359247.1	51887526	51889688
OG0008886	OX359247.1	44686963	44688288
OG0008888	OX359248.1	1870954	1873396
OG0008889	OX359245.1	18569411	18574054
OG0008892	OX359246.1	55594340	55596639
OG0008894	OX359246.1	54045519	54047725
OG0008896	OX359246.1	42779058	42784136
OG0008903	OX359247.1	46426481	46429334
OG0008912	OX359249.1	21054388	21066323
OG0008913	OX359248.1	51762150	51822804
OG0008914	OX359248.1	52403095	52412851
OG0008917	OX359248.1	47518765	47554741
OG0008918	OX359246.1	47059363	47060396
OG0008919	OX359246.1	60509689	60510989
OG0008920	OX359250.1	14501299	14503032
OG0008922	OX359246.1	16132197	16134269
OG0008925	OX359248.1	37832998	37836461
OG0008926	OX359249.1	15449799	15483653
OG0008927	OX359247.1	59876161	59878987
OG0008928	OX359246.1	13835156	13836988
OG0008929	OX359245.1	53935644	53954218
OG0008930	OX359249.1	15055308	15059962
OG0008931	OX359248.1	1164862	1167235
OG0008933	OX359249.1	51211193	51228961
OG0008934	OX359248.1	45733599	45745170
OG0008936	OX359245.1	44280960	44283876
OG0008938	OX359245.1	3557741	3560201
OG0008939	OX359245.1	24389033	24391566
OG0008941	OX359250.1	26092840	26094177
OG0008943	OX359250.1	23077716	23079257
OG0008944	OX359250.1	19273205	19274027
OG0008946	OX359250.1	39069366	39069934
OG0008947	OX359247.1	23272441	23274963
OG0008950	OX359245.1	19090920	19102559
OG0008951	OX359248.1	37165974	37170464
OG0008952	OX359245.1	26514953	26516152
OG0008953	OX359247.1	21456347	21457819
OG0008956	OX359247.1	23485717	23491070
OG0008957	OX359247.1	31825258	31841370
OG0008958	OX359247.1	20055096	20072506
OG0008960	OX359246.1	15425079	15427281
OG0008961	OX359247.1	25100584	25102914
OG0008963	OX359246.1	39407447	39410358
OG0008964	OX359246.1	54012767	54014052
OG0008965	OX359247.1	53058011	53061214
OG0008966	OX359247.1	42986079	42987054
OG0008967	OX359249.1	20978020	20985636
OG0008969	OX359249.1	52366359	52367255
OG0008970	OX359250.1	12795057	12799342
OG0008971	OX359249.1	22339734	22341146
OG0008972	OX359248.1	27061052	27063036
OG0008978	OX359248.1	25652923	25667170
OG0008979	OX359250.1	27387578	27392675
OG0008981	OX359248.1	38076156	38084150
OG0008982	OX359250.1	29509868	29511285
OG0008983	OX359249.1	50120988	50125404
OG0008984	OX359246.1	33728749	33731994
OG0008985	OX359246.1	23478022	23485172
OG0008987	OX359248.1	38146644	38152080
OG0008988	OX359247.1	4435350	4466527
OG0008989	OX359247.1	22208667	22214020
OG0008990	OX359250.1	4644581	4653545
OG0008991	OX359247.1	20808958	20812628
OG0008992	OX359247.1	37067454	37074834
OG0008993	OX359250.1	34028645	34033300
OG0008994	OX359248.1	13629900	13634361
OG0008995	OX359249.1	22142728	22145698
OG0008997	OX359250.1	7505726	7553158
OG0008998	OX359248.1	38721432	38722677
OG0009000	OX359249.1	25350489	25363824
OG0009001	OX359247.1	21133568	21135237
OG0009004	OX359247.1	46458004	46460430
OG0009005	OX359249.1	9492759	9497914
OG0009006	OX359249.1	5557222	5653198
OG0009007	OX359248.1	21944955	21955791
OG0009008	OX359250.1	23371082	23373073
OG0009010	OX359250.1	37854919	37855765
OG0009011	OX359245.1	35558927	35563957
OG0009012	OX359246.1	70753301	70757169
OG0009013	OX359246.1	37740505	37743400
OG0009014	OX359246.1	63713200	63714579
OG0009015	OX359250.1	11971048	11982229
OG0009016	OX359247.1	23515220	23539417
OG0009017	OX359247.1	20174376	20182569
OG0009018	OX359247.1	34707248	34708102
OG0009020	OX359248.1	17096613	17099080
OG0009021	OX359248.1	45023292	45027280
OG0009022	OX359250.1	12128595	12130913
OG0009023	OX359248.1	26802026	26893374
OG0009025	OX359248.1	56738257	56742303
OG0009026	OX359250.1	29388634	29391667
OG0009027	OX359248.1	21445458	21446940
OG0009028	OX359249.1	7721975	7789083
OG0009030	OX359248.1	24991301	24992811
OG0009033	OX359249.1	46535097	46538034
OG0009034	OX359249.1	29006886	29010148
OG0009035	OX359249.1	42637764	42643953
OG0009036	OX359246.1	40537888	40538781
OG0009037	OX359248.1	35105645	35107026
OG0009038	OX359245.1	856170	932438
OG0009039	OX359245.1	16170976	16173992
OG0009040	OX359250.1	35578326	35580275
OG0009041	OX359250.1	7250592	7251506
OG0009042	OX359247.1	22988968	22990782
OG0009044	OX359247.1	27141379	27144915
OG0009045	OX359247.1	53186538	53195689
OG0009047	OX359248.1	1970296	1971827
OG0009048	OX359250.1	18800080	18846096
OG0009049	OX359247.1	22863357	22960947
OG0009050	OX359250.1	5427977	5429264
OG0009051	OX359248.1	14488778	14489997
OG0009052	OX359246.1	44215228	44216911
OG0009053	OX359250.1	42180806	42183688
OG0009054	OX359249.1	17213985	17241862
OG0009055	OX359247.1	22495088	22496440
OG0009056	OX359247.1	23503399	23506878
OG0009058	OX359248.1	1860902	1865867
OG0009059	OX359248.1	24205695	24210219
OG0009060	OX359249.1	15136706	15139612
OG0009061	OX359250.1	14433205	14455356
OG0009062	OX359248.1	6841999	6844958
OG0009063	OX359248.1	45104666	45128746
OG0009064	OX359247.1	1307479	1308484
OG0009066	OX359245.1	19874084	19875558
OG0009067	OX359247.1	43359684	43362404
OG0009068	OX359249.1	14844798	14846424
OG0009070	OX359250.1	38266885	38268274
OG0009071	OX359248.1	49078541	49219131
OG0009072	OX359249.1	32990974	32991498
OG0009073	OX359249.1	9248025	9251899
OG0009074	OX359248.1	15628571	15636543
OG0009076	OX359246.1	44393137	44397524
OG0009077	OX359248.1	35316642	35319250
OG0009078	OX359250.1	16277296	16279052
OG0009079	OX359248.1	34979691	34983350
OG0009080	OX359249.1	34685591	34686214
OG0009081	OX359246.1	55062012	55063078
OG0009083	OX359250.1	29624835	29640906
OG0009084	OX359247.1	12626337	12634000
OG0009085	OX359248.1	11327148	11331641
OG0009086	OX359250.1	17532882	17535273
OG0009087	OX359247.1	54805261	54821882
OG0009088	OX359249.1	31478768	31483691
OG0009090	OX359250.1	34198265	34214118
OG0009091	OX359248.1	38812744	38815253
OG0009092	OX359250.1	5830053	5832623
OG0009093	OX359248.1	27186096	27188635
OG0009095	OX359249.1	18304808	18308876
OG0009096	OX359248.1	18046722	18054853
OG0009098	OX359247.1	51631595	51632231
OG0009099	OX359247.1	34049539	34056666
OG0009100	OX359249.1	33785225	33805549
OG0009101	OX359250.1	36174119	36175544
OG0009103	OX359249.1	23475771	23478565
OG0009104	OX359247.1	44374268	44375887
OG0009105	OX359248.1	8555094	8574897
OG0009106	OX359249.1	26082169	26083731
OG0009107	OX359248.1	37046918	37048948
OG0009108	OX359247.1	10822336	10825157
OG0009110	OX359250.1	42410066	42415287
OG0009111	OX359247.1	24037789	24046114
OG0009112	OX359248.1	10575482	10579484
OG0009113	OX359250.1	41996778	41999046
OG0009115	OX359249.1	35069272	35070710
OG0009116	OX359246.1	42135504	42140449
OG0009117	OX359250.1	4183213	4189728
OG0009119	OX359247.1	37123564	37125597
OG0009120	OX359245.1	13247983	13248963
OG0009121	OX359248.1	31966929	31986463
OG0009122	OX359249.1	16778951	16793722
OG0009123	OX359247.1	34583656	34588429
OG0009125	OX359248.1	16410865	16422268
OG0009126	OX359248.1	24973089	24974912
OG0009127	OX359247.1	32822922	32824538
OG0009128	OX359247.1	28834785	28844280
OG0009129	OX359249.1	12115263	12116884
OG0009130	OX359249.1	39453194	39457051
OG0009131	OX359249.1	16070754	16078516
OG0009132	OX359250.1	36838749	36843936
OG0009133	OX359247.1	51763527	51765107
OG0009134	OX359245.1	17083860	17085520
OG0009135	OX359249.1	19723181	19729518
OG0009136	OX359249.1	43585202	43586914
OG0009137	OX359249.1	48420505	48432698
OG0009138	OX359249.1	51583760	51591983
OG0009139	OX359248.1	9731019	9732119
OG0009140	OX359250.1	42490408	42491834
OG0009141	OX359247.1	58379977	58382426
OG0009144	OX359245.1	26448439	26451373
OG0009145	OX359249.1	19251451	19254886
OG0009146	OX359250.1	33430407	33432125
OG0009147	OX359249.1	33524666	33539714
OG0009149	OX359246.1	56460299	56463097
OG0009150	OX359250.1	40476939	40477973
OG0009151	OX359247.1	32094895	32096949
OG0009152	OX359247.1	39861364	39862233
OG0009153	OX359248.1	35726795	35728306
OG0009154	OX359245.1	61703541	61704284
OG0009155	OX359247.1	52010820	52011932
OG0009156	OX359249.1	6426331	6428108
OG0009157	OX359249.1	7577967	7597164
OG0009158	OX359246.1	39552844	39563319
OG0009159	OX359246.1	63957789	63974767
OG0009160	OX359250.1	14025872	14031921
OG0009161	OX359247.1	8263725	8265693
OG0009162	OX359247.1	22344828	22411393
OG0009163	OX359247.1	38842990	38845736
OG0009164	OX359248.1	32482974	32485071
OG0009165	OX359245.1	20159576	20160400
OG0009166	OX359245.1	49140234	49143716
OG0009167	OX359249.1	39889518	39911920
OG0009168	OX359248.1	12252521	12253772
OG0009169	OX359249.1	3909265	3912088
OG0009170	OX359246.1	59710945	59712860
OG0009171	OX359249.1	6921390	6926018
OG0009172	OX359249.1	17375471	17426253
OG0009174	OX359249.1	22383128	22387961
OG0009175	OX359246.1	72639836	72642737
OG0009176	OX359249.1	30666817	30668783
OG0009178	OX359249.1	43551214	43569731
OG0009179	OX359248.1	34614521	34619748
OG0009180	OX359246.1	9892801	9897758
OG0009182	OX359250.1	29372043	29398017
OG0009183	OX359250.1	37573154	37574180
OG0009184	OX359247.1	34712468	34714096
OG0009185	OX359247.1	32893852	32897664
OG0009186	OX359247.1	32937240	32938646
OG0009187	OX359247.1	49319500	49333430
OG0009189	OX359248.1	28728048	28798895
OG0009190	OX359247.1	34647596	34661319
OG0009191	OX359249.1	20707319	20709907
OG0009195	OX359247.1	24635242	24637136
OG0009196	OX359247.1	35736955	35739902
OG0009197	OX359248.1	21300540	21316425
OG0009198	OX359245.1	41070216	41070985
OG0009199	OX359249.1	18443409	18448632
OG0009200	OX359249.1	33618089	33684357
OG0009201	OX359249.1	47234182	47236855
OG0009202	OX359246.1	42496944	42499555
OG0009203	OX359250.1	6690627	6694743
OG0009204	OX359248.1	29263365	29265392
OG0009205	OX359247.1	40409722	40413770
OG0009206	OX359247.1	53264116	53266704
OG0009207	OX359248.1	13395328	13397493
OG0009209	OX359247.1	7088274	7092296
OG0009210	OX359247.1	16616805	16617649
OG0009211	OX359248.1	35845122	35846279
OG0009212	OX359249.1	595803	605689
OG0009213	OX359249.1	36120027	36121289
OG0009214	OX359250.1	28943498	28947766
OG0009216	OX359248.1	25415558	25430326
OG0009217	OX359250.1	21990061	21991985
OG0009218	OX359250.1	23540254	23655352
OG0009219	OX359247.1	13967415	13980745
OG0009220	OX359247.1	50329703	50330898
OG0009221	OX359248.1	26999323	27002541
OG0009222	OX359248.1	19298092	19300258
OG0009223	OX359248.1	26138959	26154940
OG0009224	OX359248.1	33478005	33479559
OG0009226	OX359249.1	8535536	8537511
OG0009227	OX359249.1	18566703	18570247
OG0009231	OX359248.1	15090320	15090839
OG0009232	OX359246.1	20943216	20945747
OG0009235	OX359249.1	28124872	28125771
OG0009236	OX359250.1	16046673	16048065
OG0009237	OX359248.1	25161361	25164470
OG0009240	OX359247.1	8310689	8366034
OG0009241	OX359250.1	32055996	32058690
OG0009242	OX359248.1	13749539	13752290
OG0009244	OX359248.1	37666369	37677401
OG0009245	OX359248.1	35507446	35508155
OG0009246	OX359246.1	56498212	56501392
OG0009247	OX359247.1	23025379	23034560
OG0009248	OX359250.1	10935102	10939597
OG0009249	OX359247.1	47267952	47314021
OG0009250	OX359248.1	14337526	14343061
OG0009251	OX359249.1	29892610	29914784
OG0009252	OX359247.1	32999365	33004467
OG0009253	OX359246.1	9349135	9351497
OG0009254	OX359247.1	34805419	34808777
OG0009255	OX359249.1	10769590	10771373
OG0009256	OX359249.1	12784429	12787223
OG0009257	OX359249.1	52668512	52685361
OG0009258	OX359246.1	4239071	4245762
OG0009259	OX359248.1	31283078	31289462
OG0009260	OX359249.1	28243405	28247278
OG0009261	OX359249.1	36851937	36854370
OG0009262	OX359249.1	39111758	39117497
OG0009263	OX359249.1	47396452	47409819
OG0009264	OX359246.1	32884706	32886627
OG0009265	OX359246.1	57555402	57558075
OG0009266	OX359250.1	14260084	14288153
OG0009267	OX359250.1	31481672	31486989
OG0009268	OX359247.1	19473687	19480758
OG0009269	OX359248.1	4849710	4852275
OG0009270	OX359248.1	18684662	18689936
OG0009271	OX359248.1	34750799	34753381
OG0009273	OX359245.1	1080594	1088224
OG0009274	OX359245.1	4868064	4870299
OG0009275	OX359245.1	5096687	5100018
OG0009276	OX359245.1	12273186	12274416
OG0009277	OX359245.1	12289260	12291493
OG0009278	OX359245.1	14754001	14755947
OG0009279	OX359245.1	15147031	15149922
OG0009280	OX359245.1	15890256	15893928
OG0009281	OX359245.1	16037809	16039954
OG0009282	OX359245.1	16196624	16201131
OG0009283	OX359245.1	16726237	16732672
OG0009284	OX359245.1	16820537	16821118
OG0009286	OX359245.1	17141103	17173989
OG0009287	OX359245.1	18731333	18733168
OG0009288	OX359245.1	18771099	18771721
OG0009289	OX359245.1	19433215	19434447
OG0009290	OX359245.1	19459412	19462472
OG0009291	OX359245.1	19463102	19464856
OG0009292	OX359245.1	19816457	19851139
OG0009293	OX359245.1	19982374	19983289
OG0009294	OX359245.1	20153588	20156813
OG0009295	OX359245.1	20199390	20204546
OG0009297	OX359245.1	20944557	20946513
OG0009298	OX359245.1	20965197	20967956
OG0009299	OX359245.1	23653410	23660045
OG0009300	OX359245.1	23920730	23922749
OG0009301	OX359245.1	24116732	24121621
OG0009302	OX359245.1	24392111	24393460
OG0009303	OX359245.1	24600109	24601518
OG0009304	OX359245.1	24604127	24608387
OG0009305	OX359245.1	24609330	24610658
OG0009306	OX359245.1	24610899	24611740
OG0009307	OX359245.1	25104825	25108263
OG0009308	OX359245.1	25392584	25394743
OG0009309	OX359245.1	25559943	25560913
OG0009310	OX359245.1	25676858	25680243
OG0009311	OX359245.1	26055098	26060043
OG0009313	OX359245.1	26291490	26294814
OG0009314	OX359245.1	26391842	26397780
OG0009315	OX359245.1	27811818	27813540
OG0009316	OX359245.1	27987332	27993201
OG0009317	OX359245.1	29694031	29695347
OG0009318	OX359245.1	30602465	30612477
OG0009319	OX359245.1	30830811	30833153
OG0009320	OX359245.1	31119076	31120634
OG0009321	OX359245.1	31142927	31144586
OG0009322	OX359245.1	31489217	31497952
OG0009323	OX359245.1	34972459	34983778
OG0009324	OX359245.1	35459488	35460655
OG0009326	OX359245.1	39145419	39147669
OG0009327	OX359245.1	39576900	39578803
OG0009328	OX359245.1	40966045	40968384
OG0009329	OX359245.1	40970628	40971940
OG0009330	OX359245.1	41061595	41063134
OG0009331	OX359245.1	41421256	41423911
OG0009332	OX359245.1	42866635	42869187
OG0009333	OX359245.1	43407352	43412093
OG0009334	OX359245.1	44179523	44184955
OG0009335	OX359245.1	44271689	44273271
OG0009336	OX359245.1	49201317	49202915
OG0009338	OX359245.1	50761720	50765289
OG0009339	OX359245.1	50953330	50954572
OG0009340	OX359245.1	51039846	51041255
OG0009341	OX359245.1	51325763	51343153
OG0009342	OX359245.1	54772799	54775818
OG0009344	OX359245.1	57291056	57292571
OG0009345	OX359245.1	64874087	64876668
OG0009346	OX359245.1	64919338	64930008
OG0009347	OX359245.1	67800958	67804583
OG0009349	OX359245.1	71823294	71824950
OG0009350	OX359249.1	109586	117293
OG0009351	OX359249.1	557626	565910
OG0009352	OX359249.1	615749	621696
OG0009353	OX359249.1	774065	775682
OG0009354	OX359249.1	1084094	1085908
OG0009355	OX359249.1	1087229	1129441
OG0009356	OX359249.1	1154928	1187971
OG0009357	OX359249.1	1231326	1232452
OG0009358	OX359249.1	2082706	2096120
OG0009359	OX359249.1	4198613	4209911
OG0009360	OX359249.1	4348779	4352928
OG0009361	OX359249.1	4843664	4848882
OG0009362	OX359249.1	5036935	5038140
OG0009363	OX359249.1	5444863	5447434
OG0009364	OX359249.1	5507379	5514690
OG0009365	OX359249.1	6108708	6111614
OG0009366	OX359249.1	6121468	6172896
OG0009367	OX359249.1	6182146	6195070
OG0009368	OX359249.1	6525200	6546392
OG0009369	OX359249.1	7327286	7330630
OG0009370	OX359249.1	7354029	7357449
OG0009371	OX359249.1	7398513	7412054
OG0009372	OX359249.1	7698011	7700014
OG0009373	OX359249.1	7888774	7892013
OG0009374	OX359249.1	8442516	8449033
OG0009375	OX359249.1	8499535	8519434
OG0009376	OX359249.1	8543761	8552235
OG0009377	OX359249.1	9056949	9059967
OG0009378	OX359249.1	9089420	9096450
OG0009379	OX359249.1	9335606	9336695
OG0009380	OX359249.1	9415661	9420581
OG0009381	OX359249.1	9487188	9488738
OG0009382	OX359249.1	10514498	10523026
OG0009383	OX359249.1	11023389	11024644
OG0009384	OX359249.1	11024865	11025894
OG0009385	OX359249.1	11209779	11213713
OG0009386	OX359249.1	11259609	11261233
OG0009387	OX359249.1	11263549	11266865
OG0009388	OX359249.1	11299096	11309619
OG0009389	OX359249.1	11451510	11511677
OG0009390	OX359249.1	11759138	11767090
OG0009391	OX359249.1	11788532	11792132
OG0009392	OX359249.1	11926195	11928042
OG0009393	OX359249.1	11983947	11989335
OG0009394	OX359249.1	12042921	12044810
OG0009395	OX359249.1	12739035	12740400
OG0009396	OX359249.1	12743966	12768255
OG0009397	OX359249.1	12930294	12945786
OG0009398	OX359249.1	12947221	12954945
OG0009399	OX359249.1	13211496	13215904
OG0009400	OX359249.1	13222512	13223759
OG0009401	OX359249.1	13681207	13684958
OG0009402	OX359249.1	13786575	13787731
OG0009403	OX359249.1	14088341	14097195
OG0009404	OX359249.1	14236945	14237677
OG0009405	OX359249.1	14242922	14244807
OG0009406	OX359249.1	14328333	14334047
OG0009407	OX359249.1	14442056	14446636
OG0009408	OX359249.1	14678800	14681574
OG0009409	OX359249.1	14685850	14706974
OG0009410	OX359249.1	14771753	14775309
OG0009411	OX359249.1	14787951	14789928
OG0009412	OX359249.1	14836662	14838092
OG0009413	OX359249.1	14973629	14976084
OG0009414	OX359249.1	15002023	15005593
OG0009415	OX359249.1	15173832	15184986
OG0009416	OX359249.1	15186180	15188145
OG0009417	OX359249.1	15193274	15194698
OG0009418	OX359249.1	15198163	15204069
OG0009419	OX359249.1	15370210	15375631
OG0009420	OX359249.1	15646092	15652037
OG0009421	OX359249.1	15832735	15844192
OG0009422	OX359249.1	15884442	15889746
OG0009423	OX359249.1	15892846	15895265
OG0009424	OX359249.1	15896205	15897821
OG0009425	OX359249.1	15905739	15906770
OG0009426	OX359249.1	16092394	16094617
OG0009427	OX359249.1	16108029	16115855
OG0009428	OX359249.1	16207019	16210947
OG0009429	OX359249.1	16248677	16250498
OG0009430	OX359249.1	16458296	16459625
OG0009431	OX359249.1	16474176	16477348
OG0009432	OX359249.1	16503965	16508201
OG0009433	OX359249.1	16519082	16527492
OG0009434	OX359249.1	16546721	16547762
OG0009435	OX359249.1	16589817	16632171
OG0009436	OX359249.1	16674832	16681135
OG0009437	OX359249.1	16738587	16745415
OG0009438	OX359249.1	16885330	16886900
OG0009439	OX359249.1	17133378	17141186
OG0009440	OX359249.1	17955890	17957492
OG0009442	OX359249.1	18599250	18605788
OG0009443	OX359249.1	18638708	18663004
OG0009444	OX359249.1	18781654	18782906
OG0009445	OX359249.1	18809160	18813668
OG0009446	OX359249.1	18831898	18837575
OG0009447	OX359249.1	18850351	18851762
OG0009448	OX359249.1	19073760	19077793
OG0009449	OX359249.1	19120972	19123143
OG0009450	OX359249.1	19236841	19237847
OG0009451	OX359249.1	19328382	19331886
OG0009452	OX359249.1	19332816	19333646
OG0009453	OX359249.1	19825136	19831534
OG0009454	OX359249.1	19872730	19875576
OG0009455	OX359249.1	20727704	20747740
OG0009456	OX359249.1	21142484	21145204
OG0009457	OX359249.1	21166805	21168757
OG0009458	OX359249.1	21197848	21198494
OG0009459	OX359249.1	21379957	21387328
OG0009460	OX359249.1	21443809	21457708
OG0009461	OX359249.1	21509080	21514591
OG0009462	OX359249.1	21737374	21738779
OG0009463	OX359249.1	22172364	22179191
OG0009464	OX359249.1	22221472	22223868
OG0009465	OX359249.1	22271620	22276078
OG0009466	OX359249.1	22291582	22295689
OG0009467	OX359249.1	22302389	22303715
OG0009468	OX359249.1	22827025	22831634
OG0009469	OX359249.1	22838278	22848903
OG0009470	OX359249.1	23097182	23104073
OG0009471	OX359249.1	23363097	23379906
OG0009472	OX359249.1	23778857	23780312
OG0009473	OX359249.1	24526524	24530958
OG0009474	OX359249.1	24711182	24712939
OG0009475	OX359249.1	24836370	24845203
OG0009476	OX359249.1	25220165	25227320
OG0009477	OX359249.1	25370195	25392759
OG0009478	OX359249.1	25535290	25556096
OG0009479	OX359249.1	25870846	25883074
OG0009480	OX359249.1	26031981	26033689
OG0009481	OX359249.1	26072499	26073328
OG0009482	OX359249.1	26108620	26109258
OG0009483	OX359249.1	26184831	26188612
OG0009484	OX359249.1	26340011	26342622
OG0009485	OX359249.1	26409642	26414357
OG0009486	OX359249.1	26621835	26623428
OG0009487	OX359249.1	27262135	27266987
OG0009488	OX359249.1	27302464	27305308
OG0009489	OX359249.1	27317812	27319399
OG0009490	OX359249.1	27322803	27324661
OG0009491	OX359249.1	27333917	27337585
OG0009492	OX359249.1	27542740	27549436
OG0009493	OX359249.1	27801917	27807720
OG0009494	OX359249.1	27820461	27823782
OG0009495	OX359249.1	27855745	27859570
OG0009496	OX359249.1	28257646	28271226
OG0009497	OX359249.1	28309208	28314066
OG0009498	OX359249.1	28321625	28322892
OG0009499	OX359249.1	28936076	28937415
OG0009500	OX359249.1	28939593	28942093
OG0009501	OX359249.1	29010927	29014426
OG0009502	OX359249.1	29095819	29098669
OG0009503	OX359249.1	29170256	29172363
OG0009504	OX359249.1	29196889	29200267
OG0009505	OX359249.1	29268759	29269364
OG0009506	OX359249.1	29296896	29299148
OG0009507	OX359249.1	29478579	29486072
OG0009508	OX359249.1	29548608	29550607
OG0009509	OX359249.1	29686438	29690981
OG0009510	OX359249.1	29915887	29917791
OG0009511	OX359249.1	29924098	29926386
OG0009512	OX359249.1	30067814	30073223
OG0009513	OX359249.1	30162287	30163396
OG0009514	OX359249.1	30402361	30409987
OG0009515	OX359249.1	30543987	30545671
OG0009516	OX359249.1	30668764	30670146
OG0009517	OX359249.1	30684965	30686057
OG0009518	OX359249.1	30704090	30705697
OG0009519	OX359249.1	30715751	30717348
OG0009520	OX359249.1	30734869	30740660
OG0009521	OX359249.1	30751402	30755099
OG0009522	OX359249.1	30808283	30810627
OG0009523	OX359249.1	30907551	30919267
OG0009524	OX359249.1	31047807	31063687
OG0009525	OX359249.1	31076611	31079865
OG0009526	OX359249.1	31207807	31225954
OG0009527	OX359249.1	31356070	31357148
OG0009528	OX359249.1	31357810	31359489
OG0009529	OX359249.1	31461643	31466115
OG0009530	OX359249.1	31499342	31573576
OG0009531	OX359249.1	31585915	31593945
OG0009532	OX359249.1	31913456	31934572
OG0009533	OX359249.1	32028598	32035765
OG0009534	OX359249.1	32074270	32077557
OG0009535	OX359249.1	32107027	32117046
OG0009536	OX359249.1	32118956	32121225
OG0009537	OX359249.1	32213211	32253654
OG0009538	OX359249.1	32579654	32581596
OG0009539	OX359249.1	32683276	32727278
OG0009540	OX359249.1	32740804	32750815
OG0009541	OX359249.1	32761943	32767939
OG0009542	OX359249.1	32769655	32771310
OG0009543	OX359249.1	32988334	32990023
OG0009544	OX359249.1	33051213	33052515
OG0009545	OX359249.1	33066909	33069301
OG0009546	OX359249.1	33069869	33075015
OG0009547	OX359249.1	33360218	33373144
OG0009548	OX359249.1	33379150	33383472
OG0009549	OX359249.1	33433444	33436089
OG0009550	OX359249.1	33450241	33453846
OG0009551	OX359249.1	33513855	33516377
OG0009552	OX359249.1	33565648	33566961
OG0009553	OX359249.1	33954164	33957674
OG0009554	OX359249.1	33981732	33989949
OG0009555	OX359249.1	34040681	34047189
OG0009556	OX359249.1	34054439	34057411
OG0009557	OX359249.1	34181535	34182985
OG0009558	OX359249.1	34305302	34313260
OG0009559	OX359249.1	34318332	34319019
OG0009560	OX359249.1	34333240	34335996
OG0009561	OX359249.1	34410052	34427375
OG0009562	OX359249.1	34485445	34490428
OG0009563	OX359249.1	34505969	34508910
OG0009564	OX359249.1	34526262	34527846
OG0009565	OX359249.1	34886355	34892420
OG0009566	OX359249.1	35484167	35496635
OG0009567	OX359249.1	35510920	35514133
OG0009568	OX359249.1	35535108	35543945
OG0009569	OX359249.1	35569811	35575212
OG0009570	OX359249.1	35584995	35588524
OG0009571	OX359249.1	35740556	35743496
OG0009572	OX359249.1	36127794	36129712
OG0009573	OX359249.1	36181395	36184791
OG0009574	OX359249.1	36188374	36192442
OG0009575	OX359249.1	36389521	36390291
OG0009576	OX359249.1	36742518	36744499
OG0009577	OX359249.1	36911684	36914451
OG0009578	OX359249.1	37685480	37686463
OG0009579	OX359249.1	37729297	37732157
OG0009580	OX359249.1	38053439	38058806
OG0009581	OX359249.1	38093221	38093819
OG0009582	OX359249.1	38096370	38098126
OG0009583	OX359249.1	38605483	38608115
OG0009584	OX359249.1	38636716	38649889
OG0009585	OX359249.1	38746609	38749065
OG0009586	OX359249.1	39096559	39097626
OG0009587	OX359249.1	39140669	39143101
OG0009588	OX359249.1	39198508	39203097
OG0009589	OX359249.1	39646711	39647813
OG0009590	OX359249.1	39693023	39726986
OG0009591	OX359249.1	39732131	39734859
OG0009592	OX359249.1	39975864	40004702
OG0009593	OX359249.1	40004855	40007024
OG0009594	OX359249.1	40353073	40355460
OG0009595	OX359249.1	40375303	40376122
OG0009596	OX359249.1	40628002	40639588
OG0009597	OX359249.1	40987459	40991325
OG0009598	OX359249.1	41042917	41052574
OG0009599	OX359249.1	41063149	41073000
OG0009600	OX359249.1	41189216	41196229
OG0009601	OX359249.1	41248117	41250684
OG0009602	OX359249.1	41266020	41267204
OG0009603	OX359249.1	41294153	41300228
OG0009604	OX359249.1	41320922	41322670
OG0009605	OX359249.1	42025655	42039224
OG0009606	OX359249.1	42544663	42548163
OG0009607	OX359249.1	42615965	42618825
OG0009608	OX359249.1	42625078	42626126
OG0009609	OX359249.1	43020033	43026509
OG0009610	OX359249.1	43378433	43383274
OG0009611	OX359249.1	43388016	43398464
OG0009612	OX359249.1	43416149	43419190
OG0009613	OX359249.1	43424402	43425871
OG0009614	OX359249.1	43893279	43894514
OG0009615	OX359249.1	43904853	43907714
OG0009616	OX359249.1	44130662	44133732
OG0009617	OX359249.1	45159516	45168006
OG0009618	OX359249.1	45267299	45270930
OG0009619	OX359249.1	45285726	45366184
OG0009620	OX359249.1	45348929	45353723
OG0009621	OX359249.1	45733984	45740642
OG0009622	OX359249.1	46104666	46112734
OG0009623	OX359249.1	46185083	46214244
OG0009624	OX359249.1	46470750	46484683
OG0009625	OX359249.1	46572338	46574707
OG0009626	OX359249.1	46594889	46596824
OG0009627	OX359249.1	46861901	46865649
OG0009628	OX359249.1	47245589	47255553
OG0009629	OX359249.1	47293327	47297502
OG0009630	OX359249.1	47343935	47349304
OG0009631	OX359249.1	47652475	47655114
OG0009632	OX359249.1	47677057	47688817
OG0009633	OX359249.1	49413482	49419305
OG0009634	OX359249.1	49605389	49608734
OG0009635	OX359249.1	50220154	50224176
OG0009636	OX359249.1	50370740	50374679
OG0009637	OX359249.1	50510881	50516457
OG0009638	OX359249.1	50545547	50549268
OG0009639	OX359249.1	50550841	50554747
OG0009640	OX359249.1	50603925	50608190
OG0009641	OX359249.1	50651544	50658371
OG0009642	OX359249.1	50925672	50930231
OG0009643	OX359249.1	51002980	51020265
OG0009644	OX359249.1	51195417	51202658
OG0009645	OX359249.1	51263489	51267861
OG0009646	OX359249.1	51309231	51324136
OG0009647	OX359249.1	51333749	51335178
OG0009648	OX359249.1	51495753	51507318
OG0009649	OX359249.1	52083669	52084805
OG0009650	OX359249.1	52198075	52245807
OG0009651	OX359249.1	52957962	52991912
OG0009652	OX359249.1	52992483	53002787
OG0009653	OX359246.1	206303	210971
OG0009654	OX359246.1	1873377	1884357
OG0009655	OX359246.1	2211117	2215490
OG0009656	OX359246.1	2225075	2228784
OG0009657	OX359246.1	4044897	4047263
OG0009659	OX359246.1	7468489	7469781
OG0009660	OX359246.1	7734721	7737377
OG0009661	OX359246.1	8734585	8736463
OG0009662	OX359246.1	9386792	9387869
OG0009663	OX359246.1	9601424	9602278
OG0009664	OX359246.1	13545484	13547782
OG0009665	OX359246.1	14630977	14639889
OG0009666	OX359246.1	19593238	19595896
OG0009667	OX359246.1	20092022	20093174
OG0009668	OX359246.1	21720888	21752292
OG0009669	OX359246.1	21866008	21867270
OG0009670	OX359246.1	23126452	23128917
OG0009671	OX359246.1	23214257	23215030
OG0009672	OX359246.1	23601332	23605765
OG0009673	OX359246.1	23922486	23925507
OG0009674	OX359246.1	23957136	23961401
OG0009675	OX359246.1	24217574	24219288
OG0009676	OX359246.1	24404131	24470449
OG0009677	OX359246.1	26405215	26410907
OG0009679	OX359246.1	27288046	27289629
OG0009680	OX359246.1	27294296	27297349
OG0009681	OX359246.1	30161958	30183080
OG0009682	OX359246.1	31698744	31701219
OG0009683	OX359246.1	31789932	31791437
OG0009684	OX359246.1	33363692	33365932
OG0009685	OX359246.1	33841203	33844981
OG0009686	OX359246.1	33851523	33853779
OG0009687	OX359246.1	34115873	34118436
OG0009688	OX359246.1	34129647	34134029
OG0009689	OX359246.1	34342204	34343150
OG0009690	OX359246.1	34681087	34683457
OG0009691	OX359246.1	34687423	34689740
OG0009692	OX359246.1	34827039	34831170
OG0009693	OX359246.1	35106409	35112852
OG0009694	OX359246.1	35200156	35201488
OG0009695	OX359246.1	35353970	35355917
OG0009696	OX359246.1	36417266	36419041
OG0009697	OX359246.1	37061631	37063021
OG0009698	OX359246.1	37607579	37611888
OG0009699	OX359246.1	37813785	37817453
OG0009700	OX359246.1	38244862	38247027
OG0009701	OX359246.1	38296121	38297236
OG0009702	OX359246.1	39567507	39569661
OG0009703	OX359246.1	39587672	39652988
OG0009704	OX359246.1	39929652	39933997
OG0009705	OX359246.1	40483031	40484103
OG0009706	OX359246.1	40508572	40509332
OG0009707	OX359246.1	40922661	40927369
OG0009708	OX359246.1	42470100	42471601
OG0009709	OX359246.1	42544022	42544725
OG0009710	OX359246.1	43761330	43762118
OG0009711	OX359246.1	45254511	45282275
OG0009712	OX359246.1	45584063	45585352
OG0009713	OX359246.1	46072067	46074048
OG0009714	OX359246.1	46905400	46906284
OG0009716	OX359246.1	47517297	47527397
OG0009717	OX359246.1	47935672	47938109
OG0009718	OX359246.1	47942827	47946414
OG0009719	OX359246.1	48059192	48061849
OG0009720	OX359246.1	48063308	48064393
OG0009721	OX359246.1	48108735	48110400
OG0009722	OX359246.1	49426416	49442798
OG0009723	OX359246.1	50360548	50367450
OG0009724	OX359246.1	50456514	50495534
OG0009725	OX359246.1	53396380	53399146
OG0009726	OX359246.1	53742222	53745887
OG0009727	OX359246.1	54452727	54464244
OG0009728	OX359246.1	54620742	54622818
OG0009729	OX359246.1	54630348	54660494
OG0009730	OX359246.1	55535402	55546605
OG0009731	OX359246.1	55653386	55658124
OG0009732	OX359246.1	55658333	55659721
OG0009733	OX359246.1	55988690	55996925
OG0009734	OX359246.1	56018385	56020872
OG0009735	OX359246.1	56084392	56085872
OG0009736	OX359246.1	56453991	56455393
OG0009737	OX359246.1	56878190	56881525
OG0009738	OX359246.1	57559648	57562413
OG0009739	OX359246.1	57852649	57853284
OG0009740	OX359246.1	57853465	57854734
OG0009741	OX359246.1	58743231	58743916
OG0009742	OX359246.1	59447870	59454668
OG0009743	OX359246.1	59751038	59754313
OG0009744	OX359246.1	59812004	59813369
OG0009745	OX359246.1	61756059	61757738
OG0009746	OX359246.1	62355491	62383934
OG0009748	OX359246.1	65333698	65336384
OG0009749	OX359246.1	67098769	67130259
OG0009750	OX359246.1	67544638	67547145
OG0009751	OX359246.1	67557311	67559968
OG0009752	OX359246.1	68261944	68265094
OG0009753	OX359246.1	68275712	68279298
OG0009754	OX359246.1	70669547	70685217
OG0009757	OX359246.1	72038640	72040461
OG0009758	OX359246.1	72244091	72245954
OG0009759	OX359246.1	72500926	72502077
OG0009760	OX359246.1	72989600	72996971
OG0009761	OX359246.1	73743636	73745623
OG0009762	OX359246.1	75007760	75016665
OG0009763	OX359250.1	1745508	1746699
OG0009764	OX359250.1	1781823	1784500
OG0009765	OX359250.1	1867979	1870606
OG0009766	OX359250.1	2217590	2231870
OG0009768	OX359250.1	2921990	2948828
OG0009769	OX359250.1	2962027	2968123
OG0009771	OX359250.1	3206948	3221585
OG0009772	OX359250.1	3357706	3361350
OG0009773	OX359250.1	3364696	3390902
OG0009774	OX359250.1	3482360	3488460
OG0009775	OX359250.1	3507841	3513758
OG0009776	OX359250.1	3535413	3538686
OG0009777	OX359250.1	4067847	4074648
OG0009778	OX359250.1	4430392	4449060
OG0009779	OX359250.1	5470362	5473917
OG0009780	OX359250.1	5648520	5649647
OG0009781	OX359250.1	5834165	5837814
OG0009782	OX359250.1	5956160	5961157
OG0009783	OX359250.1	5961231	5962489
OG0009784	OX359250.1	6007745	6030572
OG0009785	OX359250.1	6177336	6180274
OG0009786	OX359250.1	6197093	6198038
OG0009787	OX359250.1	6198536	6201052
OG0009788	OX359250.1	6708402	6711654
OG0009789	OX359250.1	6741957	6746386
OG0009790	OX359250.1	7054453	7060642
OG0009791	OX359250.1	7163809	7175397
OG0009792	OX359250.1	7617121	7620368
OG0009793	OX359250.1	7621215	7625175
OG0009794	OX359250.1	7635567	7636258
OG0009795	OX359250.1	7636697	7639268
OG0009796	OX359250.1	7682492	7686884
OG0009797	OX359250.1	7695709	7698603
OG0009798	OX359250.1	7810371	7813598
OG0009799	OX359250.1	7815015	7817570
OG0009800	OX359250.1	7838501	7839253
OG0009801	OX359250.1	8499964	8506841
OG0009802	OX359250.1	8735545	8741484
OG0009803	OX359250.1	8960537	8960797
OG0009804	OX359250.1	8961598	8963090
OG0009805	OX359250.1	8965567	9020043
OG0009806	OX359250.1	9100731	9102110
OG0009807	OX359250.1	9118422	9122587
OG0009808	OX359250.1	9127296	9129024
OG0009809	OX359250.1	9136096	9140739
OG0009810	OX359250.1	9155038	9160258
OG0009811	OX359250.1	9200544	9206320
OG0009812	OX359250.1	9242744	9243674
OG0009813	OX359250.1	9347496	9353274
OG0009814	OX359250.1	9358594	9366262
OG0009815	OX359250.1	9440187	9442785
OG0009816	OX359250.1	9444066	9446350
OG0009817	OX359250.1	9447651	9489210
OG0009818	OX359250.1	9494156	9494749
OG0009819	OX359250.1	9708318	9709972
OG0009820	OX359250.1	9721093	9726264
OG0009821	OX359250.1	9927967	9929808
OG0009822	OX359250.1	10023710	10026723
OG0009823	OX359250.1	10039487	10040583
OG0009824	OX359250.1	10056859	10057586
OG0009825	OX359250.1	10058079	10060126
OG0009826	OX359250.1	10084989	10098512
OG0009827	OX359250.1	10175034	10187408
OG0009828	OX359250.1	10351469	10355128
OG0009829	OX359250.1	10696912	10712593
OG0009830	OX359250.1	10721412	10723167
OG0009831	OX359250.1	10794702	10798040
OG0009832	OX359250.1	10907076	10908611
OG0009833	OX359250.1	10923767	10928758
OG0009834	OX359250.1	11468852	11470815
OG0009835	OX359250.1	11476085	11482987
OG0009836	OX359250.1	11711782	11714615
OG0009837	OX359250.1	11714835	11725968
OG0009838	OX359250.1	11903691	11906613
OG0009839	OX359250.1	12256654	12258355
OG0009840	OX359250.1	12585995	12588584
OG0009841	OX359250.1	12594799	12596339
OG0009842	OX359250.1	12806940	12808887
OG0009843	OX359250.1	12829320	12831608
OG0009844	OX359250.1	13084269	13090464
OG0009845	OX359250.1	13302517	13305232
OG0009846	OX359250.1	13306854	13309916
OG0009847	OX359250.1	13313881	13314375
OG0009848	OX359250.1	13384728	13388008
OG0009849	OX359250.1	13413375	13415955
OG0009850	OX359250.1	13417971	13420150
OG0009851	OX359250.1	13527529	13534159
OG0009852	OX359250.1	13555075	13556268
OG0009853	OX359250.1	14120029	14124789
OG0009854	OX359250.1	14406064	14409254
OG0009855	OX359250.1	14471658	14472911
OG0009856	OX359250.1	14479849	14480623
OG0009857	OX359250.1	14481034	14483030
OG0009858	OX359250.1	14554166	14555992
OG0009859	OX359250.1	14600625	14603356
OG0009860	OX359250.1	14906044	14910984
OG0009861	OX359250.1	14923399	14924355
OG0009862	OX359250.1	14926546	14928553
OG0009863	OX359250.1	15028122	15029217
OG0009864	OX359250.1	15132116	15135048
OG0009865	OX359250.1	15187467	15188868
OG0009866	OX359250.1	15189539	15192374
OG0009867	OX359250.1	15229648	15233766
OG0009868	OX359250.1	15248842	15250809
OG0009869	OX359250.1	15286762	15291533
OG0009870	OX359250.1	15303712	15308675
OG0009871	OX359250.1	15316246	15322910
OG0009872	OX359250.1	15647314	15653425
OG0009873	OX359250.1	15671553	15681242
OG0009874	OX359250.1	15719005	15720284
OG0009875	OX359250.1	15728137	15729510
OG0009876	OX359250.1	15798442	15799446
OG0009877	OX359250.1	15821978	15826938
OG0009878	OX359250.1	15930658	15941642
OG0009879	OX359250.1	15941885	15952307
OG0009880	OX359250.1	15954225	15957212
OG0009881	OX359250.1	15991941	15997201
OG0009882	OX359250.1	16098945	16101183
OG0009883	OX359250.1	16247070	16259943
OG0009885	OX359250.1	16946233	16958065
OG0009886	OX359250.1	16969671	16990764
OG0009887	OX359250.1	17762095	17763374
OG0009888	OX359250.1	18351199	18354167
OG0009889	OX359250.1	18368283	18370675
OG0009890	OX359250.1	18383194	18390320
OG0009891	OX359250.1	18391253	18402339
OG0009892	OX359250.1	18531766	18550009
OG0009893	OX359250.1	18733396	18744476
OG0009894	OX359250.1	18947366	18948136
OG0009895	OX359250.1	19048486	19070899
OG0009896	OX359250.1	19182361	19187561
OG0009897	OX359250.1	19234035	19235919
OG0009898	OX359250.1	19276460	19281837
OG0009899	OX359250.1	19378364	19381098
OG0009900	OX359250.1	19605076	19606046
OG0009901	OX359250.1	19632884	19635015
OG0009902	OX359250.1	19663260	19667860
OG0009903	OX359250.1	19698207	19700644
OG0009904	OX359250.1	19760336	19763800
OG0009905	OX359250.1	19797499	19808854
OG0009906	OX359250.1	19816996	19817839
OG0009907	OX359250.1	19832490	19833699
OG0009908	OX359250.1	20030146	20038411
OG0009909	OX359250.1	20197467	20204801
OG0009910	OX359250.1	20422093	20422905
OG0009911	OX359250.1	21336629	21337599
OG0009912	OX359250.1	21338155	21345585
OG0009913	OX359250.1	21493664	21497032
OG0009914	OX359250.1	21502772	21507764
OG0009915	OX359250.1	21897873	21898266
OG0009916	OX359250.1	21898903	21900673
OG0009917	OX359250.1	21901853	21902704
OG0009918	OX359250.1	21948681	21965501
OG0009919	OX359250.1	22002592	22003611
OG0009920	OX359250.1	22324696	22334193
OG0009921	OX359250.1	22478124	22484860
OG0009922	OX359250.1	22784355	22786195
OG0009924	OX359250.1	23113480	23117606
OG0009925	OX359250.1	23125191	23154642
OG0009926	OX359250.1	23206049	23211285
OG0009927	OX359250.1	23430855	23435521
OG0009928	OX359250.1	23537015	23538605
OG0009929	OX359250.1	23551716	23603809
OG0009930	OX359250.1	24629105	24630776
OG0009931	OX359250.1	24665501	24667884
OG0009932	OX359250.1	25139968	25141728
OG0009933	OX359250.1	25678168	25681230
OG0009934	OX359250.1	25915044	25925254
OG0009935	OX359250.1	25949156	25950030
OG0009936	OX359250.1	26086777	26088764
OG0009937	OX359250.1	26173432	26174768
OG0009938	OX359250.1	26491837	26493628
OG0009939	OX359250.1	26495867	26497595
OG0009940	OX359250.1	26543119	26545275
OG0009941	OX359250.1	26572502	26575395
OG0009942	OX359250.1	26581946	26583335
OG0009943	OX359250.1	26587678	26696554
OG0009944	OX359250.1	26703222	26704334
OG0009945	OX359250.1	26893013	26894660
OG0009946	OX359250.1	27164363	27175704
OG0009947	OX359250.1	27196040	27198214
OG0009948	OX359250.1	27203025	27206606
OG0009949	OX359250.1	27210850	27216736
OG0009950	OX359250.1	27216819	27218554
OG0009951	OX359250.1	27555784	27560058
OG0009952	OX359250.1	27967704	27997111
OG0009953	OX359250.1	28142300	28144750
OG0009954	OX359250.1	28343730	28344288
OG0009955	OX359250.1	28373784	28376334
OG0009956	OX359250.1	28439947	28445123
OG0009957	OX359250.1	28768511	28771380
OG0009958	OX359250.1	28805323	28808290
OG0009959	OX359250.1	28831141	28833620
OG0009960	OX359250.1	28918929	28920790
OG0009961	OX359250.1	29115449	29124339
OG0009962	OX359250.1	29196331	29197543
OG0009963	OX359250.1	29215224	29236502
OG0009964	OX359250.1	29295927	29298511
OG0009965	OX359250.1	29600551	29614405
OG0009966	OX359250.1	29734637	29820133
OG0009967	OX359250.1	30142007	30149969
OG0009968	OX359250.1	30304062	30306348
OG0009969	OX359250.1	30719094	30720078
OG0009970	OX359250.1	30720339	30722186
OG0009971	OX359250.1	30774631	30777025
OG0009972	OX359250.1	31333814	31335270
OG0009973	OX359250.1	31357297	31364284
OG0009974	OX359250.1	31370416	31372637
OG0009975	OX359250.1	31560360	31570051
OG0009976	OX359250.1	31605998	31626385
OG0009977	OX359250.1	31659728	31688439
OG0009979	OX359250.1	32052883	32054055
OG0009980	OX359250.1	32298256	32309545
OG0009981	OX359250.1	32923946	32928160
OG0009982	OX359250.1	32928662	32938512
OG0009983	OX359250.1	32945859	32977979
OG0009984	OX359250.1	32983384	32984827
OG0009985	OX359250.1	32993389	32996352
OG0009986	OX359250.1	33066681	33076719
OG0009987	OX359250.1	33166517	33170418
OG0009988	OX359250.1	33170918	33171575
OG0009989	OX359250.1	33277437	33282664
OG0009990	OX359250.1	33411396	33414608
OG0009991	OX359250.1	33427529	33429007
OG0009992	OX359250.1	33516759	33526280
OG0009993	OX359250.1	33539913	33541196
OG0009994	OX359250.1	34082389	34085450
OG0009995	OX359250.1	34224591	34227409
OG0009996	OX359250.1	34231800	34233987
OG0009998	OX359250.1	35329148	35330579
OG0009999	OX359250.1	35366183	35368018
OG0010000	OX359250.1	35368151	35369045
OG0010001	OX359250.1	35371966	35374421
OG0010002	OX359250.1	35504255	35513863
OG0010003	OX359250.1	35555434	35559414
OG0010004	OX359250.1	35588669	35591911
OG0010005	OX359250.1	35684513	35686924
OG0010006	OX359250.1	35708162	35710851
OG0010007	OX359250.1	35711183	35714295
OG0010008	OX359250.1	35755219	35756306
OG0010009	OX359250.1	35844058	35851784
OG0010010	OX359250.1	36176345	36179796
OG0010011	OX359250.1	36963316	36968315
OG0010012	OX359250.1	37061446	37073273
OG0010013	OX359250.1	37559938	37562549
OG0010014	OX359250.1	37651679	37657640
OG0010015	OX359250.1	37894059	37895880
OG0010016	OX359250.1	37901070	37911380
OG0010017	OX359250.1	37916383	37920424
OG0010018	OX359250.1	38023134	38024166
OG0010019	OX359250.1	38256558	38259832
OG0010020	OX359250.1	38335160	38336879
OG0010021	OX359250.1	38996446	38999596
OG0010022	OX359250.1	39000762	39001811
OG0010023	OX359250.1	39302671	39303313
OG0010024	OX359250.1	40002217	40007622
OG0010025	OX359250.1	40046596	40053105
OG0010026	OX359250.1	40461705	40464381
OG0010027	OX359250.1	40523168	40527810
OG0010028	OX359250.1	40580868	40583969
OG0010029	OX359250.1	42032523	42033759
OG0010030	OX359250.1	42093493	42094780
OG0010031	OX359250.1	42202553	42205347
OG0010032	OX359250.1	42234869	42238156
OG0010033	OX359250.1	42239284	42240912
OG0010034	OX359250.1	42304329	42310334
OG0010035	OX359250.1	42346867	42350949
OG0010036	OX359250.1	42399962	42402842
OG0010037	OX359250.1	42673393	42676092
OG0010038	OX359250.1	43154984	43160473
OG0010039	OX359250.1	43477352	43491466
OG0010040	OX359250.1	43519828	43525486
OG0010041	OX359250.1	43533387	43535399
OG0010042	OX359250.1	44240056	44250834
OG0010043	OX359250.1	44519234	44519789
OG0010044	OX359250.1	44746343	44747278
OG0010045	OX359250.1	44948448	44958041
OG0010046	OX359250.1	46152532	46156743
OG0010047	OX359250.1	46479777	46480244
OG0010048	OX359247.1	824663	836303
OG0010049	OX359247.1	842198	842542
OG0010050	OX359247.1	844692	846750
OG0010051	OX359247.1	894248	900826
OG0010052	OX359247.1	916326	918224
OG0010053	OX359247.1	980892	981839
OG0010054	OX359247.1	987547	991163
OG0010055	OX359247.1	1156974	1160496
OG0010056	OX359247.1	1554593	1563064
OG0010057	OX359247.1	1729992	1735186
OG0010058	OX359247.1	1773623	1775099
OG0010059	OX359247.1	1775650	1777629
OG0010060	OX359247.1	1793185	1797661
OG0010061	OX359247.1	2071616	2072971
OG0010062	OX359247.1	2075080	2079509
OG0010063	OX359247.1	2282721	2284205
OG0010064	OX359247.1	2952496	2955878
OG0010065	OX359247.1	3248014	3250676
OG0010066	OX359247.1	3414825	3417069
OG0010067	OX359247.1	3691870	3695148
OG0010068	OX359247.1	4073743	4075000
OG0010069	OX359247.1	4165045	4187019
OG0010070	OX359247.1	4476802	4485020
OG0010071	OX359247.1	4597551	4600061
OG0010072	OX359247.1	4632552	4664826
OG0010073	OX359247.1	5188563	5190504
OG0010074	OX359247.1	5280091	5282879
OG0010076	OX359247.1	6298205	6302511
OG0010077	OX359247.1	6304139	6305889
OG0010078	OX359247.1	6716219	6723409
OG0010079	OX359247.1	7027228	7030878
OG0010080	OX359247.1	7078136	7079449
OG0010081	OX359247.1	7706848	7707615
OG0010082	OX359247.1	7900827	7902182
OG0010083	OX359247.1	7902325	7905609
OG0010084	OX359247.1	7917741	7919108
OG0010085	OX359247.1	8159858	8161790
OG0010086	OX359247.1	8281609	8284087
OG0010087	OX359247.1	8293846	8297367
OG0010088	OX359247.1	8299928	8307548
OG0010089	OX359247.1	8515939	8519076
OG0010090	OX359247.1	8659513	8666875
OG0010091	OX359247.1	9159642	9203147
OG0010092	OX359247.1	9258129	9276061
OG0010093	OX359247.1	10040694	10044029
OG0010094	OX359247.1	10056573	10059179
OG0010095	OX359247.1	10152699	10156183
OG0010096	OX359247.1	10177199	10179228
OG0010097	OX359247.1	10248666	10251772
OG0010098	OX359247.1	10286902	10287708
OG0010099	OX359247.1	10435876	10440139
OG0010100	OX359247.1	10483138	10485547
OG0010101	OX359247.1	10498819	10499088
OG0010102	OX359247.1	10568020	10571705
OG0010103	OX359247.1	10574341	10576436
OG0010104	OX359247.1	10717560	10719129
OG0010105	OX359247.1	10951542	10958777
OG0010106	OX359247.1	10969723	10971459
OG0010107	OX359247.1	11115582	11117092
OG0010108	OX359247.1	11160058	11161733
OG0010109	OX359247.1	11226718	11230598
OG0010110	OX359247.1	11323485	11333882
OG0010111	OX359247.1	11389445	11390586
OG0010112	OX359247.1	11496891	11527519
OG0010113	OX359247.1	11730656	11739564
OG0010114	OX359247.1	11813296	11844230
OG0010115	OX359247.1	11862679	11865956
OG0010116	OX359247.1	11871602	11874900
OG0010117	OX359247.1	11978737	11979872
OG0010118	OX359247.1	12075047	12076240
OG0010119	OX359247.1	12270738	12272657
OG0010120	OX359247.1	12340037	12341609
OG0010121	OX359247.1	12503775	12507383
OG0010122	OX359247.1	12557025	12560159
OG0010123	OX359247.1	12877690	12878908
OG0010124	OX359247.1	13959462	13962149
OG0010125	OX359247.1	14295375	14306595
OG0010126	OX359247.1	14317161	14319022
OG0010127	OX359247.1	14728486	14732789
OG0010128	OX359247.1	14783632	14785089
OG0010129	OX359247.1	14869034	14873618
OG0010130	OX359247.1	15596393	15598599
OG0010131	OX359247.1	15881377	15883257
OG0010132	OX359247.1	16373493	16374499
OG0010133	OX359247.1	16389510	16396670
OG0010134	OX359247.1	16396939	16398172
OG0010135	OX359247.1	16595315	16597557
OG0010136	OX359247.1	16861091	16868284
OG0010138	OX359247.1	16945108	16947240
OG0010139	OX359247.1	17186235	17210942
OG0010140	OX359247.1	17393167	17397674
OG0010141	OX359247.1	17441406	17442640
OG0010142	OX359247.1	17506012	17507341
OG0010143	OX359247.1	17707404	17710255
OG0010144	OX359247.1	17732160	17734039
OG0010145	OX359247.1	17868740	17871441
OG0010146	OX359247.1	17886941	17887510
OG0010147	OX359247.1	17925029	17935434
OG0010148	OX359247.1	18053240	18055326
OG0010149	OX359247.1	18077813	18080017
OG0010150	OX359247.1	18762697	18765327
OG0010151	OX359247.1	19353270	19361162
OG0010152	OX359247.1	20087715	20103527
OG0010153	OX359247.1	20355612	20356688
OG0010154	OX359247.1	20358543	20359999
OG0010155	OX359247.1	20567047	20568699
OG0010156	OX359247.1	20614424	20627372
OG0010157	OX359247.1	20645988	20647868
OG0010159	OX359247.1	20835765	20838034
OG0010160	OX359247.1	21449209	21451323
OG0010161	OX359247.1	21614360	21616112
OG0010162	OX359247.1	21644709	21646825
OG0010163	OX359247.1	21991421	21993352
OG0010164	OX359247.1	21993522	21994437
OG0010165	OX359247.1	22001607	22002392
OG0010166	OX359247.1	22003165	22004679
OG0010167	OX359247.1	22280382	22281947
OG0010168	OX359247.1	22302919	22304959
OG0010169	OX359247.1	22462583	22478887
OG0010170	OX359247.1	22491407	22494700
OG0010171	OX359247.1	22723247	22726132
OG0010172	OX359247.1	22736327	22738595
OG0010173	OX359247.1	22797754	22799552
OG0010174	OX359247.1	23152562	23155829
OG0010175	OX359247.1	23609722	23610595
OG0010176	OX359247.1	23633409	23643318
OG0010177	OX359247.1	23817187	23821258
OG0010178	OX359247.1	23919836	23922744
OG0010179	OX359247.1	23925888	23933540
OG0010180	OX359247.1	24005186	24008092
OG0010181	OX359247.1	24010636	24012108
OG0010182	OX359247.1	24012805	24014922
OG0010183	OX359247.1	24311285	24313183
OG0010184	OX359247.1	24315167	24318742
OG0010185	OX359247.1	24321144	24323513
OG0010186	OX359247.1	24538766	24539411
OG0010187	OX359247.1	24547546	24548485
OG0010188	OX359247.1	24568110	24570431
OG0010189	OX359247.1	24628087	24629476
OG0010190	OX359247.1	24708789	24709441
OG0010191	OX359247.1	24713758	24715810
OG0010192	OX359247.1	24735140	24737119
OG0010193	OX359247.1	24737648	24739549
OG0010194	OX359247.1	25087548	25094851
OG0010195	OX359247.1	25323440	25340780
OG0010196	OX359247.1	25526077	25532837
OG0010198	OX359247.1	27011626	27016834
OG0010199	OX359247.1	27101575	27104770
OG0010200	OX359247.1	27186636	27188056
OG0010201	OX359247.1	27433490	27434221
OG0010202	OX359247.1	27579581	27582430
OG0010203	OX359247.1	27596203	27597698
OG0010204	OX359247.1	28276665	28280861
OG0010205	OX359247.1	28353695	28354996
OG0010206	OX359247.1	28396026	28397527
OG0010207	OX359247.1	28398335	28399052
OG0010208	OX359247.1	28683781	28694901
OG0010209	OX359247.1	29220051	29223003
OG0010210	OX359247.1	29278646	29290525
OG0010211	OX359247.1	29387621	29390934
OG0010212	OX359247.1	29409669	29415680
OG0010213	OX359247.1	29639758	29641105
OG0010214	OX359247.1	29642023	29651125
OG0010215	OX359247.1	29685027	29685413
OG0010216	OX359247.1	29721779	29722804
OG0010217	OX359247.1	29979604	29988030
OG0010218	OX359247.1	30309163	30526054
OG0010219	OX359247.1	30786869	30787555
OG0010220	OX359247.1	30798188	30800601
OG0010221	OX359247.1	30803186	30806036
OG0010222	OX359247.1	30829798	30830765
OG0010223	OX359247.1	30838237	30839773
OG0010224	OX359247.1	31572998	31596374
OG0010225	OX359247.1	31723418	31727469
OG0010226	OX359247.1	31865625	31870631
OG0010227	OX359247.1	31871690	31873195
OG0010228	OX359247.1	31873458	31874539
OG0010229	OX359247.1	31893833	31896163
OG0010230	OX359247.1	31975991	31983449
OG0010231	OX359247.1	32020451	32021656
OG0010232	OX359247.1	32021742	32022160
OG0010233	OX359247.1	32022231	32023262
OG0010234	OX359247.1	32023541	32025555
OG0010235	OX359247.1	32029264	32033873
OG0010236	OX359247.1	32829966	32858592
OG0010237	OX359247.1	32885679	32889024
OG0010238	OX359247.1	32989296	32992574
OG0010239	OX359247.1	33645409	33684076
OG0010240	OX359247.1	33717067	33724045
OG0010241	OX359247.1	34608625	34609906
OG0010242	OX359247.1	34811381	34815525
OG0010243	OX359247.1	34824108	34826331
OG0010244	OX359247.1	34840486	34843323
OG0010245	OX359247.1	36029330	36031836
OG0010246	OX359247.1	36046497	36048710
OG0010247	OX359247.1	36677618	36678999
OG0010248	OX359247.1	37127010	37130325
OG0010249	OX359247.1	37207568	37209162
OG0010250	OX359247.1	37365646	37366996
OG0010251	OX359247.1	37474338	37478312
OG0010252	OX359247.1	37982259	37983768
OG0010253	OX359247.1	38029393	38030061
OG0010254	OX359247.1	38030300	38031712
OG0010255	OX359247.1	38259023	38261666
OG0010256	OX359247.1	38520265	38521895
OG0010257	OX359247.1	38823606	38824368
OG0010258	OX359247.1	38961626	38963765
OG0010259	OX359247.1	38991976	38994369
OG0010260	OX359247.1	39163438	39165063
OG0010261	OX359247.1	39168845	39181954
OG0010262	OX359247.1	39327213	39328823
OG0010263	OX359247.1	39710562	39711535
OG0010264	OX359247.1	39712155	39713641
OG0010265	OX359247.1	39922065	39931017
OG0010266	OX359247.1	41136519	41137822
OG0010267	OX359247.1	42004760	42006475
OG0010268	OX359247.1	42050159	42051827
OG0010269	OX359247.1	42506728	42510317
OG0010270	OX359247.1	43069842	43071624
OG0010271	OX359247.1	43839392	43843492
OG0010272	OX359247.1	44471361	44474076
OG0010273	OX359247.1	44634260	44638224
OG0010274	OX359247.1	44673963	44675397
OG0010275	OX359247.1	44681368	44682868
OG0010276	OX359247.1	45230260	45231977
OG0010277	OX359247.1	45233253	45235711
OG0010278	OX359247.1	45237657	45239277
OG0010279	OX359247.1	45275827	45293165
OG0010280	OX359247.1	45812093	45814127
OG0010281	OX359247.1	46581997	46585061
OG0010282	OX359247.1	46656895	46660091
OG0010283	OX359247.1	46664759	46672376
OG0010284	OX359247.1	46748564	46752850
OG0010285	OX359247.1	47231758	47245781
OG0010286	OX359247.1	47341416	47342102
OG0010287	OX359247.1	47504025	47506205
OG0010288	OX359247.1	47711175	47715278
OG0010289	OX359247.1	47718910	47722520
OG0010290	OX359247.1	48381992	48382594
OG0010291	OX359247.1	48718739	48721823
OG0010292	OX359247.1	48813342	48818349
OG0010293	OX359247.1	48947102	48948809
OG0010294	OX359247.1	49115617	49121287
OG0010295	OX359247.1	49351336	49354299
OG0010296	OX359247.1	49376547	49378249
OG0010297	OX359247.1	49489311	49508016
OG0010298	OX359247.1	49547848	49551270
OG0010299	OX359247.1	49586509	49589349
OG0010300	OX359247.1	50159890	50179208
OG0010301	OX359247.1	50214702	50216697
OG0010302	OX359247.1	50219534	50224717
OG0010303	OX359247.1	50253960	50255204
OG0010304	OX359247.1	50910339	50911877
OG0010305	OX359247.1	51076769	51083790
OG0010306	OX359247.1	51427216	51428899
OG0010307	OX359247.1	51773607	51776442
OG0010308	OX359247.1	51911641	51913662
OG0010309	OX359247.1	51915577	51924055
OG0010310	OX359247.1	52559966	52562812
OG0010311	OX359247.1	52627542	52629081
OG0010312	OX359247.1	53225659	53226038
OG0010313	OX359247.1	53998946	54003721
OG0010314	OX359247.1	54801562	54803863
OG0010315	OX359247.1	56313288	56316464
OG0010316	OX359247.1	56414622	56416579
OG0010317	OX359247.1	56503529	56506605
OG0010318	OX359247.1	59831528	59834300
OG0010319	OX359247.1	61425728	61427378
OG0010320	OX359247.1	61531326	61531945
OG0010321	OX359247.1	61533595	61537164
OG0010322	OX359247.1	61537310	61539001
OG0010323	OX359247.1	61548878	61550844
OG0010324	OX359247.1	61676866	61678476
OG0010325	OX359247.1	61774733	61776969
OG0010326	OX359247.1	61814592	61819964
OG0010327	OX359247.1	62046946	62048358
OG0010328	OX359247.1	62049084	62052273
OG0010329	OX359247.1	62450848	62457807
OG0010330	OX359247.1	62519441	62523047
OG0010331	OX359247.1	62576887	62579199
OG0010332	OX359247.1	64336121	64337150
OG0010333	OX359247.1	64428575	64430490
OG0010334	OX359247.1	65002733	65004548
OG0010335	OX359247.1	65038833	65055271
OG0010336	OX359247.1	65122343	65127249
OG0010337	OX359247.1	66048006	66050582
OG0010338	OX359248.1	643744	648293
OG0010339	OX359248.1	1317775	1323753
OG0010340	OX359248.1	1821477	1822610
OG0010341	OX359248.1	1843303	1851973
OG0010342	OX359248.1	1893102	1898534
OG0010343	OX359248.1	1924133	1926010
OG0010344	OX359248.1	2341689	2343603
OG0010345	OX359248.1	2349251	2353417
OG0010346	OX359248.1	2702571	2707228
OG0010347	OX359248.1	2727441	2735696
OG0010348	OX359248.1	3452053	3453285
OG0010349	OX359248.1	3696180	3697134
OG0010350	OX359248.1	3697555	3698433
OG0010351	OX359248.1	3796125	3798590
OG0010352	OX359248.1	4118109	4119104
OG0010353	OX359248.1	4120096	4122487
OG0010354	OX359248.1	4164793	4174919
OG0010355	OX359248.1	4184807	4188176
OG0010356	OX359248.1	4293939	4296319
OG0010357	OX359248.1	4302196	4304145
OG0010358	OX359248.1	4306402	4311001
OG0010359	OX359248.1	4315204	4315965
OG0010360	OX359248.1	4391845	4394470
OG0010361	OX359248.1	4407048	4411147
OG0010362	OX359248.1	4516248	4524434
OG0010363	OX359248.1	4525430	4531099
OG0010364	OX359248.1	4540811	4542458
OG0010365	OX359248.1	4700352	4701892
OG0010366	OX359248.1	4993911	4994874
OG0010367	OX359248.1	4996953	4999096
OG0010368	OX359248.1	5930463	5934085
OG0010369	OX359248.1	5989308	5990462
OG0010370	OX359248.1	5993699	6081352
OG0010371	OX359248.1	6094139	6095066
OG0010372	OX359248.1	6881900	6883107
OG0010373	OX359248.1	7645595	7654977
OG0010374	OX359248.1	8285518	8289093
OG0010375	OX359248.1	8309621	8311318
OG0010376	OX359248.1	8365687	8367833
OG0010377	OX359248.1	8405091	8405600
OG0010378	OX359248.1	8517204	8519503
OG0010379	OX359248.1	8583982	8585663
OG0010380	OX359248.1	8625939	8630044
OG0010381	OX359248.1	8634349	8640302
OG0010382	OX359248.1	8816288	8821076
OG0010383	OX359248.1	8823704	8824355
OG0010384	OX359248.1	9396473	9399061
OG0010385	OX359248.1	9418471	9422803
OG0010386	OX359248.1	11347390	11353843
OG0010387	OX359248.1	12258793	12259564
OG0010388	OX359248.1	12303901	12309603
OG0010389	OX359248.1	12377646	12379205
OG0010390	OX359248.1	12534749	12543724
OG0010391	OX359248.1	12565670	12566744
OG0010392	OX359248.1	13324982	13343554
OG0010393	OX359248.1	13405732	13407970
OG0010394	OX359248.1	13489126	13493003
OG0010395	OX359248.1	13532706	13540324
OG0010396	OX359248.1	13625860	13629327
OG0010397	OX359248.1	13767880	13776218
OG0010398	OX359248.1	13804880	13808988
OG0010399	OX359248.1	13913947	13926630
OG0010400	OX359248.1	14331468	14334467
OG0010401	OX359248.1	14397205	14401339
OG0010402	OX359248.1	14444186	14450576
OG0010403	OX359248.1	14529554	14552228
OG0010404	OX359248.1	15135474	15139345
OG0010405	OX359248.1	15327059	15331918
OG0010406	OX359248.1	15358518	15359107
OG0010407	OX359248.1	15496734	15502407
OG0010408	OX359248.1	15770220	15774621
OG0010409	OX359248.1	15776181	15778402
OG0010410	OX359248.1	15778489	15779461
OG0010411	OX359248.1	15854736	15858459
OG0010412	OX359248.1	15893951	15977466
OG0010413	OX359248.1	15982346	15987739
OG0010414	OX359248.1	16306348	16311807
OG0010415	OX359248.1	16317557	16318977
OG0010416	OX359248.1	16321452	16322236
OG0010417	OX359248.1	16322923	16325134
OG0010418	OX359248.1	16525674	16526359
OG0010419	OX359248.1	17017269	17024149
OG0010420	OX359248.1	17080848	17082910
OG0010421	OX359248.1	17083102	17084830
OG0010422	OX359248.1	17089263	17095662
OG0010423	OX359248.1	17156671	17157849
OG0010424	OX359248.1	17165850	17178077
OG0010425	OX359248.1	17243594	17245369
OG0010426	OX359248.1	17620216	17623101
OG0010427	OX359248.1	17639756	17643023
OG0010428	OX359248.1	17738402	17772116
OG0010429	OX359248.1	17859720	17867716
OG0010430	OX359248.1	17887766	17891674
OG0010431	OX359248.1	18289359	18293077
OG0010432	OX359248.1	18358298	18368046
OG0010433	OX359248.1	18375983	18387413
OG0010434	OX359248.1	18639483	18648218
OG0010435	OX359248.1	19218097	19225474
OG0010436	OX359248.1	19303478	19347092
OG0010437	OX359248.1	19375092	19376038
OG0010438	OX359248.1	19386518	19390690
OG0010439	OX359248.1	20085990	20107524
OG0010440	OX359248.1	20123379	20129105
OG0010441	OX359248.1	20163243	20167214
OG0010443	OX359248.1	20269686	20273277
OG0010444	OX359248.1	20587573	20593523
OG0010445	OX359248.1	20668358	20670401
OG0010446	OX359248.1	20684969	20686874
OG0010447	OX359248.1	20692244	20694027
OG0010448	OX359248.1	20722552	20728402
OG0010449	OX359248.1	20738997	20744337
OG0010450	OX359248.1	20755475	20757786
OG0010451	OX359248.1	21230242	21235302
OG0010452	OX359248.1	21251854	21261508
OG0010453	OX359248.1	21364836	21369189
OG0010454	OX359248.1	21378929	21382118
OG0010455	OX359248.1	21397729	21410266
OG0010456	OX359248.1	21532522	21533491
OG0010457	OX359248.1	21630327	21632613
OG0010458	OX359248.1	21683748	21685307
OG0010459	OX359248.1	21986274	21987930
OG0010460	OX359248.1	22225361	22228321
OG0010461	OX359248.1	22241309	22297945
OG0010462	OX359248.1	22495770	22500869
OG0010463	OX359248.1	22534497	22535958
OG0010464	OX359248.1	22537458	22538852
OG0010465	OX359248.1	22546614	22552456
OG0010466	OX359248.1	22577067	22584004
OG0010467	OX359248.1	22708351	22714775
OG0010468	OX359248.1	22757936	22766080
OG0010469	OX359248.1	22876503	22894719
OG0010470	OX359248.1	23089711	23092906
OG0010471	OX359248.1	23693206	23694144
OG0010472	OX359248.1	23699785	23703533
OG0010473	OX359248.1	23748832	23750393
OG0010474	OX359248.1	23935208	23936899
OG0010475	OX359248.1	23946957	23949425
OG0010476	OX359248.1	23951862	23953378
OG0010477	OX359248.1	23959562	23968265
OG0010478	OX359248.1	24022812	24024803
OG0010479	OX359248.1	24099543	24105944
OG0010480	OX359248.1	24111889	24115585
OG0010481	OX359248.1	24116083	24121880
OG0010482	OX359248.1	24605253	24609006
OG0010483	OX359248.1	24618846	24732812
OG0010484	OX359248.1	24886611	24888715
OG0010485	OX359248.1	24901570	24907276
OG0010486	OX359248.1	25144510	25147007
OG0010487	OX359248.1	26017109	26022952
OG0010488	OX359248.1	26145404	26152580
OG0010489	OX359248.1	26172442	26176019
OG0010490	OX359248.1	26288659	26289688
OG0010491	OX359248.1	26612516	26614322
OG0010492	OX359248.1	26622562	26624878
OG0010493	OX359248.1	26648072	26649444
OG0010494	OX359248.1	26678217	26681703
OG0010495	OX359248.1	26683540	26691551
OG0010496	OX359248.1	27007273	27009715
OG0010497	OX359248.1	27012437	27012834
OG0010498	OX359248.1	27174029	27175438
OG0010499	OX359248.1	27268915	27271415
OG0010500	OX359248.1	27378584	27380870
OG0010501	OX359248.1	27677229	27694609
OG0010502	OX359248.1	27715333	27718769
OG0010503	OX359248.1	27721590	27722673
OG0010504	OX359248.1	27746746	27747646
OG0010505	OX359248.1	27865161	27872024
OG0010506	OX359248.1	27876206	27876951
OG0010507	OX359248.1	28001314	28003230
OG0010508	OX359248.1	28010435	28011468
OG0010509	OX359248.1	28015922	28017246
OG0010510	OX359248.1	28018262	28019206
OG0010511	OX359248.1	28020266	28021376
OG0010512	OX359248.1	28028446	28030255
OG0010513	OX359248.1	28048586	28051371
OG0010515	OX359248.1	28234421	28238506
OG0010516	OX359248.1	28843859	28849092
OG0010517	OX359248.1	29196493	29197192
OG0010518	OX359248.1	29323467	29324487
OG0010519	OX359248.1	29357660	29360029
OG0010520	OX359248.1	29397876	29399180
OG0010521	OX359248.1	29424064	29428615
OG0010522	OX359248.1	29433809	29434680
OG0010523	OX359248.1	29440281	29441252
OG0010524	OX359248.1	29444645	29447065
OG0010525	OX359248.1	29503649	29506774
OG0010526	OX359248.1	29544411	29547975
OG0010527	OX359248.1	29817287	29819425
OG0010528	OX359248.1	30351154	30352894
OG0010529	OX359248.1	30356358	30359000
OG0010530	OX359248.1	30702400	30706869
OG0010531	OX359248.1	30795013	30797317
OG0010532	OX359248.1	30946974	30952046
OG0010533	OX359248.1	31015967	31030135
OG0010534	OX359248.1	31080478	31085851
OG0010535	OX359248.1	31160058	31163227
OG0010536	OX359248.1	31224906	31226067
OG0010537	OX359248.1	31494789	31501733
OG0010538	OX359248.1	31744674	31753247
OG0010539	OX359248.1	31802274	31812557
OG0010540	OX359248.1	31934827	31937134
OG0010541	OX359248.1	31938112	31939881
OG0010542	OX359248.1	32127545	32128231
OG0010543	OX359248.1	32128677	32135331
OG0010544	OX359248.1	32141509	32142892
OG0010545	OX359248.1	32143605	32144288
OG0010546	OX359248.1	32160516	32162471
OG0010547	OX359248.1	32274750	32277269
OG0010548	OX359248.1	32467320	32469220
OG0010549	OX359248.1	32469941	32472042
OG0010550	OX359248.1	32491319	32496792
OG0010551	OX359248.1	32559891	32561897
OG0010552	OX359248.1	32574455	32577491
OG0010553	OX359248.1	32795925	32796887
OG0010554	OX359248.1	32799350	32800630
OG0010555	OX359248.1	32802033	32804654
OG0010556	OX359248.1	32819941	32822312
OG0010557	OX359248.1	32921740	32924157
OG0010558	OX359248.1	32924758	32928795
OG0010559	OX359248.1	33286237	33291836
OG0010560	OX359248.1	33292470	33297861
OG0010561	OX359248.1	33328580	33329190
OG0010562	OX359248.1	33374283	33375023
OG0010563	OX359248.1	33656823	33667649
OG0010564	OX359248.1	33810603	33816461
OG0010565	OX359248.1	33874696	33877835
OG0010566	OX359248.1	33886500	33892255
OG0010567	OX359248.1	34387009	34388431
OG0010568	OX359248.1	34583207	34591427
OG0010569	OX359248.1	34675697	34677949
OG0010570	OX359248.1	34872979	34873795
OG0010571	OX359248.1	34880389	34883582
OG0010572	OX359248.1	34976572	34978227
OG0010573	OX359248.1	35123293	35124452
OG0010574	OX359248.1	35128153	35131261
OG0010575	OX359248.1	35214508	35216880
OG0010576	OX359248.1	35219989	35220528
OG0010577	OX359248.1	35246557	35249156
OG0010578	OX359248.1	35280686	35282287
OG0010579	OX359248.1	35302100	35309585
OG0010580	OX359248.1	35311239	35312364
OG0010581	OX359248.1	35720969	35724033
OG0010582	OX359248.1	35740877	35744754
OG0010583	OX359248.1	35764006	35765704
OG0010584	OX359248.1	35790941	35793490
OG0010585	OX359248.1	35850517	35854527
OG0010586	OX359248.1	36133017	36135351
OG0010587	OX359248.1	36173837	36177671
OG0010588	OX359248.1	36186460	36188232
OG0010589	OX359248.1	36235224	36236402
OG0010590	OX359248.1	36627545	36633024
OG0010591	OX359248.1	36766222	36769908
OG0010592	OX359248.1	37004930	37006533
OG0010593	OX359248.1	37054134	37059234
OG0010594	OX359248.1	37130065	37132260
OG0010595	OX359248.1	37283781	37287996
OG0010596	OX359248.1	37291441	37292304
OG0010597	OX359248.1	37293785	37302070
OG0010598	OX359248.1	37303144	37303721
OG0010599	OX359248.1	37552759	37553933
OG0010600	OX359248.1	37637088	37645071
OG0010601	OX359248.1	37663462	37665013
OG0010602	OX359248.1	37804077	37807265
OG0010603	OX359248.1	37853841	37859638
OG0010604	OX359248.1	37867895	37871847
OG0010605	OX359248.1	37973149	37976575
OG0010606	OX359248.1	37993746	38017353
OG0010607	OX359248.1	38026123	38029090
OG0010608	OX359248.1	38163951	38168402
OG0010609	OX359248.1	38179779	38183475
OG0010610	OX359248.1	38248288	38250330
OG0010611	OX359248.1	38279276	38280676
OG0010612	OX359248.1	38580841	38581589
OG0010613	OX359248.1	38872422	38875695
OG0010614	OX359248.1	39172609	39174409
OG0010615	OX359248.1	39813489	39816081
OG0010616	OX359248.1	39922750	39927368
OG0010617	OX359248.1	40831230	40838849
OG0010618	OX359248.1	40895886	40902822
OG0010619	OX359248.1	40992203	41097736
OG0010620	OX359248.1	41806939	41809016
OG0010621	OX359248.1	42671326	42672472
OG0010622	OX359248.1	42993641	42994421
OG0010623	OX359248.1	43429865	43441527
OG0010624	OX359248.1	45029366	45029848
OG0010625	OX359248.1	45031246	45032252
OG0010626	OX359248.1	45033527	45037356
OG0010627	OX359248.1	45273481	45279928
OG0010628	OX359248.1	45453494	45454526
OG0010629	OX359248.1	45793218	45795824
OG0010630	OX359248.1	46057060	46062277
OG0010631	OX359248.1	46065143	46065892
OG0010632	OX359248.1	46067720	46070550
OG0010633	OX359248.1	46073483	46077223
OG0010634	OX359248.1	46358788	46390324
OG0010635	OX359248.1	46468409	46510413
OG0010636	OX359248.1	46678639	46710437
OG0010637	OX359248.1	46977220	46979227
OG0010638	OX359248.1	47574921	47590826
OG0010639	OX359248.1	47851750	47853288
OG0010640	OX359248.1	48202680	48208503
OG0010642	OX359248.1	48270135	48274924
OG0010643	OX359248.1	48509307	48510018
OG0010644	OX359248.1	48680485	48684260
OG0010645	OX359248.1	48975849	48979474
OG0010646	OX359248.1	49632826	49636614
OG0010647	OX359248.1	49671676	49674882
OG0010648	OX359248.1	49685497	49690444
OG0010649	OX359248.1	49698795	49703816
OG0010650	OX359248.1	50419192	50436892
OG0010651	OX359248.1	50487196	50488958
OG0010652	OX359248.1	50589580	50601004
OG0010653	OX359248.1	51122746	51124428
OG0010654	OX359248.1	51141475	51148047
OG0010655	OX359248.1	51256000	51257538
OG0010656	OX359248.1	53159623	53163823
OG0010657	OX359248.1	53165730	53166377
OG0010658	OX359248.1	53233557	53235357
OG0010659	OX359248.1	53288076	53289257
OG0010660	OX359248.1	53697196	53699460
OG0010661	OX359248.1	53715669	53721880
OG0010662	OX359248.1	53726879	53738273
OG0010663	OX359248.1	53805045	53812839
OG0010664	OX359248.1	53824269	53837057
OG0010665	OX359248.1	53954012	53966845
OG0010666	OX359248.1	54314702	54321359
OG0010667	OX359248.1	54650167	54651632
OG0010668	OX359248.1	54653088	54655384
OG0010669	OX359248.1	55168629	55180634
OG0010670	OX359248.1	55901178	55903908
OG0010671	OX359248.1	55911142	55915342
OG0010672	OX359248.1	55940526	55942351
OG0010673	OX359248.1	56052370	56053935
OG0010674	OX359248.1	56085906	56087815
OG0010675	OX359248.1	56121813	56136666
OG0010676	OX359248.1	57013072	57015171
OG0010677	OX359248.1	57081652	57082136
OG0010794	OX359249.1	5232744	5234582
OG0010797	OX359250.1	3460178	3460579
OG0010805	OX359247.1	17013275	17020035
OG0010808	OX359245.1	57963719	57964841
OG0010813	OX359248.1	11976010	11991278
OG0010814	OX359245.1	26484183	26487859
OG0010816	OX359249.1	15546422	15569022
OG0010819	OX359248.1	5598125	5600108
OG0010821	OX359248.1	4452727	4475908
OG0010822	OX359248.1	23733154	23741224
OG0010823	OX359248.1	8277035	8284772
OG0010824	OX359246.1	20277523	20278403
OG0010826	OX359246.1	2126010	2130048
OG0010829	OX359250.1	29410247	29411831
OG0010830	OX359248.1	52936982	52939914
OG0010831	OX359249.1	2607992	2630042
OG0010832	OX359250.1	28227693	28268305
OG0010833	OX359248.1	31847829	31878281
OG0010835	OX359248.1	56048054	56050434
OG0010837	OX359248.1	51245799	51249211
OG0010840	OX359250.1	44940705	44942696
OG0010841	OX359245.1	49426504	49427018
OG0010844	OX359249.1	45235609	45245259
OG0010846	OX359248.1	25040802	25050903
OG0010847	OX359248.1	15888501	15891634
OG0010848	OX359248.1	31385997	31405461
OG0010849	OX359249.1	46283322	46290727
OG0010850	OX359245.1	37829034	37833758
OG0010852	OX359247.1	34554277	34556263
OG0010854	OX359247.1	34744450	34745605
OG0010855	OX359247.1	49156406	49158702
OG0010856	OX359249.1	43944127	43947199
OG0010857	OX359246.1	42688259	42697852
OG0010858	OX359248.1	38122274	38124880
OG0010860	OX359245.1	26046216	26047527
OG0010862	OX359250.1	35854831	35858827
OG0010863	OX359250.1	4678582	4686908
OG0010864	OX359248.1	29460909	29462857
OG0010865	OX359247.1	61758545	61761825
OG0010866	OX359247.1	16771586	16775465
OG0010867	OX359248.1	3708818	3718449
OG0010876	OX359248.1	1784998	1786153
OG0010877	OX359246.1	13444067	13444918
OG0010879	OX359247.1	11851856	11852649
OG0010880	OX359248.1	9125360	9126610
OG0010881	OX359249.1	20762205	20765694
OG0010882	OX359249.1	29154393	29160371
OG0010884	OX359246.1	54696884	54697514
OG0010887	OX359249.1	19305178	19306911
OG0010888	OX359250.1	40357191	40360438
OG0010889	OX359247.1	13656921	13658480
OG0010890	OX359250.1	9712080	9713215
OG0010891	OX359245.1	20823020	20825075
OG0010892	OX359248.1	24982784	24986350
OG0010893	OX359249.1	26062950	26064876
OG0010894	OX359247.1	24130525	24131529
OG0010896	OX359249.1	9160122	9161613
OG0010897	OX359250.1	41184500	41187061
OG0010898	OX359249.1	37677611	37680078
OG0010900	OX359247.1	39329457	39333983
OG0010901	OX359247.1	28264720	28265759
OG0010902	OX359250.1	20428257	20434743
OG0010903	OX359250.1	15270292	15271435
OG0010904	OX359248.1	34682563	34694356
OG0010905	OX359249.1	27014510	27019447
OG0010909	OX359248.1	3574200	3646038
OG0010911	OX359249.1	13822037	13828523
OG0010912	OX359249.1	19996075	20030713
OG0010914	OX359248.1	49009061	49069700
OG0010915	OX359249.1	16150717	16165833
OG0010916	OX359246.1	15444702	15446222
OG0010918	OX359249.1	15753674	15772120
OG0010919	OX359249.1	46967810	46974417
OG0010921	OX359248.1	26329940	26333200
OG0010922	OX359249.1	31485759	31487435
OG0010923	OX359248.1	13494515	13495714
OG0010924	OX359248.1	47114056	47120920
OG0010926	OX359246.1	44145477	44149628
OG0010927	OX359250.1	26554834	26558189
OG0010928	OX359249.1	37292721	37294685
OG0010929	OX359245.1	13479253	13499603
OG0010930	OX359250.1	37204024	37215672
OG0010932	OX359246.1	48519169	48519831
OG0010933	OX359246.1	13434549	13439147
OG0010934	OX359248.1	38885203	38887120
OG0010935	OX359245.1	4875886	4877345
OG0010936	OX359250.1	10792032	10793822
OG0010937	OX359250.1	19599395	19601129
OG0010938	OX359249.1	34003844	34018278
OG0010939	OX359250.1	9315751	9321518
OG0010940	OX359247.1	11965852	11967248
OG0010941	OX359250.1	9108340	9113246
OG0010942	OX359247.1	3307635	3310148
OG0010943	OX359248.1	15728644	15736499
OG0010944	OX359250.1	15181223	15182887
OG0010945	OX359247.1	53830342	53831890
OG0010947	OX359249.1	35612702	35614428
OG0010948	OX359249.1	13666002	13676794
OG0010949	OX359248.1	26244565	26245336
OG0010951	OX359248.1	36986595	36988528
OG0010952	OX359249.1	30758464	30760422
OG0010953	OX359249.1	29672965	29674625
OG0010954	OX359250.1	5745909	5746941
OG0010955	OX359249.1	18795407	18796728
OG0010956	OX359249.1	23001092	23002055
OG0010957	OX359249.1	46406091	46411039
OG0010958	OX359248.1	55877107	55879192
OG0010959	OX359250.1	43237314	43240211
OG0010962	OX359250.1	8512413	8514171
OG0010963	OX359249.1	48800359	48802255
OG0010964	OX359247.1	21349295	21349783
OG0010965	OX359250.1	29076427	29078226
OG0010966	OX359246.1	53058817	53102568
OG0010967	OX359250.1	22465248	22466551
OG0010968	OX359247.1	48367776	48370380
OG0010969	OX359248.1	4989410	4992508
OG0010970	OX359248.1	4983897	4986363
OG0010971	OX359248.1	32986678	32989298
OG0010972	OX359245.1	41066419	41069290
OG0010973	OX359250.1	42427709	42429932
OG0010974	OX359249.1	30384374	30385648
OG0010976	OX359250.1	3873715	3883836
OG0010979	OX359247.1	51960886	51961781
OG0010980	OX359248.1	21300540	21301085
OG0010981	OX359250.1	35663277	35663898
OG0010982	OX359250.1	35664571	35665737
OG0010984	OX359249.1	12824836	12838944
OG0010985	OX359249.1	31344428	31346553
OG0010987	OX359250.1	13487686	13537149
OG0010988	OX359250.1	40862128	40863615
OG0010989	OX359248.1	5005618	5016148
OG0010990	OX359248.1	23695101	23725199
OG0010991	OX359248.1	27510053	27517809
OG0010992	OX359248.1	37937020	37960353
OG0010993	OX359249.1	28074918	28092455
OG0010994	OX359249.1	35363563	35366072
OG0010995	OX359250.1	20184700	20185930
OG0010996	OX359250.1	22965027	22995365
OG0010997	OX359248.1	39854053	39854557
OG0010998	OX359248.1	12291036	12296409
OG0010999	OX359248.1	15614798	15624305
OG0011000	OX359248.1	27527111	27620513
OG0011001	OX359249.1	6072319	6098501
OG0011004	OX359246.1	23130456	23133352
OG0011005	OX359247.1	37371851	37374589
OG0011006	OX359250.1	12195468	12232981
OG0011007	OX359250.1	13807760	13809666
OG0011008	OX359250.1	47107659	47148951
OG0011011	OX359250.1	41969889	41971888
OG0011012	OX359247.1	8180249	8183762
OG0011015	OX359245.1	44485814	44488278
OG0011016	OX359250.1	8832842	8834902
OG0011017	OX359248.1	26666563	26668840
OG0011018	OX359246.1	49044899	49048237
OG0011019	OX359247.1	49355883	49358378
OG0011022	OX359246.1	35171438	35196847
OG0011023	OX359245.1	1464654	1467967
OG0011024	OX359249.1	9209788	9220908
OG0011025	OX359247.1	37541055	37568888
OG0011026	OX359248.1	35834391	35839339
OG0011027	OX359250.1	6955611	6980729
OG0011030	OX359246.1	64892537	64899202
OG0011032	OX359249.1	36854460	36855714
OG0011034	OX359246.1	13551999	13553818
OG0011035	OX359250.1	34855294	34873041
OG0011038	OX359245.1	4930492	4932169
OG0011040	OX359245.1	18651677	18652289
OG0011041	OX359245.1	19180958	19184191
OG0011042	OX359245.1	19448843	19450792
OG0011043	OX359245.1	19856142	19857094
OG0011045	OX359245.1	20968618	20971265
OG0011046	OX359245.1	23372858	23384308
OG0011047	OX359245.1	24346524	24349006
OG0011048	OX359245.1	26347599	26349193
OG0011049	OX359245.1	26469105	26473741
OG0011052	OX359245.1	36653179	36655603
OG0011053	OX359245.1	40509119	40515910
OG0011054	OX359245.1	40897468	40905560
OG0011055	OX359245.1	41638933	41642862
OG0011056	OX359245.1	43349914	43350783
OG0011057	OX359245.1	51050237	51052659
OG0011058	OX359245.1	60816192	60819724
OG0011060	OX359245.1	71816147	71817666
OG0011061	OX359245.1	71825974	71827662
OG0011062	OX359245.1	77721544	77729750
OG0011063	OX359249.1	757975	759872
OG0011064	OX359249.1	830700	834530
OG0011065	OX359249.1	947118	950237
OG0011066	OX359249.1	964081	968589
OG0011067	OX359249.1	1064670	1072674
OG0011068	OX359249.1	1423958	1424831
OG0011069	OX359249.1	2560926	2564123
OG0011070	OX359249.1	3003048	3005329
OG0011071	OX359249.1	3511196	3517096
OG0011072	OX359249.1	6201434	6203409
OG0011073	OX359249.1	6903453	6916050
OG0011074	OX359249.1	7266505	7271774
OG0011075	OX359249.1	7413506	7418365
OG0011076	OX359249.1	10924220	10933656
OG0011077	OX359249.1	11172237	11174982
OG0011078	OX359249.1	11252576	11255391
OG0011079	OX359249.1	11627722	11653046
OG0011080	OX359249.1	13039488	13043037
OG0011081	OX359249.1	13420489	13421388
OG0011082	OX359249.1	14265534	14269944
OG0011083	OX359249.1	14467673	14470863
OG0011084	OX359249.1	15333141	15337959
OG0011085	OX359249.1	15409324	15412116
OG0011086	OX359249.1	15942738	15945639
OG0011087	OX359249.1	16430403	16431190
OG0011088	OX359249.1	17109890	17111141
OG0011089	OX359249.1	17991944	17993875
OG0011090	OX359249.1	20615408	20618083
OG0011091	OX359249.1	21215293	21218168
OG0011092	OX359249.1	21389408	21391815
OG0011093	OX359249.1	22366880	22374975
OG0011094	OX359249.1	22641843	22651511
OG0011095	OX359249.1	22740597	22745290
OG0011096	OX359249.1	22747951	22752912
OG0011097	OX359249.1	22864756	22869180
OG0011098	OX359249.1	23384262	23388874
OG0011100	OX359249.1	24289811	24296694
OG0011101	OX359249.1	24339137	24340592
OG0011102	OX359249.1	24622648	24636689
OG0011103	OX359249.1	25113346	25114992
OG0011104	OX359249.1	25231267	25233377
OG0011105	OX359249.1	25306206	25307955
OG0011106	OX359249.1	25506858	25508053
OG0011107	OX359249.1	26564132	26568299
OG0011108	OX359249.1	27338444	27341504
OG0011109	OX359249.1	27344963	27347193
OG0011110	OX359249.1	27885261	27892345
OG0011111	OX359249.1	28154535	28212953
OG0011112	OX359249.1	29087849	29088711
OG0011113	OX359249.1	29582682	29605018
OG0011114	OX359249.1	30020095	30029883
OG0011115	OX359249.1	30134548	30137134
OG0011116	OX359249.1	30380268	30381051
OG0011117	OX359249.1	30819671	30826732
OG0011118	OX359249.1	31323565	31327556
OG0011119	OX359249.1	31347183	31348031
OG0011120	OX359249.1	31354036	31355369
OG0011121	OX359249.1	31459586	31460754
OG0011122	OX359249.1	31778719	31781136
OG0011123	OX359249.1	31838495	31839654
OG0011124	OX359249.1	32121649	32132739
OG0011125	OX359249.1	32588750	32590026
OG0011126	OX359249.1	32754466	32755485
OG0011127	OX359249.1	33343895	33350277
OG0011128	OX359249.1	33385288	33386107
OG0011129	OX359249.1	34296054	34297413
OG0011130	OX359249.1	34960483	34961217
OG0011131	OX359249.1	35059257	35060270
OG0011132	OX359249.1	35547057	35549049
OG0011133	OX359249.1	35655550	35656827
OG0011134	OX359249.1	36368817	36373800
OG0011135	OX359249.1	36955101	36956878
OG0011136	OX359249.1	37718712	37720531
OG0011137	OX359249.1	38359246	38359702
OG0011138	OX359249.1	38486629	38488968
OG0011140	OX359249.1	39564725	39573368
OG0011141	OX359249.1	40040047	40063093
OG0011142	OX359249.1	40151612	40195315
OG0011143	OX359249.1	40396544	40405224
OG0011144	OX359249.1	41756178	41757169
OG0011145	OX359249.1	42563978	42570705
OG0011146	OX359249.1	42900965	42903135
OG0011147	OX359249.1	42947575	42948987
OG0011148	OX359249.1	42950541	42954574
OG0011149	OX359249.1	43591248	43592948
OG0011150	OX359249.1	45168607	45169868
OG0011151	OX359249.1	47691125	47693927
OG0011152	OX359249.1	50646129	50649386
OG0011153	OX359249.1	50983291	50985452
OG0011154	OX359249.1	52930473	52936336
OG0011156	OX359246.1	8763979	8766241
OG0011157	OX359246.1	14132010	14132729
OG0011158	OX359246.1	16680824	16684348
OG0011159	OX359246.1	17227426	17231439
OG0011162	OX359246.1	31165867	31172209
OG0011163	OX359246.1	31666541	31667476
OG0011164	OX359246.1	35778599	35785779
OG0011165	OX359246.1	36432799	36434248
OG0011166	OX359246.1	38287497	38288854
OG0011168	OX359246.1	38528465	38530149
OG0011169	OX359246.1	40571218	40573725
OG0011171	OX359246.1	43346767	43357097
OG0011172	OX359246.1	43819302	43821138
OG0011173	OX359246.1	43989022	44004471
OG0011174	OX359246.1	44925410	44926344
OG0011175	OX359246.1	45170265	45175880
OG0011176	OX359246.1	50137001	50139174
OG0011177	OX359246.1	52577686	52619512
OG0011178	OX359246.1	54066571	54069421
OG0011179	OX359246.1	54729523	54734903
OG0011180	OX359246.1	55972520	55974432
OG0011181	OX359246.1	56243609	56244602
OG0011182	OX359246.1	56882655	56893425
OG0011183	OX359246.1	59950746	59955007
OG0011184	OX359246.1	59968430	59970689
OG0011185	OX359246.1	62855021	62863980
OG0011186	OX359246.1	63246131	63249712
OG0011187	OX359246.1	63796246	63801048
OG0011189	OX359246.1	66294602	66297168
OG0011190	OX359246.1	69461110	69462098
OG0011191	OX359246.1	72263882	72268066
OG0011192	OX359246.1	73872883	73875539
OG0011193	OX359250.1	1812969	1821317
OG0011194	OX359250.1	4533261	4534334
OG0011195	OX359250.1	4872971	4875740
OG0011196	OX359250.1	5953242	5955307
OG0011197	OX359250.1	6703432	6705469
OG0011198	OX359250.1	9232798	9239314
OG0011199	OX359250.1	10083354	10083823
OG0011200	OX359250.1	10816450	10817327
OG0011201	OX359250.1	13389266	13390069
OG0011202	OX359250.1	13629429	13631152
OG0011203	OX359250.1	15091850	15093425
OG0011204	OX359250.1	15159185	15161637
OG0011205	OX359250.1	15693402	15700513
OG0011206	OX359250.1	17611688	17647295
OG0011208	OX359250.1	18184944	18187002
OG0011209	OX359250.1	18875438	18877133
OG0011210	OX359250.1	19123186	19124672
OG0011211	OX359250.1	19640945	19642596
OG0011212	OX359250.1	20192733	20194019
OG0011213	OX359250.1	20492621	20497265
OG0011214	OX359250.1	22780564	22782628
OG0011215	OX359250.1	23402762	23408277
OG0011216	OX359250.1	25436343	25439694
OG0011217	OX359250.1	26096417	26101198
OG0011218	OX359250.1	26176937	26180178
OG0011219	OX359250.1	26204071	26206490
OG0011220	OX359250.1	26330659	26336584
OG0011221	OX359250.1	26355760	26361368
OG0011222	OX359250.1	28795615	28796811
OG0011223	OX359250.1	28843264	28844724
OG0011224	OX359250.1	29211076	29212721
OG0011225	OX359250.1	29257578	29259531
OG0011226	OX359250.1	29328408	29328829
OG0011227	OX359250.1	29329907	29331541
OG0011228	OX359250.1	29332041	29334046
OG0011229	OX359250.1	29404786	29407151
OG0011230	OX359250.1	29658341	29659219
OG0011231	OX359250.1	30733909	30734726
OG0011232	OX359250.1	31084714	31086627
OG0011233	OX359250.1	31492071	31493145
OG0011234	OX359250.1	33008798	33011163
OG0011235	OX359250.1	33034671	33036511
OG0011236	OX359250.1	33410457	33410917
OG0011237	OX359250.1	33424190	33426739
OG0011238	OX359250.1	35997532	36001161
OG0011239	OX359250.1	36180577	36181017
OG0011240	OX359250.1	37117575	37118210
OG0011241	OX359250.1	37535220	37535987
OG0011242	OX359250.1	37821122	37824636
OG0011243	OX359250.1	38050785	38053604
OG0011244	OX359250.1	42005964	42008707
OG0011245	OX359250.1	42493502	42500480
OG0011246	OX359250.1	45947241	45951904
OG0011247	OX359247.1	992181	993780
OG0011248	OX359247.1	1581703	1595346
OG0011249	OX359247.1	3112704	3114361
OG0011250	OX359247.1	3315490	3325832
OG0011251	OX359247.1	7036788	7037439
OG0011252	OX359247.1	7206969	7207711
OG0011253	OX359247.1	10246972	10247579
OG0011254	OX359247.1	10501984	10502691
OG0011255	OX359247.1	10761305	10765012
OG0011256	OX359247.1	10835997	10842129
OG0011257	OX359247.1	11540945	11548952
OG0011258	OX359247.1	14376924	14381102
OG0011259	OX359247.1	15201312	15203242
OG0011260	OX359247.1	16757073	16760681
OG0011261	OX359247.1	17980265	17985201
OG0011262	OX359247.1	18080249	18082840
OG0011263	OX359247.1	21958705	21961007
OG0011264	OX359247.1	22009538	22010429
OG0011265	OX359247.1	22328195	22329058
OG0011266	OX359247.1	23951924	23997699
OG0011267	OX359247.1	24602363	24626332
OG0011268	OX359247.1	24629935	24631342
OG0011269	OX359247.1	27557078	27560086
OG0011270	OX359247.1	27648371	27653591
OG0011271	OX359247.1	27842180	27843883
OG0011272	OX359247.1	27980934	27982349
OG0011273	OX359247.1	28057989	28061612
OG0011274	OX359247.1	28164985	28165723
OG0011275	OX359247.1	28258868	28260749
OG0011276	OX359247.1	28597656	28601924
OG0011277	OX359247.1	28861881	28863866
OG0011278	OX359247.1	29380771	29386685
OG0011280	OX359247.1	29963897	29965252
OG0011281	OX359247.1	30864892	30866003
OG0011282	OX359247.1	31121799	31123359
OG0011283	OX359247.1	31899858	31900585
OG0011284	OX359247.1	32818288	32819101
OG0011285	OX359247.1	33922262	33922919
OG0011286	OX359247.1	34376152	34378614
OG0011287	OX359247.1	34573506	34576712
OG0011288	OX359247.1	35088898	35090958
OG0011289	OX359247.1	35174221	35176454
OG0011290	OX359247.1	37647442	37648618
OG0011291	OX359247.1	39008790	39012768
OG0011292	OX359247.1	39681710	39686676
OG0011293	OX359247.1	39715086	39715762
OG0011294	OX359247.1	39734448	39734996
OG0011295	OX359247.1	39753764	39757736
OG0011296	OX359247.1	39917954	39920535
OG0011297	OX359247.1	40852152	40854702
OG0011298	OX359247.1	42541610	42543152
OG0011299	OX359247.1	44610462	44611971
OG0011300	OX359247.1	45095952	45097126
OG0011301	OX359247.1	45521267	45521884
OG0011302	OX359247.1	46284392	46286417
OG0011303	OX359247.1	46561261	46565122
OG0011304	OX359247.1	46654276	46655604
OG0011305	OX359247.1	49164798	49167377
OG0011306	OX359247.1	49187761	49198158
OG0011307	OX359247.1	50080688	50082518
OG0011308	OX359247.1	53106014	53128422
OG0011309	OX359247.1	53216360	53222771
OG0011310	OX359247.1	56309507	56312474
OG0011311	OX359247.1	56837149	56839679
OG0011312	OX359247.1	56888113	56889119
OG0011313	OX359247.1	59211780	59214263
OG0011314	OX359247.1	59767229	59768242
OG0011315	OX359247.1	61510351	61511039
OG0011316	OX359247.1	62086600	62091453
OG0011317	OX359248.1	96367	104715
OG0011318	OX359248.1	1360758	1363074
OG0011319	OX359248.1	2052997	2053985
OG0011320	OX359248.1	2958934	2960513
OG0011321	OX359248.1	3976906	3978799
OG0011322	OX359248.1	4396529	4397950
OG0011323	OX359248.1	4398269	4398717
OG0011325	OX359248.1	5157946	5170738
OG0011326	OX359248.1	5934702	5935668
OG0011327	OX359248.1	8361415	8364967
OG0011328	OX359248.1	8586701	8588316
OG0011329	OX359248.1	8696306	8700131
OG0011330	OX359248.1	8705842	8709852
OG0011331	OX359248.1	11378895	11380574
OG0011332	OX359248.1	12726548	12728864
OG0011333	OX359248.1	13392754	13394329
OG0011334	OX359248.1	13752623	13756038
OG0011335	OX359248.1	14356125	14359955
OG0011336	OX359248.1	15295789	15317418
OG0011337	OX359248.1	15465449	15466656
OG0011338	OX359248.1	15504087	15506229
OG0011339	OX359248.1	16593403	16594604
OG0011340	OX359248.1	18322909	18342699
OG0011341	OX359248.1	20262997	20264561
OG0011342	OX359248.1	20600443	20601237
OG0011343	OX359248.1	21653921	21655352
OG0011344	OX359248.1	22526850	22528784
OG0011345	OX359248.1	22867508	22868488
OG0011346	OX359248.1	24739820	24740909
OG0011347	OX359248.1	24763437	24770605
OG0011348	OX359248.1	25438863	25439741
OG0011349	OX359248.1	25984810	25986204
OG0011350	OX359248.1	25991377	25999716
OG0011351	OX359248.1	26239533	26240854
OG0011352	OX359248.1	27231204	27232235
OG0011353	OX359248.1	27466423	27469432
OG0011354	OX359248.1	27623675	27625194
OG0011355	OX359248.1	28194883	28197982
OG0011356	OX359248.1	29511084	29514485
OG0011357	OX359248.1	30220118	30221734
OG0011358	OX359248.1	30835671	30893376
OG0011359	OX359248.1	31953139	31953944
OG0011360	OX359248.1	32110643	32112755
OG0011361	OX359248.1	32151093	32158743
OG0011362	OX359248.1	32464705	32466036
OG0011363	OX359248.1	32472375	32479454
OG0011364	OX359248.1	33649138	33652221
OG0011365	OX359248.1	33881656	33882756
OG0011366	OX359248.1	34002682	34004105
OG0011367	OX359248.1	34876627	34878525
OG0011368	OX359248.1	35314182	35315555
OG0011369	OX359248.1	35530338	35531714
OG0011370	OX359248.1	35852079	35852475
OG0011371	OX359248.1	37022141	37024205
OG0011372	OX359248.1	37623343	37625040
OG0011373	OX359248.1	40790709	40792333
OG0011374	OX359248.1	41814813	41816826
OG0011375	OX359248.1	42698532	42702424
OG0011376	OX359248.1	44983286	44984892
OG0011377	OX359248.1	45748372	45754234
OG0011378	OX359248.1	48289114	48290414
OG0011379	OX359248.1	49707351	49710010
OG0011380	OX359248.1	50450425	50451146
OG0011381	OX359248.1	51189373	51191309
OG0011382	OX359248.1	51254142	51255806
OG0011383	OX359248.1	51447070	51447705
OG0011384	OX359248.1	53290086	53290882
OG0011385	OX359248.1	53349020	53376524
OG0011386	OX359248.1	53924081	53926142
OG0011387	OX359248.1	54312393	54314060
OG0011388	OX359248.1	54466329	54468157
OG0011389	OX359248.1	55462919	55482895
OG0011390	OX359248.1	55860616	55865425
OG0011391	OX359248.1	55896388	55897354
OG0011506	OX359247.1	53845801	53851631
OG0011509	OX359246.1	51915728	51916172
OG0011518	OX359249.1	23879789	23882404
OG0011519	OX359249.1	3246291	3247049
OG0011522	OX359250.1	34889159	34890644
OG0011527	OX359248.1	27727511	27729094
OG0011528	OX359249.1	36668853	36670500
OG0011536	OX359249.1	35560576	35561161
OG0011538	OX359249.1	11428633	11429838
OG0011547	OX359247.1	14100259	14104586
OG0011553	OX359250.1	7897040	7901162
OG0011554	OX359248.1	35013924	35033904
OG0011556	OX359245.1	25002491	25004176
OG0011557	OX359247.1	17316930	17334661
OG0011560	OX359248.1	20066836	20068706
OG0011562	OX359246.1	47375099	47377592
OG0011567	OX359249.1	46815327	46841450
OG0011568	OX359246.1	54683431	54686328
OG0011570	OX359245.1	49231326	49231661
OG0011574	OX359245.1	11859913	11889089
OG0011581	OX359246.1	40124917	40126660
OG0011583	OX359248.1	25716788	25719894
OG0011585	OX359246.1	75438446	75443617
OG0011587	OX359248.1	24350429	24352190
OG0011588	OX359247.1	20428049	20430487
OG0011589	OX359248.1	33829386	33829899
OG0011590	OX359248.1	15638464	15655162
OG0011593	OX359247.1	13927360	13937952
OG0011595	OX359248.1	20963085	20963962
OG0011596	OX359247.1	15293569	15296467
OG0011600	OX359249.1	34115694	34117537
OG0011601	OX359250.1	28709609	28711049
OG0011602	OX359248.1	30695690	30699227
OG0011604	OX359249.1	37790547	37800828
OG0011605	OX359248.1	9116186	9117070
OG0011607	OX359249.1	38614118	38614518
OG0011608	OX359245.1	29788096	29819069
OG0011609	OX359246.1	37760140	37763510
OG0011610	OX359248.1	56054979	56059595
OG0011611	OX359249.1	19534779	19535956
OG0011612	OX359245.1	61528652	61530336
OG0011614	OX359248.1	46282659	46284973
OG0011616	OX359248.1	27502972	27504867
OG0011617	OX359247.1	12081194	12096947
OG0011619	OX359247.1	22497136	22500007
OG0011620	OX359249.1	34158485	34160786
OG0011621	OX359247.1	37497686	37500593
OG0011622	OX359247.1	7080575	7082471
OG0011623	OX359248.1	6818204	6823857
OG0011627	OX359248.1	37678093	37678854
OG0011628	OX359245.1	78048812	78056233
OG0011630	OX359246.1	26916585	26917231
OG0011631	OX359249.1	47073486	47093595
OG0011637	OX359247.1	14887016	14888908
OG0011638	OX359250.1	7490584	7495403
OG0011639	OX359250.1	40528201	40529208
OG0011640	OX359246.1	48513482	48514476
OG0011641	OX359247.1	50690053	50692683
OG0011642	OX359247.1	2296037	2297510
OG0011643	OX359248.1	54443373	54445062
OG0011646	OX359245.1	31460239	31462735
OG0011647	OX359248.1	16059411	16060257
OG0011649	OX359245.1	33239477	33241420
OG0011652	OX359248.1	35777463	35780051
OG0011653	OX359248.1	46044448	46055895
OG0011654	OX359247.1	36704743	36706633
OG0011656	OX359247.1	47122209	47201457
OG0011661	OX359246.1	56536783	56537704
OG0011662	OX359250.1	12800586	12802256
OG0011663	OX359248.1	35217473	35219159
OG0011664	OX359246.1	47928685	47930341
OG0011665	OX359250.1	7630661	7631373
OG0011666	OX359250.1	41202901	41204225
OG0011668	OX359248.1	24584798	24585280
OG0011670	OX359245.1	70458995	70468390
OG0011671	OX359250.1	21389451	21391744
OG0011672	OX359249.1	44806261	44825473
OG0011674	OX359248.1	3794463	3795683
OG0011676	OX359245.1	25096287	25103002
OG0011677	OX359249.1	9307035	9311573
OG0011678	OX359247.1	12879413	12881648
OG0011680	OX359247.1	50743225	50743926
OG0011681	OX359248.1	45429077	45429667
OG0011683	OX359245.1	27347092	27349014
OG0011684	OX359249.1	18436877	18440152
OG0011685	OX359249.1	47232700	47233849
OG0011686	OX359250.1	42487340	42488805
OG0011687	OX359250.1	15730519	15732386
OG0011689	OX359247.1	47004469	47080700
OG0011690	OX359247.1	52639198	52656569
OG0011691	OX359248.1	13398408	13398838
OG0011692	OX359248.1	19373525	19374989
OG0011693	OX359245.1	38818241	38826566
OG0011694	OX359249.1	31003602	31004715
OG0011696	OX359246.1	17443397	17444031
OG0011699	OX359249.1	16256800	16260080
OG0011700	OX359250.1	40529301	40529777
OG0011702	OX359247.1	1928510	1928950
OG0011704	OX359249.1	36915301	36918642
OG0011705	OX359249.1	50579245	50597453
OG0011706	OX359246.1	4953560	4992568
OG0011708	OX359248.1	46193808	46201707
OG0011712	OX359249.1	40111301	40114292
OG0011713	OX359247.1	44670767	44672867
OG0011721	OX359248.1	43526839	43529785
OG0011723	OX359250.1	20134324	20136246
OG0011726	OX359249.1	34064986	34067315
OG0011727	OX359247.1	8374805	8456380
OG0011729	OX359248.1	32077939	32107532
OG0011734	OX359245.1	38185505	38187812
OG0011736	OX359245.1	4469960	4471127
OG0011739	OX359245.1	15408100	15409125
OG0011741	OX359245.1	19236140	19238327
OG0011742	OX359245.1	20408235	20410448
OG0011743	OX359245.1	24612606	24614211
OG0011744	OX359245.1	25364134	25364904
OG0011745	OX359245.1	25913997	25917848
OG0011748	OX359245.1	40421887	40428183
OG0011750	OX359245.1	42918377	42921235
OG0011751	OX359245.1	54767745	54769073
OG0011752	OX359245.1	56785538	56789792
OG0011756	OX359249.1	5222139	5223855
OG0011757	OX359249.1	8759244	8761373
OG0011758	OX359249.1	11269070	11272302
OG0011759	OX359249.1	11830471	11834189
OG0011760	OX359249.1	18847327	18848314
OG0011761	OX359249.1	19344303	19347529
OG0011762	OX359249.1	19890491	19893473
OG0011764	OX359249.1	25235592	25239578
OG0011765	OX359249.1	27583922	27584897
OG0011766	OX359249.1	27683461	27707059
OG0011767	OX359249.1	29083480	29087183
OG0011768	OX359249.1	29281920	29283630
OG0011769	OX359249.1	29609431	29611291
OG0011770	OX359249.1	30166945	30167477
OG0011771	OX359249.1	31066874	31070214
OG0011772	OX359249.1	33130133	33136847
OG0011773	OX359249.1	34322823	34325737
OG0011774	OX359249.1	34343751	34346607
OG0011775	OX359249.1	37577063	37612846
OG0011776	OX359249.1	37617706	37619896
OG0011777	OX359249.1	37687658	37688919
OG0011778	OX359249.1	37772846	37782903
OG0011779	OX359249.1	40092468	40093695
OG0011780	OX359249.1	41159534	41163893
OG0011781	OX359249.1	44782527	44786763
OG0011782	OX359249.1	48710399	48714815
OG0011783	OX359249.1	52804399	52810485
OG0011784	OX359246.1	3377204	3378907
OG0011786	OX359246.1	17216116	17218818
OG0011787	OX359246.1	19156261	19157320
OG0011788	OX359246.1	19623110	19625256
OG0011789	OX359246.1	21832915	21833350
OG0011790	OX359246.1	26504583	26505057
OG0011791	OX359246.1	30851294	30853039
OG0011792	OX359246.1	63716261	63717475
OG0011793	OX359250.1	7666693	7668015
OG0011794	OX359250.1	7715694	7719490
OG0011796	OX359250.1	13062173	13063001
OG0011797	OX359250.1	13410254	13412270
OG0011798	OX359250.1	13669051	13669737
OG0011799	OX359250.1	14545429	14546024
OG0011800	OX359250.1	15224121	15227567
OG0011801	OX359250.1	15337615	15340140
OG0011802	OX359250.1	15771280	15783597
OG0011803	OX359250.1	16858456	16868736
OG0011804	OX359250.1	19254341	19266672
OG0011805	OX359250.1	19834634	19835675
OG0011806	OX359250.1	20470352	20472748
OG0011807	OX359250.1	21434121	21435658
OG0011808	OX359250.1	23201874	23204506
OG0011809	OX359250.1	23392986	23402551
OG0011810	OX359250.1	23418859	23422105
OG0011811	OX359250.1	24633142	24633978
OG0011812	OX359250.1	26327616	26328608
OG0011813	OX359250.1	27161459	27163639
OG0011814	OX359250.1	30407218	30409229
OG0011815	OX359250.1	32034155	32036532
OG0011816	OX359250.1	34763807	34766117
OG0011817	OX359250.1	37627562	37629073
OG0011818	OX359250.1	44643722	44646741
OG0011819	OX359250.1	46904017	46925161
OG0011820	OX359247.1	3245580	3246711
OG0011821	OX359247.1	3993144	3993589
OG0011822	OX359247.1	4357556	4359251
OG0011823	OX359247.1	5445991	5465066
OG0011824	OX359247.1	7483851	7485219
OG0011825	OX359247.1	10306107	10308215
OG0011826	OX359247.1	10557098	10561679
OG0011827	OX359247.1	10690986	10693993
OG0011828	OX359247.1	11252958	11254056
OG0011829	OX359247.1	14151187	14160668
OG0011830	OX359247.1	24561653	24566562
OG0011831	OX359247.1	27247126	27248822
OG0011832	OX359247.1	28135163	28136840
OG0011834	OX359247.1	28988856	28989350
OG0011835	OX359247.1	29971061	29973925
OG0011836	OX359247.1	31435624	31562248
OG0011837	OX359247.1	32018324	32019549
OG0011838	OX359247.1	32289194	32290359
OG0011839	OX359247.1	32900882	32902035
OG0011840	OX359247.1	37644465	37645284
OG0011841	OX359247.1	38522519	38525581
OG0011842	OX359247.1	39821555	39822666
OG0011844	OX359247.1	42514895	42516248
OG0011845	OX359247.1	46644232	46645612
OG0011847	OX359247.1	49132799	49133520
OG0011848	OX359247.1	49384173	49388770
OG0011850	OX359247.1	55702924	55708000
OG0011851	OX359247.1	64076930	64078515
OG0011852	OX359248.1	2860191	2904467
OG0011853	OX359248.1	4299255	4299943
OG0011854	OX359248.1	8369603	8370608
OG0011855	OX359248.1	11034385	11040822
OG0011856	OX359248.1	11944341	11946156
OG0011857	OX359248.1	13386136	13389253
OG0011858	OX359248.1	13732690	13739076
OG0011859	OX359248.1	13839712	13845042
OG0011860	OX359248.1	14231482	14235116
OG0011861	OX359248.1	21474019	21475029
OG0011862	OX359248.1	22503330	22506268
OG0011863	OX359248.1	25956934	25958906
OG0011864	OX359248.1	26513438	26515223
OG0011865	OX359248.1	27017518	27018211
OG0011866	OX359248.1	28005367	28009460
OG0011867	OX359248.1	30524350	30527413
OG0011868	OX359248.1	30730044	30731115
OG0011869	OX359248.1	30961307	30971203
OG0011870	OX359248.1	31063082	31065715
OG0011871	OX359248.1	35232176	35235222
OG0011872	OX359248.1	35766732	35768150
OG0011873	OX359248.1	38418603	38419738
OG0011874	OX359248.1	38950725	38957936
OG0011875	OX359248.1	39805828	39807101
OG0011876	OX359248.1	40540737	40542434
OG0011877	OX359248.1	40886726	40888087
OG0011879	OX359248.1	44786449	44790932
OG0011880	OX359248.1	46343695	46348293
OG0011881	OX359248.1	48266986	48268355
OG0011882	OX359248.1	53952565	53953914
OG0011995	OX359250.1	5678062	5678604
OG0011999	OX359247.1	35054762	35055670
OG0012003	OX359248.1	38125739	38128507
OG0012010	OX359248.1	12300184	12301138
OG0012014	OX359247.1	3009097	3011344
OG0012016	OX359247.1	15560090	15560893
OG0012022	OX359247.1	14277510	14280005
OG0012024	OX359248.1	52505154	52508655
OG0012028	OX359246.1	26485245	26485941
OG0012029	OX359248.1	55670843	55828531
OG0012031	OX359248.1	38545218	38549270
OG0012037	OX359248.1	38363751	38366786
OG0012041	OX359248.1	27724066	27727122
OG0012044	OX359250.1	39061931	39064064
OG0012049	OX359249.1	39240881	39243192
OG0012056	OX359249.1	13739424	13747832
OG0012060	OX359246.1	67990347	67992127
OG0012062	OX359248.1	46221613	46223219
OG0012067	OX359246.1	46044665	46046729
OG0012071	OX359245.1	3762810	3796525
OG0012077	OX359248.1	15542246	15543177
OG0012081	OX359245.1	14732073	14732681
OG0012082	OX359247.1	39311836	39316389
OG0012086	OX359250.1	42050600	42060747
OG0012087	OX359248.1	34235883	34236831
OG0012088	OX359245.1	53924913	53926002
OG0012092	OX359246.1	27278176	27287345
OG0012093	OX359246.1	54434180	54434619
OG0012094	OX359249.1	41582887	41584294
OG0012095	OX359247.1	37434712	37436433
OG0012098	OX359249.1	28332610	28336790
OG0012099	OX359245.1	44919421	44923039
OG0012103	OX359247.1	33847093	33848061
OG0012104	OX359248.1	27434134	27436099
OG0012105	OX359245.1	26182685	26183467
OG0012110	OX359249.1	19699392	19707825
OG0012111	OX359249.1	38892024	39068664
OG0012113	OX359248.1	26976947	26977951
OG0012116	OX359249.1	41283032	41290917
OG0012117	OX359246.1	49052717	49054519
OG0012118	OX359249.1	34740322	34740933
OG0012122	OX359248.1	37722118	37722985
OG0012124	OX359250.1	10061431	10063106
OG0012128	OX359250.1	36021857	36024107
OG0012131	OX359250.1	11204047	11204965
OG0012133	OX359250.1	42441638	42450669
OG0012134	OX359250.1	36554137	36557099
OG0012135	OX359247.1	4615101	4616344
OG0012137	OX359249.1	24344631	24346897
OG0012138	OX359248.1	26917492	26919840
OG0012142	OX359247.1	56110285	56111698
OG0012143	OX359247.1	49359793	49360594
OG0012145	OX359249.1	27291418	27300146
OG0012147	OX359247.1	62528104	62528553
OG0012148	OX359245.1	4102471	4103715
OG0012149	OX359245.1	40696673	40698339
OG0012150	OX359250.1	38018733	38020626
OG0012151	OX359248.1	8143128	8210506
OG0012153	OX359249.1	12842863	12843219
OG0012154	OX359249.1	22045605	22049477
OG0012155	OX359250.1	40860277	40861551
OG0012156	OX359247.1	7093074	7100438
OG0012157	OX359247.1	16617933	16618825
OG0012159	OX359248.1	27523696	27526521
OG0012160	OX359248.1	35846398	35847868
OG0012161	OX359247.1	19536272	19537402
OG0012162	OX359248.1	34369676	34371565
OG0012167	OX359247.1	51769186	51770937
OG0012168	OX359248.1	45861902	45891339
OG0012172	OX359246.1	75416269	75431877
OG0012173	OX359247.1	5559067	5559969
OG0012174	OX359247.1	52013036	52016431
OG0012177	OX359248.1	33632262	33633735
OG0012178	OX359246.1	57234133	57250592
OG0012179	OX359248.1	28014030	28014656
OG0012180	OX359248.1	29532035	29534793
OG0012181	OX359249.1	22256091	22256453
OG0012183	OX359248.1	24993690	25015711
OG0012185	OX359246.1	36441672	36464383
OG0012186	OX359248.1	27897743	27899141
OG0012189	OX359245.1	4333998	4335917
OG0012192	OX359245.1	18734122	18735145
OG0012193	OX359245.1	19186263	19189101
OG0012194	OX359245.1	19640438	19644186
OG0012196	OX359245.1	26052707	26053817
OG0012198	OX359245.1	34506914	34508362
OG0012199	OX359245.1	50995166	50996750
OG0012200	OX359245.1	51731405	51734094
OG0012203	OX359249.1	5121167	5124290
OG0012204	OX359249.1	9291749	9293274
OG0012205	OX359249.1	12036332	12038641
OG0012206	OX359249.1	16023302	16032387
OG0012207	OX359249.1	16272340	16272773
OG0012208	OX359249.1	16533537	16535488
OG0012209	OX359249.1	19886121	19887377
OG0012210	OX359249.1	22151513	22153375
OG0012211	OX359249.1	26397157	26398625
OG0012212	OX359249.1	26602168	26602567
OG0012213	OX359249.1	29675405	29677101
OG0012214	OX359249.1	30507409	30509558
OG0012215	OX359249.1	31179946	31186668
OG0012216	OX359249.1	31441841	31447192
OG0012217	OX359249.1	34514885	34516729
OG0012218	OX359249.1	35873808	35915570
OG0012219	OX359249.1	36772664	36773710
OG0012220	OX359249.1	37135966	37139585
OG0012221	OX359249.1	39589455	39590702
OG0012222	OX359249.1	46002704	46004474
OG0012223	OX359249.1	46266141	46271217
OG0012225	OX359249.1	48789597	48793253
OG0012226	OX359249.1	49115725	49116390
OG0012227	OX359246.1	4325779	4327815
OG0012228	OX359246.1	16047055	16048034
OG0012231	OX359246.1	30356423	30357881
OG0012232	OX359246.1	31670398	31670940
OG0012233	OX359246.1	44931236	44933755
OG0012235	OX359246.1	53953573	53963734
OG0012236	OX359246.1	58043084	58044292
OG0012237	OX359250.1	9354438	9356684
OG0012238	OX359250.1	9713540	9714463
OG0012239	OX359250.1	12580630	12582553
OG0012240	OX359250.1	15830878	15833116
OG0012241	OX359250.1	21453846	21455784
OG0012242	OX359250.1	28896081	28896611
OG0012243	OX359250.1	31124476	31125114
OG0012244	OX359250.1	35549313	35550142
OG0012245	OX359250.1	36607615	36612570
OG0012246	OX359250.1	40028144	40030263
OG0012247	OX359250.1	40995947	40997142
OG0012248	OX359250.1	44929362	44937225
OG0012249	OX359250.1	46458725	46461572
OG0012250	OX359247.1	10150590	10151804
OG0012251	OX359247.1	14042047	14044886
OG0012252	OX359247.1	20358021	20358461
OG0012253	OX359247.1	23168275	23172326
OG0012254	OX359247.1	27571832	27573808
OG0012255	OX359247.1	31172797	31174905
OG0012256	OX359247.1	34730369	34731095
OG0012257	OX359247.1	37234450	37237116
OG0012258	OX359247.1	38825954	38826489
OG0012259	OX359247.1	43788973	43792646
OG0012260	OX359247.1	46783733	46787424
OG0012261	OX359247.1	51193423	51197796
OG0012262	OX359247.1	56751537	56752026
OG0012263	OX359247.1	59412517	59414265
OG0012264	OX359248.1	1820231	1821087
OG0012265	OX359248.1	2058754	2060727
OG0012266	OX359248.1	2305970	2307382
OG0012267	OX359248.1	6023929	6030098
OG0012268	OX359248.1	9392331	9393320
OG0012269	OX359248.1	15595487	15596145
OG0012270	OX359248.1	15741222	15741776
OG0012271	OX359248.1	16071688	16072153
OG0012272	OX359248.1	17241416	17242903
OG0012273	OX359248.1	19350174	19352566
OG0012274	OX359248.1	20113736	20114344
OG0012275	OX359248.1	21215954	21217918
OG0012276	OX359248.1	21516265	21517018
OG0012277	OX359248.1	21686561	21687637
OG0012278	OX359248.1	23130731	23132254
OG0012279	OX359248.1	24211840	24212474
OG0012280	OX359248.1	24890044	24890825
OG0012281	OX359248.1	26441596	26444929
OG0012282	OX359248.1	27170551	27172660
OG0012283	OX359248.1	27172834	27173342
OG0012284	OX359248.1	27214061	27216398
OG0012285	OX359248.1	28034787	28035333
OG0012286	OX359248.1	37649188	37650051
OG0012287	OX359248.1	38288924	38289935
OG0012288	OX359248.1	40904767	40905197
OG0012289	OX359248.1	46326956	46330898
OG0012290	OX359248.1	49791451	49793964
OG0012367	OX359249.1	27849379	27850694
OG0012376	OX359247.1	59664173	59665495
OG0012377	OX359249.1	36169248	36170258
OG0012378	OX359247.1	17499089	17501029
OG0012381	OX359245.1	55265143	55265632
OG0012383	OX359247.1	28086577	28091114
OG0012386	OX359250.1	26498806	26501350
OG0012389	OX359250.1	26732028	26734574
OG0012390	OX359246.1	41043421	41050370
OG0012398	OX359248.1	11971194	11972922
OG0012405	OX359247.1	42855485	42858362
OG0012416	OX359248.1	45293760	45302801
OG0012421	OX359245.1	20254920	20256601
OG0012422	OX359246.1	31902427	31906480
OG0012423	OX359247.1	23280920	23283373
OG0012426	OX359250.1	29458275	29461981
OG0012428	OX359249.1	22320373	22324011
OG0012429	OX359248.1	55443521	55457150
OG0012430	OX359248.1	50008276	50010378
OG0012433	OX359249.1	48212618	48217850
OG0012438	OX359247.1	34866482	34867299
OG0012442	OX359245.1	26520896	26522014
OG0012443	OX359248.1	38245083	38245931
OG0012445	OX359246.1	56533911	56540786
OG0012446	OX359247.1	395198	398369
OG0012451	OX359245.1	60216776	60217738
OG0012459	OX359248.1	24966996	24967437
OG0012464	OX359247.1	27072165	27076065
OG0012465	OX359246.1	5809850	5811101
OG0012466	OX359245.1	61733077	61735572
OG0012473	OX359249.1	34661485	34662928
OG0012475	OX359250.1	16273253	16276874
OG0012476	OX359246.1	72044738	72048420
OG0012483	OX359249.1	33476541	33487136
OG0012487	OX359248.1	21659426	21661198
OG0012488	OX359247.1	14508523	14515499
OG0012490	OX359247.1	24743533	24745965
OG0012494	OX359250.1	27339698	27345503
OG0012495	OX359247.1	13192086	13192728
OG0012500	OX359250.1	25532456	25538650
OG0012501	OX359247.1	14734216	14736269
OG0012504	OX359249.1	29321070	29441645
OG0012505	OX359250.1	13169293	13171619
OG0012507	OX359247.1	3708279	3714668
OG0012508	OX359247.1	48256567	48257477
OG0012512	OX359249.1	36121487	36122023
OG0012513	OX359248.1	3740023	3741016
OG0012515	OX359247.1	50698577	50699522
OG0012516	OX359247.1	32209318	32212801
OG0012519	OX359249.1	28994130	28995207
OG0012521	OX359245.1	21574974	21576615
OG0012523	OX359249.1	38197089	38198626
OG0012526	OX359249.1	38211300	38213581
OG0012527	OX359247.1	13789832	13844652
OG0012531	OX359249.1	34550052	34551399
OG0012535	OX359247.1	48478342	48624387
OG0012541	OX359249.1	27799533	27800472
OG0012545	OX359245.1	25287021	25287679
OG0012546	OX359245.1	25374197	25375164
OG0012550	OX359245.1	37906900	37908000
OG0012555	OX359249.1	11911004	11913270
OG0012556	OX359249.1	11935874	11937017
OG0012557	OX359249.1	15194811	15195547
OG0012558	OX359249.1	24523648	24524849
OG0012559	OX359249.1	26778673	26778936
OG0012560	OX359249.1	27564197	27576208
OG0012561	OX359249.1	29244768	29252048
OG0012562	OX359249.1	30580907	30586548
OG0012563	OX359249.1	30793912	30795270
OG0012564	OX359249.1	30953226	30953939
OG0012565	OX359249.1	34112584	34112975
OG0012566	OX359249.1	36739905	36741604
OG0012567	OX359249.1	42208113	42261320
OG0012568	OX359249.1	42628462	42629559
OG0012569	OX359249.1	51183360	51189093
OG0012570	OX359249.1	51486393	51490674
OG0012572	OX359246.1	11117195	11129993
OG0012573	OX359246.1	20102678	20103242
OG0012574	OX359246.1	39564935	39567100
OG0012576	OX359250.1	11828355	11828819
OG0012577	OX359250.1	14429171	14431476
OG0012578	OX359250.1	18149216	18150427
OG0012579	OX359250.1	18190710	18193304
OG0012580	OX359250.1	19394244	19399693
OG0012581	OX359250.1	19769467	19771429
OG0012582	OX359250.1	21375248	21386652
OG0012583	OX359250.1	23358785	23361409
OG0012584	OX359250.1	27064326	27070949
OG0012585	OX359250.1	31544238	31545000
OG0012586	OX359250.1	34229188	34230295
OG0012587	OX359250.1	35860617	35862999
OG0012588	OX359250.1	38024775	38025731
OG0012589	OX359250.1	39032058	39033777
OG0012590	OX359250.1	40185637	40187777
OG0012591	OX359250.1	41279749	41280074
OG0012593	OX359247.1	2857589	2859490
OG0012594	OX359247.1	11395765	11396297
OG0012595	OX359247.1	12070884	12072976
OG0012596	OX359247.1	17010055	17010862
OG0012597	OX359247.1	20640753	20641721
OG0012598	OX359247.1	22423453	22431560
OG0012600	OX359247.1	27946609	27949360
OG0012601	OX359247.1	30941836	30942810
OG0012602	OX359247.1	31024396	31025625
OG0012603	OX359247.1	32977384	32977834
OG0012604	OX359247.1	34486075	34489100
OG0012605	OX359247.1	37721720	37729796
OG0012607	OX359247.1	48451134	48453720
OG0012608	OX359247.1	61563430	61566353
OG0012609	OX359248.1	8443970	8446587
OG0012610	OX359248.1	19365628	19366368
OG0012611	OX359248.1	20950474	20952056
OG0012612	OX359248.1	21535969	21538600
OG0012613	OX359248.1	24738615	24739821
OG0012614	OX359248.1	25266864	25274549
OG0012615	OX359248.1	27719510	27720051
OG0012616	OX359248.1	29964795	29973682
OG0012617	OX359248.1	35164498	35165290
OG0012618	OX359248.1	36115143	36116606
OG0012619	OX359248.1	55882812	55883147
OG0012620	OX359248.1	56734458	56737351
OG0012734	OX359245.1	24265081	24267526
OG0012735	OX359248.1	1881316	1883762
OG0012745	OX359248.1	19243190	19244330
OG0012746	OX359246.1	61404937	61406704
OG0012752	OX359245.1	20768279	20768979
OG0012754	OX359248.1	15041663	15042270
OG0012755	OX359248.1	40084259	40087202
OG0012756	OX359246.1	60433662	60433958
OG0012757	OX359250.1	12045234	12111953
OG0012762	OX359250.1	29451974	29456081
OG0012764	OX359246.1	57565399	57566980
OG0012771	OX359250.1	22770849	22778260
OG0012772	OX359247.1	17098115	17100198
OG0012774	OX359245.1	26079857	26086649
OG0012776	OX359248.1	37777078	37777818
OG0012783	OX359250.1	7439555	7439860
OG0012785	OX359248.1	16108196	16129316
OG0012786	OX359250.1	6125366	6126088
OG0012787	OX359247.1	47494277	47496231
OG0012791	OX359247.1	27942030	27943163
OG0012797	OX359245.1	61620992	61621934
OG0012798	OX359248.1	43057982	43058404
OG0012804	OX359250.1	22334983	22335895
OG0012813	OX359248.1	37538868	37541403
OG0012815	OX359249.1	34664900	34667056
OG0012817	OX359249.1	46980010	47025153
OG0012819	OX359248.1	8535708	8540588
OG0012822	OX359247.1	52571946	52575054
OG0012823	OX359249.1	46127073	46129410
OG0012826	OX359245.1	26414876	26420016
OG0012830	OX359246.1	36812932	36824605
OG0012832	OX359248.1	33298561	33300820
OG0012833	OX359245.1	49479386	49480644
OG0012834	OX359246.1	58019826	58036819
OG0012837	OX359249.1	4272229	4274438
OG0012839	OX359249.1	54459912	54515298
OG0012841	OX359247.1	10415860	10417576
OG0012842	OX359245.1	42267332	42274663
OG0012845	OX359250.1	28948187	28948963
OG0012847	OX359249.1	30892782	30903875
OG0012851	OX359248.1	26995564	26996640
OG0012852	OX359249.1	12212827	12215569
OG0012853	OX359245.1	4475079	4475980
OG0012854	OX359245.1	4473655	4474250
OG0012855	OX359249.1	19442281	19444125
OG0012856	OX359248.1	15669850	15672828
OG0012859	OX359249.1	43587403	43588998
OG0012860	OX359246.1	35268466	35269181
OG0012861	OX359245.1	20609665	20612381
OG0012862	OX359246.1	65215520	65216308
OG0012864	OX359248.1	38887687	38896733
OG0012865	OX359248.1	6891193	6964338
OG0012866	OX359249.1	24699168	24701206
OG0012868	OX359249.1	7441746	7471135
OG0012873	OX359247.1	44898539	44899118
OG0012874	OX359247.1	10668898	10673349
OG0012877	OX359249.1	35606615	35607612
OG0012883	OX359245.1	72853027	72855129
OG0012884	OX359249.1	3331666	3356171
OG0012885	OX359249.1	3925934	3926209
OG0012886	OX359249.1	8903289	8906255
OG0012887	OX359249.1	13359866	13361067
OG0012888	OX359249.1	21740833	21742090
OG0012889	OX359249.1	22234102	22234554
OG0012890	OX359249.1	26511369	26525882
OG0012891	OX359249.1	26557230	26557966
OG0012892	OX359249.1	28015022	28043778
OG0012893	OX359249.1	28276906	28277313
OG0012894	OX359249.1	29130530	29131147
OG0012895	OX359249.1	29871044	29874925
OG0012896	OX359249.1	30158433	30160012
OG0012897	OX359249.1	34938257	34955324
OG0012898	OX359249.1	37069383	37080327
OG0012899	OX359249.1	41058684	41059973
OG0012900	OX359249.1	44491870	44494319
OG0012901	OX359249.1	49800228	49801694
OG0012902	OX359246.1	3669608	3671089
OG0012903	OX359246.1	25706123	25706683
OG0012904	OX359246.1	26995295	27003115
OG0012905	OX359246.1	42022397	42023381
OG0012906	OX359246.1	42574320	42577181
OG0012907	OX359246.1	56000216	56000887
OG0012908	OX359246.1	56509994	56511983
OG0012909	OX359246.1	57544893	57545763
OG0012911	OX359250.1	13376536	13377623
OG0012912	OX359250.1	36445016	36449741
OG0012913	OX359247.1	2607258	2608511
OG0012914	OX359247.1	10206511	10208582
OG0012915	OX359247.1	16986811	16988295
OG0012916	OX359247.1	23092803	23108851
OG0012918	OX359247.1	27961302	27965002
OG0012919	OX359247.1	28927358	28927719
OG0012921	OX359247.1	43669035	43699332
OG0012922	OX359248.1	1160820	1164508
OG0012923	OX359248.1	8123611	8125403
OG0012924	OX359248.1	15039042	15040511
OG0012925	OX359248.1	15053207	15054638
OG0012926	OX359248.1	16736594	16738167
OG0012927	OX359248.1	19183118	19184588
OG0012928	OX359248.1	23101575	23103413
OG0012929	OX359248.1	37533831	37534064
OG0012930	OX359248.1	40534617	40535114
OG0012931	OX359248.1	40538822	40539510
OG0012932	OX359248.1	54891302	54894997
OG0013055	OX359245.1	7408282	7411812
OG0013057	OX359246.1	49091161	49091484
OG0013066	OX359245.1	49497043	49498227
OG0013076	OX359249.1	9015129	9015733
OG0013079	OX359250.1	41818911	41820951
OG0013094	OX359248.1	36182729	36184865
OG0013096	OX359245.1	61194487	61197352
OG0013105	OX359246.1	26301880	26303721
OG0013106	OX359247.1	43301172	43303514
OG0013107	OX359248.1	24333821	24334640
OG0013108	OX359248.1	45304940	45306885
OG0013114	OX359247.1	25772241	25776283
OG0013118	OX359247.1	20901320	20913995
OG0013121	OX359245.1	16162161	16163417
OG0013126	OX359247.1	17024255	17041181
OG0013127	OX359248.1	51218183	51233987
OG0013131	OX359247.1	59479071	59479874
OG0013143	OX359247.1	10777062	10778972
OG0013153	OX359245.1	40951990	40965426
OG0013158	OX359250.1	9945371	10005818
OG0013160	OX359247.1	50909178	50909664
OG0013161	OX359246.1	68652751	68654368
OG0013165	OX359248.1	53198784	53200042
OG0013170	OX359250.1	22078740	22082008
OG0013174	OX359250.1	17277655	17375692
OG0013177	OX359250.1	37106436	37111185
OG0013178	OX359246.1	54234833	54238161
OG0013185	OX359248.1	12700828	12703907
OG0013187	OX359245.1	24895299	24897301
OG0013193	OX359250.1	39030550	39031562
OG0013198	OX359248.1	22321246	22346989
OG0013199	OX359248.1	27153937	27157754
OG0013206	OX359249.1	23576872	23579287
OG0013208	OX359248.1	14244685	14245038
OG0013209	OX359246.1	7745470	7746108
OG0013210	OX359249.1	30514711	30515856
OG0013211	OX359247.1	21189049	21192022
OG0013213	OX359247.1	10851192	10854878
OG0013214	OX359248.1	15611266	15612796
OG0013215	OX359248.1	45155634	45157928
OG0013217	OX359249.1	6435454	6465442
OG0013221	OX359250.1	13669869	13673363
OG0013224	OX359250.1	35771229	35839269
OG0013225	OX359248.1	2965824	2966218
OG0013230	OX359248.1	34454627	34556226
OG0013232	OX359246.1	30674555	30690565
OG0013233	OX359245.1	41643200	41644512
OG0013235	OX359250.1	7824144	7825772
OG0013237	OX359248.1	32116834	32121072
OG0013253	OX359250.1	14033654	14035839
OG0013254	OX359248.1	5283459	5299506
OG0013257	OX359245.1	21719457	21723550
OG0013258	OX359245.1	36614470	36614865
OG0013259	OX359245.1	41435800	41436951
OG0013260	OX359245.1	42762037	42763889
OG0013264	OX359245.1	65981905	65983194
OG0013265	OX359245.1	78692491	78693899
OG0013266	OX359249.1	6491669	6491929
OG0013267	OX359249.1	8813870	8814139
OG0013268	OX359249.1	12992544	12993565
OG0013269	OX359249.1	13560779	13564275
OG0013271	OX359249.1	38035216	38037594
OG0013272	OX359249.1	38603777	38605458
OG0013273	OX359249.1	38784294	38789920
OG0013275	OX359246.1	12158917	12161708
OG0013277	OX359246.1	33313825	33315510
OG0013278	OX359246.1	48017213	48019881
OG0013279	OX359250.1	7651844	7657519
OG0013281	OX359250.1	18365491	18367768
OG0013282	OX359250.1	19675605	19678176
OG0013283	OX359250.1	31534555	31540496
OG0013285	OX359247.1	3735307	3738445
OG0013286	OX359247.1	10716781	10717514
OG0013287	OX359247.1	14867239	14868203
OG0013288	OX359247.1	18741462	18742500
OG0013289	OX359247.1	29297359	29297777
OG0013291	OX359247.1	37741647	37742888
OG0013292	OX359247.1	38025847	38026340
OG0013293	OX359247.1	38496159	38503169
OG0013294	OX359247.1	38945790	38946838
OG0013295	OX359247.1	39915341	39916247
OG0013296	OX359247.1	46435066	46435931
OG0013298	OX359247.1	53651689	53652851
OG0013299	OX359248.1	17734291	17736672
OG0013300	OX359248.1	20942429	20946201
OG0013301	OX359248.1	25149214	25156713
OG0013302	OX359248.1	26355528	26355965
OG0013303	OX359248.1	27230772	27231074
OG0013304	OX359248.1	28206309	28207435
OG0013306	OX359248.1	33642702	33643215
OG0013307	OX359248.1	35662194	35665929
OG0013308	OX359248.1	44689267	44698044
OG0013435	OX359245.1	19165819	19166382
OG0013436	OX359245.1	38589807	38590697
OG0013446	OX359248.1	6150615	6150869
OG0013451	OX359245.1	25525971	25527118
OG0013454	OX359248.1	26739851	26742880
OG0013459	OX359250.1	27479077	27479598
OG0013467	OX359247.1	17808006	17809735
OG0013468	OX359248.1	18078049	18081453
OG0013470	OX359249.1	45896008	45898008
OG0013481	OX359246.1	70929099	70939677
OG0013488	OX359246.1	45018353	45021319
OG0013493	OX359245.1	31015304	31018033
OG0013501	OX359247.1	44668201	44669296
OG0013502	OX359247.1	37701154	37701616
OG0013503	OX359249.1	39204575	39209137
OG0013504	OX359246.1	9060048	9062651
OG0013505	OX359249.1	36570307	36619794
OG0013506	OX359246.1	25230081	25237495
OG0013507	OX359246.1	37977949	37980496
OG0013517	OX359249.1	22901126	22903089
OG0013529	OX359250.1	16287237	16303774
OG0013531	OX359248.1	22621941	22622306
OG0013532	OX359250.1	35905574	35907753
OG0013535	OX359247.1	39219188	39238700
OG0013539	OX359249.1	9361613	9375440
OG0013540	OX359248.1	32501069	32502653
OG0013542	OX359249.1	32990232	32990815
OG0013543	OX359249.1	11227476	11233573
OG0013547	OX359247.1	23860786	23887109
OG0013552	OX359247.1	55139476	55141801
OG0013554	OX359250.1	31994388	32002659
OG0013555	OX359250.1	30765908	30769936
OG0013557	OX359247.1	2547907	2548314
OG0013558	OX359248.1	29215700	29252233
OG0013563	OX359249.1	37296044	37297534
OG0013565	OX359248.1	13714563	13718952
OG0013570	OX359248.1	24102873	24104877
OG0013572	OX359250.1	41229563	41233556
OG0013578	OX359247.1	43732388	43734406
OG0013585	OX359247.1	21264865	21282444
OG0013586	OX359249.1	45271258	45274398
OG0013587	OX359249.1	45275506	45278813
OG0013590	OX359247.1	10495584	10496312
OG0013592	OX359246.1	53389986	53391074
OG0013600	OX359246.1	56191393	56198621
OG0013605	OX359247.1	12077475	12079874
OG0013614	OX359245.1	32040090	32041718
OG0013621	OX359249.1	29079126	29080082
OG0013623	OX359249.1	41576106	41576653
OG0013625	OX359249.1	43617273	43618353
OG0013626	OX359249.1	52043946	52054623
OG0013631	OX359246.1	31568547	31569401
OG0013634	OX359246.1	43787813	43788169
OG0013635	OX359246.1	48118872	48121913
OG0013637	OX359246.1	55087710	55089041
OG0013639	OX359246.1	72073049	72074052
OG0013640	OX359250.1	16227902	16229806
OG0013641	OX359250.1	22553361	22554645
OG0013642	OX359250.1	25208302	25208790
OG0013643	OX359250.1	31777518	31780208
OG0013644	OX359250.1	38249079	38250407
OG0013645	OX359250.1	38606850	38612119
OG0013646	OX359250.1	40219862	40220515
OG0013647	OX359250.1	40596865	40600684
OG0013648	OX359250.1	42029673	42031905
OG0013650	OX359247.1	16885112	16889624
OG0013651	OX359247.1	18785800	18788330
OG0013654	OX359247.1	27430515	27431607
OG0013655	OX359247.1	28787683	28789252
OG0013657	OX359247.1	46436668	46439107
OG0013658	OX359247.1	48791108	48798667
OG0013659	OX359247.1	51771430	51772371
OG0013660	OX359247.1	62543972	62546481
OG0013661	OX359247.1	64382752	64383106
OG0013662	OX359248.1	2354957	2358306
OG0013663	OX359248.1	8252591	8253394
OG0013664	OX359248.1	20394419	20396323
OG0013666	OX359248.1	34971255	34972892
OG0013667	OX359248.1	42702477	42709968
OG0013668	OX359248.1	47592013	47593059
OG0013866	OX359247.1	61403436	61407586
OG0013878	OX359249.1	38073393	38075341
OG0013881	OX359250.1	16638109	16667284
OG0013885	OX359248.1	2319419	2321427
OG0013889	OX359246.1	32423685	32425939
OG0013896	OX359248.1	2817782	2819666
OG0013898	OX359247.1	61652028	61653471
OG0013904	OX359247.1	31888599	31891776
OG0013917	OX359245.1	44559735	44562070
OG0013918	OX359246.1	5708990	5711617
OG0013919	OX359247.1	15296678	15297505
OG0013920	OX359245.1	19916649	19936523
OG0013921	OX359246.1	9513580	9556557
OG0013931	OX359249.1	37263539	37266015
OG0013943	OX359246.1	20222713	20247174
OG0013944	OX359246.1	32529321	32530166
OG0013946	OX359245.1	54535282	54538114
OG0013951	OX359247.1	38470441	38470926
OG0013963	OX359249.1	14254616	14255400
OG0013964	OX359250.1	35570798	35576605
OG0013965	OX359249.1	32834210	32841166
OG0013972	OX359248.1	51666005	51670981
OG0013975	OX359247.1	15377818	15389356
OG0013977	OX359248.1	6758045	6793252
OG0013979	OX359247.1	16081522	16082749
OG0013981	OX359249.1	25246146	25256652
OG0013983	OX359248.1	29311322	29316541
OG0013984	OX359249.1	8552703	8554061
OG0013985	OX359249.1	21024713	21027996
OG0013986	OX359245.1	26510157	26511761
OG0013987	OX359247.1	4490820	4496370
OG0013990	OX359247.1	38946841	38954899
OG0013991	OX359249.1	4945024	5015399
OG0013992	OX359250.1	41038470	41039899
OG0013996	OX359248.1	2963409	2969532
OG0013998	OX359250.1	7046969	7051349
OG0014001	OX359248.1	35251718	35255723
OG0014004	OX359247.1	4602043	4603397
OG0014012	OX359245.1	49232077	49232423
OG0014016	OX359249.1	5464441	5466029
OG0014018	OX359249.1	21109001	21112041
OG0014019	OX359249.1	34697453	34701848
OG0014020	OX359249.1	39460097	39460855
OG0014024	OX359246.1	20940073	20942822
OG0014026	OX359246.1	35930049	35932750
OG0014027	OX359246.1	47481962	47483134
OG0014028	OX359246.1	72540062	72540878
OG0014030	OX359250.1	22402820	22404263
OG0014031	OX359250.1	27011077	27014738
OG0014032	OX359250.1	39314954	39315748
OG0014033	OX359247.1	891689	892712
OG0014035	OX359247.1	57735414	57736220
OG0014036	OX359247.1	59321132	59323447
OG0014038	OX359248.1	25721601	25724632
OG0014039	OX359248.1	29021300	29022113
OG0014040	OX359248.1	37614564	37617015
OG0014041	OX359248.1	45872972	45873844
OG0014042	OX359248.1	52901760	52902718
OG0014197	OX359249.1	1396036	1396938
OG0014205	OX359247.1	25237147	25238482
OG0014209	OX359248.1	7717411	7717950
OG0014210	OX359250.1	27550078	27550611
OG0014212	OX359247.1	21880675	21881520
OG0014229	OX359248.1	12625053	12627180
OG0014233	OX359247.1	17437949	17438723
OG0014234	OX359247.1	22202939	22204951
OG0014235	OX359246.1	26186484	26188220
OG0014241	OX359247.1	9596983	9598045
OG0014242	OX359250.1	7608320	7614360
OG0014245	OX359248.1	22693843	22695200
OG0014247	OX359250.1	7458242	7460669
OG0014252	OX359250.1	38065355	38066894
OG0014258	OX359248.1	16313351	16316236
OG0014261	OX359245.1	49296653	49301142
OG0014267	OX359245.1	38064000	38066127
OG0014268	OX359247.1	49214573	49220109
OG0014269	OX359249.1	28976746	28981647
OG0014275	OX359250.1	33181240	33181707
OG0014277	OX359248.1	8117866	8122768
OG0014279	OX359249.1	26325448	26331589
OG0014285	OX359248.1	45207439	45214121
OG0014293	OX359248.1	24090546	24091637
OG0014303	OX359246.1	56148707	56160303
OG0014307	OX359248.1	26336544	26342869
OG0014308	OX359247.1	5574332	5574712
OG0014309	OX359248.1	8490811	8499889
OG0014312	OX359250.1	36656663	36658357
OG0014315	OX359250.1	11854330	11856101
OG0014316	OX359250.1	39827465	39829679
OG0014322	OX359250.1	37026250	37028223
OG0014328	OX359250.1	20607636	20654444
OG0014329	OX359246.1	52141415	52159677
OG0014330	OX359250.1	29480511	29481913
OG0014333	OX359247.1	34709687	34710750
OG0014334	OX359249.1	5989077	6066901
OG0014343	OX359247.1	55044328	55046201
OG0014344	OX359247.1	7199160	7205653
OG0014347	OX359249.1	18487250	18491600
OG0014348	OX359248.1	14438298	14439146
OG0014349	OX359249.1	45101924	45104789
OG0014350	OX359249.1	45070229	45073431
OG0014352	OX359250.1	26371705	26373898
OG0014355	OX359248.1	24127260	24141409
OG0014357	OX359247.1	1568779	1571776
OG0014358	OX359247.1	2985413	3000365
OG0014359	OX359247.1	12363187	12459528
OG0014363	OX359246.1	56552543	56556366
OG0014366	OX359247.1	54217165	54227839
OG0014367	OX359248.1	49647481	49649520
OG0014368	OX359246.1	59465096	59466156
OG0014370	OX359249.1	33318932	33322512
OG0014371	OX359248.1	15131193	15132995
OG0014372	OX359245.1	61736524	61741033
OG0014373	OX359247.1	20422313	20426379
OG0014375	OX359250.1	7557196	7559781
OG0014376	OX359247.1	4527388	4528595
OG0014388	OX359245.1	20233682	20234686
OG0014389	OX359245.1	20643674	20644987
OG0014394	OX359245.1	58419322	58420270
OG0014396	OX359245.1	67191754	67193155
OG0014398	OX359249.1	2541692	2545475
OG0014399	OX359249.1	36858490	36859587
OG0014400	OX359249.1	45611638	45662700
OG0014401	OX359246.1	3236672	3241185
OG0014404	OX359246.1	24483584	24485913
OG0014408	OX359246.1	53911778	53912341
OG0014409	OX359246.1	56053549	56055590
OG0014410	OX359250.1	12717943	12719748
OG0014412	OX359247.1	8675373	8675835
OG0014413	OX359247.1	17603889	17605308
OG0014414	OX359247.1	18700934	18703226
OG0014415	OX359247.1	31176494	31178995
OG0014418	OX359247.1	43728103	43728554
OG0014419	OX359247.1	53277447	53279897
OG0014420	OX359248.1	19358921	19361229
OG0014421	OX359248.1	20674044	20675507
OG0014422	OX359248.1	25916133	25917371
OG0014423	OX359248.1	27395151	27426378
OG0014424	OX359248.1	29032190	29036758
OG0014425	OX359248.1	29429883	29430796
OG0014427	OX359248.1	32823539	32823909
OG0014428	OX359248.1	34027664	34029356
OG0014430	OX359248.1	54657476	54659859
OG0014653	OX359248.1	45367060	45367518
OG0014670	OX359247.1	1308949	1310613
OG0014675	OX359246.1	42615861	42616190
OG0014691	OX359245.1	9089449	9092063
OG0014692	OX359248.1	43789287	43797073
OG0014699	OX359247.1	21866590	21867595
OG0014705	OX359246.1	13517802	13520355
OG0014712	OX359247.1	29475994	29617788
OG0014718	OX359250.1	4948223	4954931
OG0014721	OX359248.1	23513531	23515505
OG0014731	OX359248.1	7682851	7712214
OG0014733	OX359248.1	25786479	25789111
OG0014752	OX359248.1	50536881	50538538
OG0014755	OX359248.1	1940037	1942859
OG0014763	OX359247.1	50102755	50104471
OG0014767	OX359246.1	47949188	47952950
OG0014773	OX359247.1	40290627	40292219
OG0014777	OX359247.1	19534303	19535831
OG0014780	OX359249.1	11941777	11950210
OG0014782	OX359246.1	6235682	6236126
OG0014783	OX359250.1	1439013	1439653
OG0014785	OX359247.1	53922116	53927460
OG0014788	OX359249.1	19241091	19244190
OG0014789	OX359246.1	13310888	13402748
OG0014798	OX359246.1	23304074	23308788
OG0014800	OX359247.1	48383640	48396165
OG0014806	OX359249.1	47550259	47552395
OG0014808	OX359246.1	40917248	40919900
OG0014813	OX359246.1	44941775	44943770
OG0014814	OX359247.1	10237354	10238208
OG0014815	OX359249.1	37498563	37509872
OG0014816	OX359247.1	40889553	40892926
OG0014817	OX359249.1	27908253	27928383
OG0014820	OX359250.1	33455757	33456795
OG0014828	OX359247.1	51284851	51350402
OG0014830	OX359249.1	23607763	23632038
OG0014831	OX359249.1	25596441	25605267
OG0014833	OX359245.1	77394142	77429997
OG0014838	OX359246.1	55436040	55437287
OG0014846	OX359249.1	771654	773513
OG0014847	OX359247.1	31396626	31397570
OG0014848	OX359250.1	27179308	27191472
OG0014849	OX359250.1	33249404	33263632
OG0014858	OX359245.1	17749300	17752624
OG0014859	OX359245.1	30887811	30890277
OG0014865	OX359245.1	44961717	44962984
OG0014866	OX359245.1	60903701	60904552
OG0014870	OX359249.1	14176615	14177442
OG0014871	OX359249.1	14835678	14836039
OG0014872	OX359249.1	21229796	21268476
OG0014873	OX359249.1	23169169	23174104
OG0014874	OX359249.1	26534572	26539834
OG0014875	OX359249.1	31436195	31438162
OG0014876	OX359249.1	32036394	32039040
OG0014877	OX359249.1	36863493	36864329
OG0014879	OX359249.1	42938866	42940579
OG0014880	OX359249.1	49118375	49121502
OG0014885	OX359246.1	44309252	44311527
OG0014886	OX359246.1	48664720	48679401
OG0014887	OX359246.1	48693208	48701878
OG0014888	OX359246.1	68651518	68651961
OG0014889	OX359250.1	12637485	12637953
OG0014890	OX359250.1	21513806	21516011
OG0014891	OX359250.1	23450810	23451295
OG0014892	OX359250.1	33018101	33020095
OG0014893	OX359247.1	7071017	7074106
OG0014894	OX359247.1	21438220	21439122
OG0014895	OX359247.1	27345247	27346801
OG0014896	OX359247.1	32985603	32988698
OG0014897	OX359247.1	34930881	34931845
OG0014900	OX359247.1	48406344	48408116
OG0014902	OX359247.1	49666449	49670184
OG0014903	OX359247.1	50347125	50347655
OG0014904	OX359247.1	50974597	50975705
OG0014906	OX359248.1	3413392	3417524
OG0014908	OX359248.1	4859100	4862167
OG0014909	OX359248.1	12722581	12723955
OG0014910	OX359248.1	14451786	14453848
OG0014911	OX359248.1	16572987	16573285
OG0014912	OX359248.1	22841570	22847567
OG0014913	OX359248.1	25574502	25575804
OG0014914	OX359248.1	29184204	29185330
OG0014915	OX359248.1	35156276	35157457
OG0014916	OX359248.1	38582415	38584377
OG0014917	OX359248.1	55139205	55152091
OG0015129	OX359247.1	12902690	12906017
OG0015139	OX359246.1	37826556	37828110
OG0015142	OX359246.1	70584082	70584485
OG0015157	OX359250.1	39067021	39067753
OG0015158	OX359245.1	39434318	39436978
OG0015159	OX359247.1	7272072	7274427
OG0015163	OX359248.1	20596736	20597803
OG0015171	OX359245.1	26187234	26187623
OG0015174	OX359246.1	34676697	34677991
OG0015178	OX359250.1	31971931	31973190
OG0015189	OX359248.1	38391872	38413010
OG0015193	OX359246.1	54472803	54479923
OG0015197	OX359249.1	26483820	26485654
OG0015206	OX359247.1	43779331	43780954
OG0015207	OX359249.1	39540765	39546354
OG0015210	OX359250.1	28354404	28357766
OG0015213	OX359247.1	23265485	23267842
OG0015216	OX359245.1	44050288	44054347
OG0015221	OX359249.1	32184728	32187520
OG0015222	OX359250.1	6730776	6732555
OG0015223	OX359248.1	28868366	28870432
OG0015225	OX359250.1	29474412	29476926
OG0015229	OX359246.1	31640430	31642578
OG0015235	OX359248.1	27065377	27067950
OG0015239	OX359248.1	26307471	26309341
OG0015242	OX359248.1	15524846	15528738
OG0015250	OX359249.1	33507447	33508915
OG0015254	OX359248.1	26657665	26661559
OG0015255	OX359245.1	24931719	24937412
OG0015259	OX359246.1	6904812	6905918
OG0015263	OX359248.1	33556730	33626914
OG0015271	OX359248.1	35569674	35649753
OG0015274	OX359250.1	7832153	7837043
OG0015275	OX359249.1	29883881	29885619
OG0015276	OX359249.1	10312759	10380269
OG0015280	OX359249.1	30510541	30511981
OG0015282	OX359247.1	20609466	20613337
OG0015284	OX359248.1	45768055	45769016
OG0015285	OX359250.1	36188935	36193164
OG0015287	OX359249.1	9622431	9624844
OG0015288	OX359249.1	25736681	25745744
OG0015291	OX359247.1	29201819	29206664
OG0015293	OX359245.1	26493954	26494892
OG0015296	OX359249.1	16254853	16256295
OG0015299	OX359248.1	35686482	35691032
OG0015303	OX359248.1	29181074	29182618
OG0015304	OX359250.1	9369358	9395312
OG0015305	OX359250.1	34190136	34192376
OG0015308	OX359250.1	16522068	16550863
OG0015310	OX359249.1	11166157	11167598
OG0015311	OX359245.1	19861761	19863752
OG0015314	OX359248.1	20201990	20204749
OG0015317	OX359245.1	36721718	36780269
OG0015318	OX359248.1	27177041	27179616
OG0015320	OX359248.1	28177816	28180588
OG0015321	OX359248.1	15475510	15478244
OG0015324	OX359248.1	13486417	13488558
OG0015325	OX359249.1	26284720	26292379
OG0015326	OX359249.1	46345056	46390979
OG0015327	OX359247.1	38062286	38063530
OG0015328	OX359247.1	11486780	11492876
OG0015332	OX359246.1	32006463	32008832
OG0015335	OX359249.1	52023235	52036792
OG0015337	OX359250.1	15349231	15350876
OG0015338	OX359248.1	6254826	6263428
OG0015339	OX359248.1	21628782	21629816
OG0015341	OX359249.1	46450985	46467750
OG0015345	OX359250.1	32220585	32225812
OG0015348	OX359246.1	40598455	40623131
OG0015350	OX359249.1	9123387	9127894
OG0015351	OX359246.1	39965649	39972658
OG0015357	OX359245.1	60875774	60879709
OG0015359	OX359246.1	48011393	48012730
OG0015361	OX359248.1	21698415	21698914
OG0015366	OX359245.1	24751496	24755338
OG0015368	OX359245.1	42915121	42917445
OG0015370	OX359245.1	57937214	57937885
OG0015372	OX359245.1	75224491	75225964
OG0015374	OX359249.1	16943934	16955039
OG0015375	OX359249.1	18700296	18701532
OG0015377	OX359249.1	26057625	26060398
OG0015378	OX359249.1	30245438	30356352
OG0015379	OX359249.1	30999005	31000840
OG0015381	OX359249.1	49548967	49552014
OG0015382	OX359249.1	50229274	50234875
OG0015386	OX359246.1	45908242	45909162
OG0015389	OX359250.1	5932135	5933508
OG0015390	OX359250.1	14463059	14465055
OG0015392	OX359250.1	42178236	42179988
OG0015393	OX359247.1	3986278	3992132
OG0015395	OX359247.1	13760216	13772611
OG0015397	OX359247.1	24632568	24632895
OG0015400	OX359247.1	56902107	56903411
OG0015401	OX359247.1	60641317	60642059
OG0015403	OX359248.1	4914014	4917617
OG0015405	OX359248.1	6252403	6253764
OG0015406	OX359248.1	13381324	13382170
OG0015407	OX359248.1	18295756	18296915
OG0015408	OX359248.1	25835587	25837409
OG0015673	OX359245.1	66075674	66076870
OG0015689	OX359249.1	39387881	39389297
OG0015709	OX359248.1	18089047	18090599
OG0015715	OX359248.1	16871675	16872685
OG0015717	OX359247.1	406179	412688
OG0015719	OX359245.1	15694987	15695591
OG0015726	OX359248.1	31762664	31776241
OG0015740	OX359250.1	29346664	29352396
OG0015743	OX359245.1	16092797	16094062
OG0015746	OX359248.1	12371117	12373349
OG0015752	OX359246.1	36022329	36024084
OG0015761	OX359247.1	11941477	11949627
OG0015762	OX359249.1	21761083	21773407
OG0015768	OX359246.1	44261165	44263780
OG0015772	OX359250.1	8607606	8734322
OG0015773	OX359249.1	49589069	49589722
OG0015775	OX359250.1	37851280	37853573
OG0015776	OX359248.1	55127768	55134319
OG0015780	OX359247.1	34822343	34822956
OG0015781	OX359249.1	43410236	43413687
OG0015785	OX359248.1	38743370	38776983
OG0015786	OX359249.1	27881039	27883025
OG0015788	OX359247.1	32868186	32869991
OG0015790	OX359250.1	46803935	46808283
OG0015793	OX359247.1	27078634	27080346
OG0015794	OX359249.1	30524202	30526454
OG0015795	OX359249.1	22731672	22737561
OG0015797	OX359249.1	31489375	31490914
OG0015799	OX359248.1	38341528	38342424
OG0015800	OX359250.1	32620699	32623344
OG0015802	OX359246.1	38234146	38235150
OG0015803	OX359250.1	10066416	10071320
OG0015804	OX359247.1	36882565	36883086
OG0015807	OX359247.1	33711028	33712963
OG0015808	OX359248.1	19367237	19370660
OG0015809	OX359247.1	53774921	53778353
OG0015810	OX359247.1	10418598	10423951
OG0015825	OX359248.1	37234522	37276765
OG0015827	OX359245.1	26573359	26573883
OG0015829	OX359249.1	22547973	22548590
OG0015835	OX359249.1	35752490	35830488
OG0015836	OX359246.1	56448866	56453925
OG0015838	OX359248.1	9002415	9036551
OG0015840	OX359246.1	35139242	35141057
OG0015841	OX359245.1	26495600	26496334
OG0015843	OX359248.1	20117943	20121993
OG0015847	OX359248.1	37388871	37392904
OG0015851	OX359249.1	29452369	29457740
OG0015852	OX359246.1	1646048	1647025
OG0015853	OX359247.1	2048441	2050412
OG0015854	OX359248.1	19226840	19230725
OG0015855	OX359248.1	50495480	50508028
OG0015856	OX359245.1	45987945	45989373
OG0015861	OX359249.1	35379379	35392246
OG0015863	OX359247.1	29301319	29305617
OG0015865	OX359245.1	51042182	51045791
OG0015866	OX359246.1	37633452	37643542
OG0015867	OX359250.1	26311988	26318915
OG0015870	OX359248.1	42628506	42634146
OG0015871	OX359246.1	37915527	37941287
OG0015872	OX359247.1	2051265	2052380
OG0015873	OX359249.1	8391376	8416492
OG0015879	OX359245.1	24881077	24882144
OG0015884	OX359245.1	48905975	48906391
OG0015887	OX359245.1	67710765	67714259
OG0015889	OX359249.1	3933881	3935023
OG0015891	OX359249.1	11319307	11337693
OG0015892	OX359249.1	11384584	11405138
OG0015893	OX359249.1	22333722	22336587
OG0015894	OX359249.1	25897619	25899138
OG0015895	OX359249.1	27846364	27847899
OG0015896	OX359249.1	31600036	31615686
OG0015897	OX359249.1	37333351	37338949
OG0015898	OX359249.1	40410989	40422642
OG0015899	OX359249.1	44450841	44451980
OG0015900	OX359249.1	46604182	46618054
OG0015901	OX359246.1	10336346	10336903
OG0015903	OX359246.1	16783894	16784929
OG0015904	OX359246.1	31910041	31912534
OG0015907	OX359246.1	45574634	45576318
OG0015909	OX359246.1	68014445	68015415
OG0015911	OX359250.1	10461987	10463149
OG0015912	OX359250.1	14595595	14596541
OG0015913	OX359250.1	16169304	16170341
OG0015914	OX359250.1	18198971	18199895
OG0015915	OX359250.1	23411591	23413273
OG0015916	OX359250.1	24635565	24638210
OG0015917	OX359250.1	33161550	33163653
OG0015918	OX359250.1	44777754	44778898
OG0015919	OX359247.1	3106730	3107084
OG0015920	OX359247.1	12342124	12343970
OG0015922	OX359247.1	25993909	25995275
OG0015923	OX359247.1	28845668	28847966
OG0015924	OX359247.1	29757177	29758358
OG0015926	OX359247.1	34883485	34885579
OG0015927	OX359247.1	39896648	39898177
OG0015928	OX359247.1	51215883	51218110
OG0015929	OX359247.1	52497741	52504410
OG0015930	OX359247.1	65990719	65998310
OG0015931	OX359248.1	15267045	15267406
OG0015932	OX359248.1	15318281	15321367
OG0015933	OX359248.1	16349929	16357790
OG0015934	OX359248.1	16535222	16535895
OG0015935	OX359248.1	16591245	16592143
OG0015936	OX359248.1	20776967	20778003
OG0015937	OX359248.1	21440278	21441295
OG0015938	OX359248.1	22865669	22866808
OG0015940	OX359248.1	38029342	38030272
OG0015941	OX359248.1	46231360	46232459
OG0015943	OX359248.1	51114518	51115564
OG0016268	OX359245.1	35518733	35519188
OG0016270	OX359246.1	8718767	8720816
OG0016284	OX359246.1	9006892	9007995
OG0016289	OX359249.1	36667307	36667817
OG0016296	OX359245.1	60543402	60544725
OG0016309	OX359248.1	53528769	53643624
OG0016315	OX359248.1	33689421	33692614
OG0016323	OX359247.1	64635019	64677569
OG0016329	OX359248.1	6106941	6108788
OG0016336	OX359248.1	5279843	5280826
OG0016339	OX359247.1	41152065	41170765
OG0016343	OX359248.1	128556	131701
OG0016361	OX359247.1	49153691	49154158
OG0016370	OX359247.1	53561352	53569121
OG0016371	OX359246.1	3461292	3545016
OG0016374	OX359249.1	19675069	19677328
OG0016377	OX359250.1	22249718	22272347
OG0016379	OX359248.1	44985153	44988109
OG0016381	OX359247.1	42442973	42444400
OG0016387	OX359246.1	44016346	44018459
OG0016390	OX359248.1	20061367	20064147
OG0016391	OX359247.1	38539477	38542370
OG0016393	OX359249.1	29696595	29697785
OG0016395	OX359249.1	39076368	39091784
OG0016396	OX359247.1	50084924	50092310
OG0016398	OX359250.1	2206503	2212754
OG0016399	OX359248.1	17312567	17314726
OG0016400	OX359247.1	14535228	14548106
OG0016401	OX359248.1	11965877	11969940
OG0016408	OX359249.1	36217983	36218967
OG0016410	OX359246.1	48030008	48031339
OG0016411	OX359249.1	46562616	46563806
OG0016412	OX359249.1	13951789	13969432
OG0016413	OX359245.1	20618102	20621964
OG0016416	OX359245.1	16843544	16848081
OG0016419	OX359249.1	18388765	18393969
OG0016422	OX359247.1	49350029	49350329
OG0016423	OX359248.1	9191433	9193684
OG0016426	OX359247.1	10321971	10413025
OG0016428	OX359248.1	23613115	23614301
OG0016431	OX359248.1	28876443	28878578
OG0016433	OX359248.1	19520388	19595675
OG0016434	OX359245.1	72651391	72654502
OG0016435	OX359249.1	7913260	7916728
OG0016444	OX359248.1	16440312	16460339
OG0016447	OX359245.1	37999686	38000635
OG0016448	OX359249.1	29292296	29294411
OG0016449	OX359249.1	47664662	47666714
OG0016452	OX359249.1	7918275	7924592
OG0016454	OX359250.1	7464619	7477552
OG0016456	OX359250.1	23479487	23532311
OG0016457	OX359246.1	37732847	37736064
OG0016458	OX359249.1	42068528	42097333
OG0016460	OX359247.1	11110084	11115286
OG0016461	OX359247.1	28456249	28553818
OG0016463	OX359247.1	17355462	17358837
OG0016464	OX359249.1	21732730	21734675
OG0016467	OX359248.1	2076261	2100523
OG0016469	OX359249.1	25803898	25825179
OG0016471	OX359248.1	53885323	53889112
OG0016476	OX359245.1	20004982	20014902
OG0016477	OX359250.1	10819691	10823173
OG0016479	OX359247.1	14322699	14326144
OG0016480	OX359248.1	38701330	38703969
OG0016482	OX359245.1	41076494	41079037
OG0016485	OX359250.1	22915054	22920568
OG0016486	OX359250.1	32495163	32496721
OG0016491	OX359249.1	13428656	13431399
OG0016493	OX359250.1	9211160	9219473
OG0016495	OX359247.1	61553021	61554029
OG0016505	OX359245.1	16185891	16187231
OG0016506	OX359245.1	19466070	19467612
OG0016507	OX359245.1	23745714	23747153
OG0016508	OX359245.1	26312629	26313951
OG0016509	OX359245.1	26504408	26505498
OG0016510	OX359245.1	27747029	27747378
OG0016516	OX359245.1	54202010	54203607
OG0016518	OX359245.1	69273869	69274814
OG0016519	OX359249.1	7178351	7179570
OG0016520	OX359249.1	21187240	21188952
OG0016521	OX359249.1	27243837	27245674
OG0016522	OX359249.1	29886279	29889175
OG0016523	OX359249.1	49565889	49566492
OG0016531	OX359250.1	11910614	11913518
OG0016532	OX359250.1	19825683	19827223
OG0016533	OX359250.1	22827831	22830250
OG0016535	OX359250.1	26477831	26480005
OG0016536	OX359250.1	33045919	33047446
OG0016537	OX359250.1	36953336	36957674
OG0016539	OX359250.1	38948831	38949872
OG0016540	OX359250.1	42220751	42228680
OG0016541	OX359247.1	5788346	5791252
OG0016542	OX359247.1	10242971	10244310
OG0016543	OX359247.1	21963427	21965967
OG0016544	OX359247.1	22192914	22194699
OG0016548	OX359247.1	49108160	49111530
OG0016549	OX359247.1	54491717	54491995
OG0016551	OX359247.1	59517955	59524228
OG0016552	OX359248.1	18168546	18169696
OG0016553	OX359248.1	20774541	20775450
OG0016554	OX359248.1	26123653	26126571
OG0016555	OX359248.1	36233348	36234630
OG0016556	OX359248.1	38707295	38709474
OG0016558	OX359248.1	40088156	40089124
OG0016893	OX359246.1	49092629	49092979
OG0016896	OX359247.1	36133332	36133785
OG0016901	OX359250.1	2690336	2692038
OG0016903	OX359249.1	43114654	43115246
OG0016917	OX359247.1	16147900	16153049
OG0016931	OX359246.1	26486333	26487467
OG0016937	OX359249.1	43004483	43006023
OG0016942	OX359248.1	16864876	16866517
OG0016950	OX359248.1	38538091	38540122
OG0016956	OX359250.1	41252506	41257049
OG0016971	OX359245.1	69022406	69025309
OG0016974	OX359248.1	12435315	12437287
OG0016978	OX359248.1	18256178	18264725
OG0016988	OX359248.1	27047279	27047898
OG0016989	OX359247.1	18295742	18326836
OG0017000	OX359247.1	61463248	61468339
OG0017001	OX359250.1	12961443	13000818
OG0017004	OX359246.1	47924158	47925440
OG0017005	OX359250.1	22198020	22200122
OG0017008	OX359248.1	27847152	27851149
OG0017013	OX359248.1	14475621	14478231
OG0017014	OX359247.1	34548613	34552329
OG0017015	OX359248.1	5068947	5070318
OG0017016	OX359247.1	14551402	14553450
OG0017018	OX359249.1	21282806	21286878
OG0017019	OX359249.1	30722753	30724202
OG0017025	OX359246.1	54156080	54157225
OG0017026	OX359248.1	16609035	16638550
OG0017030	OX359249.1	9591883	9593014
OG0017032	OX359249.1	31835410	31837373
OG0017034	OX359250.1	36631663	36634354
OG0017037	OX359245.1	26421346	26422322
OG0017038	OX359245.1	72843483	72845269
OG0017039	OX359249.1	41271030	41275749
OG0017041	OX359248.1	21547789	21549318
OG0017042	OX359247.1	65377489	65387384
OG0017047	OX359247.1	45080692	45081951
OG0017049	OX359250.1	27221538	27244583
OG0017050	OX359246.1	19153743	19155899
OG0017054	OX359247.1	43369350	43371876
OG0017057	OX359249.1	26628536	26631033
OG0017059	OX359249.1	31229743	31232319
OG0017061	OX359248.1	33488393	33489429
OG0017065	OX359246.1	58015752	58017885
OG0017066	OX359250.1	34145062	34145926
OG0017068	OX359247.1	35042861	35043953
OG0017070	OX359248.1	5972667	5974201
OG0017084	OX359248.1	20378748	20379494
OG0017086	OX359249.1	13530341	13532361
OG0017091	OX359248.1	37308147	37336852
OG0017092	OX359249.1	3963518	3984222
OG0017093	OX359249.1	14238494	14241241
OG0017098	OX359249.1	19465050	19469495
OG0017106	OX359247.1	24583251	24594364
OG0017107	OX359247.1	49532835	49545206
OG0017109	OX359247.1	4506770	4514608
OG0017110	OX359249.1	38617075	38619675
OG0017120	OX359245.1	11915085	11916274
OG0017126	OX359245.1	23849957	23850151
OG0017127	OX359245.1	25512578	25514855
OG0017128	OX359245.1	29527933	29529141
OG0017131	OX359245.1	38061474	38062469
OG0017133	OX359245.1	40701337	40702784
OG0017135	OX359245.1	42862793	42863907
OG0017138	OX359245.1	53462102	53464730
OG0017139	OX359245.1	61626435	61632690
OG0017141	OX359245.1	72845969	72846899
OG0017142	OX359249.1	17744480	17745272
OG0017143	OX359249.1	19301083	19303676
OG0017145	OX359249.1	22811831	22814180
OG0017146	OX359249.1	24892298	24896314
OG0017147	OX359249.1	29459852	29472414
OG0017148	OX359249.1	33392140	33395401
OG0017149	OX359249.1	38179360	38181184
OG0017150	OX359249.1	50917205	50921403
OG0017151	OX359249.1	54303724	54304110
OG0017156	OX359246.1	11866299	11868009
OG0017157	OX359246.1	27028225	27028781
OG0017158	OX359246.1	33036147	33038536
OG0017159	OX359246.1	40709511	40712282
OG0017160	OX359246.1	42571290	42571991
OG0017161	OX359246.1	43271337	43272127
OG0017162	OX359246.1	47512739	47513287
OG0017163	OX359246.1	47715619	47716876
OG0017165	OX359250.1	9343876	9344304
OG0017166	OX359250.1	36013921	36018040
OG0017167	OX359250.1	40019384	40020346
OG0017168	OX359250.1	40989479	40993786
OG0017169	OX359250.1	41865955	41867471
OG0017170	OX359250.1	41964039	41966478
OG0017175	OX359247.1	11987190	11988049
OG0017176	OX359247.1	16602652	16606830
OG0017178	OX359247.1	19237305	19238173
OG0017182	OX359247.1	34912102	34925034
OG0017183	OX359247.1	37608340	37610755
OG0017184	OX359247.1	37655020	37656084
OG0017186	OX359247.1	51595600	51596298
OG0017188	OX359247.1	54670671	54672482
OG0017190	OX359247.1	59422173	59422892
OG0017191	OX359247.1	61634215	61634963
OG0017193	OX359248.1	11085317	11085764
OG0017194	OX359248.1	13798165	13803215
OG0017195	OX359248.1	21734934	21736103
OG0017196	OX359248.1	32054093	32057326
OG0017197	OX359248.1	37923509	37924041
OG0017198	OX359248.1	39818045	39820018
OG0017199	OX359248.1	40261360	40262427
OG0017200	OX359248.1	43078526	43079017
OG0017201	OX359248.1	43444959	43448721
OG0017202	OX359248.1	46152161	46165153
OG0017203	OX359248.1	49608564	49609832
OG0017204	OX359248.1	54450620	54454897
OG0017630	OX359248.1	45179330	45179731
OG0017658	OX359250.1	46965832	46968270
OG0017670	OX359245.1	18768212	18770383
OG0017671	OX359248.1	39892609	39895589
OG0017674	OX359245.1	51055119	51057219
OG0017681	OX359250.1	36431906	36436322
OG0017683	OX359249.1	13662770	13663258
OG0017694	OX359245.1	58913669	58915132
OG0017696	OX359245.1	40063258	40066151
OG0017712	OX359249.1	30597445	30598446
OG0017722	OX359245.1	31885966	31889494
OG0017728	OX359250.1	36271482	36280163
OG0017734	OX359248.1	27072115	27074470
OG0017737	OX359247.1	45272553	45273368
OG0017742	OX359250.1	42229467	42233007
OG0017743	OX359249.1	22555723	22580576
OG0017752	OX359246.1	53258759	53260363
OG0017758	OX359249.1	20105354	20105704
OG0017763	OX359247.1	51433069	51439364
OG0017767	OX359246.1	12364758	12366105
OG0017769	OX359250.1	21393357	21395473
OG0017783	OX359249.1	14256836	14258122
OG0017792	OX359246.1	62886113	62911224
OG0017793	OX359247.1	14749553	14750836
OG0017794	OX359246.1	71477755	71479135
OG0017797	OX359250.1	40290263	40291852
OG0017800	OX359248.1	16329813	16331450
OG0017802	OX359250.1	36644363	36645690
OG0017804	OX359248.1	10677549	10678751
OG0017805	OX359245.1	11173473	11178103
OG0017809	OX359247.1	42397489	42398277
OG0017810	OX359245.1	20585864	20588914
OG0017813	OX359247.1	34383207	34404297
OG0017820	OX359247.1	19069842	19089619
OG0017823	OX359249.1	3597399	3679792
OG0017826	OX359247.1	46759206	46761045
OG0017829	OX359250.1	39028841	39029899
OG0017832	OX359248.1	24885391	24886340
OG0017836	OX359247.1	48195547	48197824
OG0017839	OX359248.1	19963369	20002857
OG0017844	OX359249.1	30086238	30088624
OG0017845	OX359247.1	16666819	16670719
OG0017846	OX359247.1	45526360	45527322
OG0017850	OX359245.1	20299516	20302008
OG0017857	OX359250.1	44300758	44302621
OG0017861	OX359248.1	3180912	3182165
OG0017863	OX359248.1	16223516	16226293
OG0017877	OX359248.1	36998812	37000399
OG0017878	OX359249.1	47354486	47360657
OG0017883	OX359245.1	13392654	13394853
OG0017884	OX359245.1	14631110	14631891
OG0017886	OX359245.1	19085599	19086702
OG0017889	OX359245.1	24719242	24721468
OG0017891	OX359245.1	29785535	29786539
OG0017892	OX359245.1	36257453	36258457
OG0017895	OX359245.1	51141142	51145387
OG0017899	OX359245.1	71680693	71681290
OG0017900	OX359249.1	6112495	6114220
OG0017902	OX359249.1	11871534	11873483
OG0017904	OX359249.1	17445967	17447996
OG0017905	OX359249.1	18406374	18407754
OG0017906	OX359249.1	22137762	22138863
OG0017907	OX359249.1	29239680	29243269
OG0017908	OX359249.1	29276340	29277153
OG0017909	OX359249.1	30689560	30692201
OG0017910	OX359249.1	32050768	32056761
OG0017911	OX359249.1	33397316	33398533
OG0017912	OX359249.1	34123588	34125307
OG0017913	OX359249.1	34319657	34319938
OG0017915	OX359249.1	37839059	37839526
OG0017918	OX359249.1	50236634	50240408
OG0017919	OX359246.1	4357254	4357735
OG0017920	OX359246.1	5795444	5796567
OG0017921	OX359246.1	8434883	8435182
OG0017923	OX359246.1	26181351	26182396
OG0017924	OX359246.1	26190450	26191614
OG0017926	OX359246.1	32900572	32901130
OG0017928	OX359246.1	37266698	37270605
OG0017929	OX359246.1	40676701	40678880
OG0017930	OX359246.1	43516786	43518246
OG0017931	OX359246.1	44281226	44283639
OG0017932	OX359246.1	47931037	47934558
OG0017933	OX359246.1	54608184	54611667
OG0017934	OX359246.1	61488712	61489667
OG0017938	OX359250.1	15208408	15209987
OG0017940	OX359250.1	26020567	26023482
OG0017941	OX359250.1	26501497	26504521
OG0017942	OX359250.1	28015034	28017793
OG0017943	OX359250.1	29535545	29540013
OG0017944	OX359250.1	38047553	38048970
OG0017945	OX359250.1	39554496	39555164
OG0017946	OX359250.1	40214664	40216366
OG0017947	OX359250.1	42765235	42765807
OG0017948	OX359250.1	43550088	43552910
OG0017949	OX359250.1	44780432	44781462
OG0017952	OX359247.1	11810538	11811577
OG0017954	OX359247.1	25640192	25648380
OG0017955	OX359247.1	31060748	31081541
OG0017956	OX359247.1	32319985	32321330
OG0017957	OX359247.1	38934613	38936020
OG0017958	OX359247.1	42038515	42043725
OG0017959	OX359247.1	43591509	43593247
OG0017960	OX359247.1	45684479	45686686
OG0017962	OX359247.1	55975770	55976571
OG0017965	OX359248.1	2855311	2856631
OG0017966	OX359248.1	3999934	4000461
OG0017968	OX359248.1	25978528	25982152
OG0017969	OX359248.1	27448231	27450880
OG0017970	OX359248.1	34322621	34323186
OG0017971	OX359248.1	41217264	41217698
OG0017972	OX359248.1	48852813	48860289
OG0018491	OX359247.1	30923468	30926889
OG0018498	OX359248.1	15847072	15848482
OG0018502	OX359246.1	38712243	38712511
OG0018514	OX359247.1	36806158	36806820
OG0018522	OX359246.1	28003085	28003381
OG0018529	OX359245.1	80168751	80169657
OG0018531	OX359247.1	50842517	50844734
OG0018533	OX359246.1	16380054	16382530
OG0018534	OX359246.1	72432182	72432523
OG0018537	OX359247.1	2107849	2119632
OG0018544	OX359247.1	51388375	51389937
OG0018545	OX359245.1	11172084	11172416
OG0018551	OX359247.1	55069905	55070859
OG0018561	OX359248.1	43721086	43746978
OG0018571	OX359246.1	61524821	61526438
OG0018584	OX359245.1	25482937	25484740
OG0018589	OX359245.1	3561687	3563636
OG0018592	OX359248.1	9721856	9725435
OG0018597	OX359248.1	15258387	15259456
OG0018598	OX359248.1	41945552	41946418
OG0018608	OX359246.1	69468247	69470878
OG0018611	OX359247.1	2036623	2038200
OG0018612	OX359246.1	31636873	31638679
OG0018614	OX359248.1	25121965	25125067
OG0018615	OX359248.1	56698903	56700831
OG0018624	OX359247.1	2638538	2639741
OG0018638	OX359247.1	31903616	31905466
OG0018639	OX359247.1	32820740	32822203
OG0018650	OX359247.1	34692975	34695015
OG0018655	OX359249.1	18578786	18579894
OG0018658	OX359249.1	29564609	29571410
OG0018659	OX359247.1	35072806	35076125
OG0018662	OX359245.1	19322526	19324836
OG0018663	OX359247.1	2963967	2976086
OG0018683	OX359249.1	8527748	8534447
OG0018689	OX359246.1	25529835	25531466
OG0018692	OX359245.1	25922231	25923586
OG0018696	OX359249.1	19479794	19481905
OG0018697	OX359248.1	33991290	33993567
OG0018699	OX359246.1	47312904	47314270
OG0018702	OX359247.1	57857529	57858982
OG0018704	OX359248.1	31738691	31739554
OG0018708	OX359248.1	9236590	9240864
OG0018711	OX359245.1	44607272	44608251
OG0018712	OX359250.1	31548418	31551203
OG0018715	OX359247.1	37187899	37191370
OG0018724	OX359246.1	54664457	54667607
OG0018725	OX359247.1	46769175	46774005
OG0018727	OX359246.1	48686068	48690731
OG0018728	OX359250.1	35759697	35765213
OG0018729	OX359249.1	2442843	2453585
OG0018733	OX359249.1	16683450	16725647
OG0018736	OX359250.1	19389231	19394204
OG0018737	OX359247.1	59870226	59873058
OG0018740	OX359250.1	41518163	41519385
OG0018741	OX359247.1	62113311	62135903
OG0018742	OX359248.1	29812566	29816037
OG0018745	OX359246.1	37569822	37570242
OG0018747	OX359245.1	24501838	24502320
OG0018750	OX359248.1	25207535	25235130
OG0018752	OX359250.1	28147412	28185555
OG0018753	OX359250.1	31945667	31948579
OG0018756	OX359248.1	2182713	2189694
OG0018759	OX359247.1	34831996	34833929
OG0018775	OX359245.1	4079195	4080322
OG0018780	OX359245.1	14729324	14735918
OG0018782	OX359245.1	18582966	18583928
OG0018783	OX359245.1	18654405	18655132
OG0018785	OX359245.1	25498857	25499978
OG0018787	OX359245.1	26304124	26312208
OG0018792	OX359245.1	41409342	41410617
OG0018795	OX359245.1	53113873	53114598
OG0018799	OX359249.1	9012888	9013710
OG0018800	OX359249.1	13436254	13440020
OG0018801	OX359249.1	29256186	29257696
OG0018802	OX359249.1	31196228	31199092
OG0018803	OX359249.1	32062818	32065094
OG0018805	OX359249.1	37733965	37751784
OG0018806	OX359249.1	38217883	38219442
OG0018807	OX359249.1	40530400	40572568
OG0018810	OX359246.1	5183056	5184773
OG0018811	OX359246.1	5660486	5663392
OG0018812	OX359246.1	22314593	22315141
OG0018814	OX359246.1	26204289	26205119
OG0018815	OX359246.1	26274655	26276940
OG0018818	OX359246.1	36429928	36431456
OG0018819	OX359246.1	39655474	39660831
OG0018821	OX359246.1	47307377	47308810
OG0018823	OX359246.1	56190136	56191058
OG0018824	OX359246.1	58002602	58004442
OG0018827	OX359246.1	61704746	61705814
OG0018828	OX359246.1	69475070	69476477
OG0018829	OX359250.1	6003319	6005477
OG0018830	OX359250.1	6880469	6881487
OG0018831	OX359250.1	8921963	8924331
OG0018832	OX359250.1	10355442	10358957
OG0018833	OX359250.1	11861949	11863207
OG0018834	OX359250.1	15253730	15254383
OG0018838	OX359250.1	29482169	29484045
OG0018839	OX359250.1	30152465	30153172
OG0018841	OX359250.1	31374601	31377024
OG0018843	OX359250.1	36018827	36019765
OG0018844	OX359250.1	38982604	38984600
OG0018845	OX359250.1	40869233	40870219
OG0018846	OX359250.1	41894328	41897748
OG0018847	OX359250.1	41952332	41956796
OG0018848	OX359250.1	44330272	44330856
OG0018849	OX359247.1	6237076	6239316
OG0018850	OX359247.1	11075579	11079135
OG0018851	OX359247.1	13201237	13202791
OG0018852	OX359247.1	14767287	14768251
OG0018853	OX359247.1	20648888	20650956
OG0018854	OX359247.1	21817038	21821103
OG0018856	OX359247.1	26981755	27008715
OG0018858	OX359247.1	34126479	34126874
OG0018859	OX359247.1	36699205	36702226
OG0018861	OX359247.1	39692672	39694137
OG0018862	OX359247.1	41604461	41607578
OG0018863	OX359247.1	42544033	42551972
OG0018864	OX359247.1	50468043	50469781
OG0018866	OX359247.1	62562055	62562508
OG0018868	OX359248.1	1196545	1197477
OG0018869	OX359248.1	5057037	5058378
OG0018870	OX359248.1	7540147	7540982
OG0018871	OX359248.1	8323861	8325887
OG0018872	OX359248.1	9110998	9112514
OG0018873	OX359248.1	12627490	12628451
OG0018874	OX359248.1	14350718	14353034
OG0018875	OX359248.1	14380925	14383703
OG0018876	OX359248.1	18676842	18678890
OG0018877	OX359248.1	20938895	20940879
OG0018878	OX359248.1	30070472	30076557
OG0018882	OX359248.1	40803425	40805012
OG0018883	OX359248.1	49306987	49311457
OG0019647	OX359245.1	53763685	53763918
OG0019650	OX359248.1	25783118	25783724
OG0019655	OX359247.1	38546845	38547229
OG0019659	OX359250.1	26961851	26963133
OG0019668	OX359246.1	61741088	61743554
OG0019673	OX359246.1	19393715	19395611
OG0019674	OX359248.1	43572287	43572825
OG0019684	OX359247.1	56219801	56220141
OG0019703	OX359248.1	17776197	17777999
OG0019715	OX359248.1	37175054	37175502
OG0019716	OX359250.1	25932800	25934524
OG0019720	OX359247.1	56863814	56868139
OG0019721	OX359246.1	39528104	39532066
OG0019737	OX359250.1	15762608	15764423
OG0019752	OX359247.1	59867284	59868524
OG0019755	OX359245.1	66857272	66860642
OG0019758	OX359248.1	49677136	49680904
OG0019759	OX359245.1	27592455	27596360
OG0019760	OX359250.1	16998743	17001075
OG0019769	OX359250.1	38056684	38058216
OG0019771	OX359250.1	39072363	39074876
OG0019779	OX359248.1	15555934	15557130
OG0019781	OX359249.1	47324651	47331805
OG0019783	OX359250.1	35937344	35938054
OG0019786	OX359245.1	30951830	30953382
OG0019789	OX359249.1	16213398	16237092
OG0019796	OX359250.1	39870161	39871285
OG0019803	OX359246.1	68272860	68274873
OG0019804	OX359246.1	26480447	26480836
OG0019805	OX359246.1	43774074	43779930
OG0019806	OX359246.1	60417853	60419031
OG0019807	OX359249.1	35474807	35476200
OG0019811	OX359248.1	27494528	27497842
OG0019812	OX359249.1	37662095	37665713
OG0019814	OX359249.1	17431841	17436481
OG0019822	OX359250.1	18592764	18600323
OG0019824	OX359247.1	59894365	59897982
OG0019825	OX359247.1	62530696	62533274
OG0019828	OX359248.1	15812381	15819502
OG0019834	OX359250.1	31632362	31645084
OG0019837	OX359249.1	20344686	20384797
OG0019842	OX359247.1	27622951	27625398
OG0019845	OX359248.1	27224170	27226245
OG0019848	OX359246.1	13907226	13908241
OG0019860	OX359246.1	64009701	64010054
OG0019866	OX359245.1	20411291	20411761
OG0019868	OX359248.1	5175832	5188697
OG0019870	OX359246.1	40114114	40115554
OG0019872	OX359248.1	20699722	20702610
OG0019875	OX359249.1	18343436	18346097
OG0019876	OX359250.1	28765312	28768055
OG0019877	OX359249.1	34399978	34400952
OG0019881	OX359250.1	11824318	11826190
OG0019892	OX359248.1	34128287	34140330
OG0019895	OX359249.1	9634472	9638165
OG0019896	OX359249.1	16558460	16577207
OG0019899	OX359250.1	32026515	32029418
OG0019902	OX359245.1	25040619	25046701
OG0019903	OX359247.1	52448659	52449383
OG0019904	OX359248.1	28883582	28884538
OG0019906	OX359250.1	32592363	32593953
OG0019909	OX359249.1	17953158	17955252
OG0019910	OX359248.1	38277493	38278866
OG0019917	OX359247.1	34057164	34063788
OG0019920	OX359245.1	57922260	57923342
OG0019923	OX359245.1	12282451	12284239
OG0019929	OX359245.1	25177684	25178582
OG0019931	OX359245.1	26187947	26188365
OG0019932	OX359245.1	26498143	26499063
OG0019933	OX359245.1	26595151	26596130
OG0019945	OX359249.1	667225	668529
OG0019946	OX359249.1	3802215	3803749
OG0019947	OX359249.1	5086846	5091919
OG0019948	OX359249.1	11605638	11607240
OG0019949	OX359249.1	12084557	12085057
OG0019950	OX359249.1	14255451	14255988
OG0019951	OX359249.1	14464712	14466078
OG0019952	OX359249.1	15041721	15044449
OG0019953	OX359249.1	16356485	16357592
OG0019954	OX359249.1	16478876	16480101
OG0019955	OX359249.1	19265942	19266859
OG0019956	OX359249.1	22768375	22772023
OG0019957	OX359249.1	26655409	26656134
OG0019958	OX359249.1	26877205	26878656
OG0019959	OX359249.1	29935321	29941418
OG0019960	OX359249.1	30548440	30551158
OG0019961	OX359249.1	30848411	30853626
OG0019962	OX359249.1	31110579	31159526
OG0019963	OX359249.1	31630203	31631862
OG0019964	OX359249.1	32542298	32543158
OG0019965	OX359249.1	33316124	33317795
OG0019966	OX359249.1	36762351	36762970
OG0019967	OX359249.1	37353860	37355212
OG0019968	OX359249.1	38121689	38123470
OG0019969	OX359249.1	45664968	45666692
OG0019970	OX359249.1	49421014	49432751
OG0019972	OX359246.1	5002325	5002934
OG0019973	OX359246.1	5255697	5259967
OG0019975	OX359246.1	17188382	17191175
OG0019976	OX359246.1	20070922	20072436
OG0019978	OX359246.1	25820609	25823121
OG0019979	OX359246.1	26232457	26233949
OG0019980	OX359246.1	26259061	26262777
OG0019981	OX359246.1	26286853	26288785
OG0019983	OX359246.1	32887413	32891661
OG0019984	OX359246.1	34786712	34790578
OG0019987	OX359246.1	36883145	36884688
OG0019989	OX359246.1	41441347	41442338
OG0019990	OX359246.1	44386178	44387769
OG0019991	OX359246.1	44473368	44474666
OG0019993	OX359246.1	46816051	46818987
OG0019994	OX359246.1	47372099	47373948
OG0019995	OX359246.1	47499314	47501885
OG0019996	OX359246.1	48824402	48830200
OG0019997	OX359246.1	49489384	49509917
OG0019998	OX359246.1	53264490	53265391
OG0019999	OX359246.1	53974901	53979877
OG0020000	OX359246.1	54358894	54361847
OG0020001	OX359246.1	55600475	55601154
OG0020002	OX359246.1	58269601	58270965
OG0020003	OX359246.1	61490549	61492591
OG0020004	OX359246.1	61692297	61694359
OG0020005	OX359246.1	61699782	61702367
OG0020006	OX359246.1	63158220	63160159
OG0020008	OX359246.1	68270700	68271841
OG0020009	OX359246.1	72035761	72037283
OG0020010	OX359250.1	4878550	4887326
OG0020011	OX359250.1	4930856	4935500
OG0020012	OX359250.1	5656420	5656973
OG0020013	OX359250.1	6876739	6878960
OG0020014	OX359250.1	6885147	6887100
OG0020015	OX359250.1	10464164	10465234
OG0020016	OX359250.1	10694959	10696310
OG0020017	OX359250.1	10930727	10932858
OG0020019	OX359250.1	15803530	15816745
OG0020020	OX359250.1	16231324	16239241
OG0020021	OX359250.1	18750640	18752618
OG0020022	OX359250.1	18894316	18896331
OG0020023	OX359250.1	19621032	19622551
OG0020024	OX359250.1	21358182	21359312
OG0020025	OX359250.1	21714556	21715327
OG0020026	OX359250.1	22365317	22366792
OG0020027	OX359250.1	23414340	23415402
OG0020028	OX359250.1	25885423	25887512
OG0020029	OX359250.1	27050848	27055731
OG0020030	OX359250.1	29093325	29094814
OG0020031	OX359250.1	29573717	29580269
OG0020032	OX359250.1	33020601	33021972
OG0020033	OX359250.1	33285856	33287816
OG0020034	OX359250.1	35285001	35286404
OG0020035	OX359250.1	36011779	36012817
OG0020036	OX359250.1	36619807	36620392
OG0020037	OX359250.1	36624539	36627517
OG0020038	OX359250.1	38008844	38011854
OG0020039	OX359250.1	39963796	39964281
OG0020040	OX359250.1	42483612	42484186
OG0020041	OX359250.1	43454411	43456917
OG0020043	OX359247.1	454402	455885
OG0020044	OX359247.1	5190787	5193383
OG0020046	OX359247.1	5575288	5577664
OG0020047	OX359247.1	6322013	6326675
OG0020048	OX359247.1	11027867	11029737
OG0020049	OX359247.1	11058292	11060517
OG0020050	OX359247.1	12535498	12537583
OG0020051	OX359247.1	12953158	12953708
OG0020052	OX359247.1	13848406	13849146
OG0020053	OX359247.1	20515328	20515779
OG0020054	OX359247.1	20814523	20815542
OG0020055	OX359247.1	21968331	21968868
OG0020056	OX359247.1	22019515	22020419
OG0020057	OX359247.1	22273475	22274699
OG0020058	OX359247.1	23784956	23786218
OG0020059	OX359247.1	23912982	23915350
OG0020060	OX359247.1	27191960	27203475
OG0020061	OX359247.1	27242429	27243193
OG0020062	OX359247.1	27476663	27477164
OG0020063	OX359247.1	27782036	27783445
OG0020064	OX359247.1	30920625	30922686
OG0020065	OX359247.1	34373236	34375070
OG0020066	OX359247.1	34423828	34424365
OG0020067	OX359247.1	34610491	34611533
OG0020068	OX359247.1	45117059	45118002
OG0020069	OX359247.1	50350093	50353159
OG0020070	OX359247.1	53936895	53937527
OG0020071	OX359247.1	55114116	55114631
OG0020073	OX359247.1	55977647	55978354
OG0020074	OX359247.1	56713443	56724924
OG0020075	OX359247.1	57288436	57295698
OG0020076	OX359247.1	57668296	57669735
OG0020077	OX359247.1	57756898	57758874
OG0020078	OX359247.1	59254276	59258542
OG0020079	OX359247.1	59802379	59804437
OG0020080	OX359247.1	62492239	62495074
OG0020081	OX359247.1	62600352	62601024
OG0020082	OX359247.1	65364191	65373425
OG0020083	OX359248.1	3023522	3024187
OG0020084	OX359248.1	5213290	5215235
OG0020085	OX359248.1	5229868	5234291
OG0020086	OX359248.1	5319192	5320627
OG0020087	OX359248.1	10573501	10575252
OG0020088	OX359248.1	11390409	11391366
OG0020089	OX359248.1	12497555	12498724
OG0020090	OX359248.1	12739638	12741654
OG0020091	OX359248.1	14394503	14395777
OG0020092	OX359248.1	15121623	15125418
OG0020093	OX359248.1	18795093	18796131
OG0020094	OX359248.1	19234151	19238444
OG0020095	OX359248.1	20599375	20599718
OG0020096	OX359248.1	22301126	22303092
OG0020097	OX359248.1	22492302	22492946
OG0020098	OX359248.1	22857681	22862758
OG0020099	OX359248.1	23596906	23598589
OG0020100	OX359248.1	24279330	24280436
OG0020102	OX359248.1	25128689	25130084
OG0020103	OX359248.1	25137919	25138595
OG0020104	OX359248.1	25157074	25159135
OG0020105	OX359248.1	26109683	26110150
OG0020106	OX359248.1	31680020	31680819
OG0020107	OX359248.1	33319544	33321070
OG0020108	OX359248.1	34342420	34343338
OG0020109	OX359248.1	37112431	37113630
OG0020110	OX359248.1	37282057	37282758
OG0020111	OX359248.1	37347326	37347860
OG0020112	OX359248.1	38388082	38390505
OG0020113	OX359248.1	40519376	40520679
OG0020115	OX359248.1	43253290	43254474
OG0020116	OX359248.1	43972019	43973853
OG0020117	OX359248.1	49727140	49728487
OG0020118	OX359248.1	50033206	50058568
OG0020119	OX359248.1	50813348	50814188
OG0020120	OX359248.1	52908750	52912431
OG0020121	OX359248.1	52914216	52917491
OG0020812	OX359247.1	53799376	53802141
OG0020818	OX359245.1	34038006	34038413
OG0020849	OX359250.1	46211984	46212709
OG0020857	OX359247.1	54049083	54049940
OG0020858	OX359248.1	167351	171996
OG0020862	OX359245.1	49006487	49006897
OG0020863	OX359248.1	17635054	17637394
OG0020874	OX359250.1	15759906	15761276
OG0020908	OX359245.1	19399853	19401042
OG0020911	OX359249.1	36232363	36235894
OG0020923	OX359247.1	57690730	57690966
OG0020942	OX359247.1	54681577	54684116
OG0020948	OX359247.1	23268803	23270897
OG0020951	OX359249.1	26424080	26426044
OG0020956	OX359250.1	42186505	42189540
OG0020963	OX359248.1	38385080	38387225
OG0020967	OX359246.1	58903734	58904982
OG0020972	OX359246.1	57988042	57994570
OG0020981	OX359246.1	1336686	1338171
OG0020983	OX359250.1	18373399	18377283
OG0020988	OX359246.1	26270185	26272546
OG0020995	OX359247.1	27244561	27245808
OG0021016	OX359249.1	27873595	27874804
OG0021018	OX359246.1	41126704	41127409
OG0021025	OX359249.1	1194719	1195535
OG0021028	OX359247.1	38071248	38071968
OG0021035	OX359249.1	22681658	22683668
OG0021047	OX359249.1	9097634	9110628
OG0021049	OX359248.1	23342181	23344066
OG0021054	OX359248.1	48556374	48558783
OG0021055	OX359246.1	48178868	48206013
OG0021081	OX359248.1	33630154	33631330
OG0021082	OX359248.1	35505518	35506082
OG0021087	OX359248.1	38233994	38235307
OG0021097	OX359246.1	19476025	19479226
OG0021100	OX359245.1	4812606	4813212
OG0021102	OX359245.1	14775481	14778706
OG0021107	OX359245.1	18717227	18718960
OG0021109	OX359245.1	24910151	24910682
OG0021110	OX359245.1	25500232	25501942
OG0021111	OX359245.1	26098611	26100460
OG0021112	OX359245.1	26620243	26621453
OG0021113	OX359245.1	29566959	29569138
OG0021115	OX359245.1	30772871	30778576
OG0021116	OX359245.1	39438514	39441543
OG0021117	OX359245.1	40553159	40555009
OG0021119	OX359245.1	45883986	45884480
OG0021123	OX359245.1	67154322	67156261
OG0021124	OX359245.1	67602099	67602924
OG0021126	OX359245.1	78697447	78698731
OG0021127	OX359249.1	1053902	1057442
OG0021128	OX359249.1	7683689	7685180
OG0021129	OX359249.1	9017149	9018308
OG0021131	OX359249.1	11588918	11589865
OG0021132	OX359249.1	13799428	13800364
OG0021133	OX359249.1	16104123	16104832
OG0021134	OX359249.1	18330603	18333306
OG0021135	OX359249.1	18635307	18637346
OG0021136	OX359249.1	21306988	21310136
OG0021137	OX359249.1	22097842	22100565
OG0021138	OX359249.1	22328617	22329260
OG0021139	OX359249.1	29019738	29020505
OG0021140	OX359249.1	29494662	29496089
OG0021141	OX359249.1	31908900	31911475
OG0021142	OX359249.1	34524010	34525528
OG0021143	OX359249.1	35593190	35594391
OG0021144	OX359249.1	35609469	35609884
OG0021146	OX359249.1	38119982	38120458
OG0021148	OX359249.1	40322260	40323248
OG0021149	OX359249.1	43575199	43577254
OG0021150	OX359249.1	44687169	44689443
OG0021151	OX359249.1	46276926	46280124
OG0021152	OX359249.1	46524467	46525440
OG0021153	OX359246.1	2317754	2320845
OG0021154	OX359246.1	4324221	4325277
OG0021156	OX359246.1	9944690	9947523
OG0021158	OX359246.1	22436729	22438497
OG0021160	OX359246.1	24482966	24483547
OG0021162	OX359246.1	25781029	25782126
OG0021164	OX359246.1	32695249	32696945
OG0021165	OX359246.1	37764219	37766053
OG0021166	OX359246.1	38112553	38113947
OG0021167	OX359246.1	42016159	42017824
OG0021168	OX359246.1	42835829	42837456
OG0021172	OX359246.1	47061244	47062188
OG0021173	OX359246.1	47571014	47572160
OG0021175	OX359246.1	48403932	48405943
OG0021176	OX359246.1	48596582	48597304
OG0021177	OX359246.1	54694067	54695551
OG0021178	OX359246.1	56636726	56639137
OG0021182	OX359246.1	73086542	73087469
OG0021183	OX359250.1	10483400	10484997
OG0021184	OX359250.1	10732530	10732828
OG0021185	OX359250.1	10740910	10741285
OG0021186	OX359250.1	16070581	16071553
OG0021187	OX359250.1	20174669	20175620
OG0021188	OX359250.1	22769918	22770666
OG0021189	OX359250.1	24668293	24669106
OG0021190	OX359250.1	24676660	24677415
OG0021191	OX359250.1	25797533	25798593
OG0021192	OX359250.1	26558570	26559323
OG0021193	OX359250.1	26566361	26567622
OG0021194	OX359250.1	26745942	26747117
OG0021196	OX359250.1	32601854	32603248
OG0021197	OX359250.1	34161106	34162187
OG0021198	OX359250.1	34891009	34891977
OG0021199	OX359250.1	36527946	36540105
OG0021200	OX359250.1	37538666	37539979
OG0021201	OX359250.1	37847577	37849430
OG0021203	OX359250.1	37999861	38000599
OG0021204	OX359250.1	39003493	39006921
OG0021205	OX359250.1	39949028	39950744
OG0021206	OX359250.1	40335243	40337003
OG0021207	OX359250.1	41064783	41067308
OG0021208	OX359250.1	41211342	41212713
OG0021209	OX359250.1	41306748	41307455
OG0021210	OX359250.1	44327549	44328814
OG0021211	OX359250.1	44421009	44421788
OG0021212	OX359247.1	1527772	1533175
OG0021213	OX359247.1	1566107	1566909
OG0021216	OX359247.1	3899601	3901148
OG0021218	OX359247.1	10274433	10277536
OG0021219	OX359247.1	11171225	11173995
OG0021220	OX359247.1	12227507	12229151
OG0021221	OX359247.1	12258685	12262702
OG0021222	OX359247.1	12954429	12956336
OG0021223	OX359247.1	14006034	14008516
OG0021224	OX359247.1	17375169	17375801
OG0021227	OX359247.1	27413927	27415780
OG0021228	OX359247.1	29130492	29131353
OG0021229	OX359247.1	32376111	32379429
OG0021230	OX359247.1	33617438	33618476
OG0021231	OX359247.1	34181123	34184547
OG0021232	OX359247.1	34481476	34483066
OG0021233	OX359247.1	34580283	34581799
OG0021234	OX359247.1	35050537	35052399
OG0021235	OX359247.1	38668391	38673115
OG0021236	OX359247.1	38965187	38971429
OG0021237	OX359247.1	40106069	40107266
OG0021238	OX359247.1	41103630	41107465
OG0021239	OX359247.1	42235144	42235914
OG0021240	OX359247.1	42430394	42431446
OG0021241	OX359247.1	44627771	44631547
OG0021243	OX359247.1	46503299	46504598
OG0021244	OX359247.1	48375812	48377917
OG0021245	OX359247.1	51441093	51441596
OG0021247	OX359247.1	53483110	53483535
OG0021248	OX359247.1	54637271	54638268
OG0021250	OX359247.1	56285951	56286459
OG0021251	OX359247.1	56689697	56690476
OG0021252	OX359247.1	58747525	58749845
OG0021253	OX359247.1	59202873	59203541
OG0021254	OX359247.1	59672115	59672750
OG0021255	OX359247.1	59760196	59763517
OG0021256	OX359247.1	60578193	60581223
OG0021257	OX359247.1	64396507	64398205
OG0021258	OX359248.1	1989409	1989678
OG0021260	OX359248.1	4894077	4895005
OG0021261	OX359248.1	5313071	5314123
OG0021263	OX359248.1	8010434	8011028
OG0021266	OX359248.1	12641109	12642455
OG0021267	OX359248.1	13791249	13795586
OG0021268	OX359248.1	14391448	14392390
OG0021269	OX359248.1	16381320	16382108
OG0021270	OX359248.1	17516340	17518829
OG0021271	OX359248.1	18138741	18140440
OG0021272	OX359248.1	19710580	19711163
OG0021274	OX359248.1	24093835	24095153
OG0021275	OX359248.1	24224198	24225211
OG0021276	OX359248.1	26137192	26137867
OG0021277	OX359248.1	26333731	26335774
OG0021278	OX359248.1	34905639	34911209
OG0021279	OX359248.1	37538162	37538614
OG0021280	OX359248.1	38334532	38336794
OG0021281	OX359248.1	38368972	38371082
OG0021282	OX359248.1	38820342	38821687
OG0021283	OX359248.1	39480191	39481306
OG0021284	OX359248.1	45447882	45448431
OG0021285	OX359248.1	48335423	48337614
OG0021286	OX359248.1	48933850	48934534
OG0021287	OX359248.1	48971593	48972143
OG0021288	OX359248.1	50452004	50452675
OG0021289	OX359248.1	50782578	50783060
OG0021290	OX359248.1	53722036	53723059
OG0022056	OX359247.1	12923321	12928431
OG0022057	OX359245.1	26041774	26043252
OG0022072	OX359249.1	52439236	52439541
OG0022076	OX359245.1	21457661	21458020
OG0022081	OX359246.1	42278785	42279401
OG0022106	OX359245.1	59677126	59677758
OG0022117	OX359246.1	33432175	33432526
OG0022137	OX359246.1	69208163	69208499
OG0022160	OX359248.1	49460258	49460572
OG0022162	OX359246.1	17222567	17225226
OG0022197	OX359247.1	5100029	5101775
OG0022215	OX359247.1	12510717	12515102
OG0022225	OX359247.1	23581689	23582748
OG0022226	OX359250.1	34846105	34847925
OG0022237	OX359247.1	48215306	48237348
OG0022253	OX359247.1	32334736	32337236
OG0022274	OX359250.1	17140361	17140793
OG0022281	OX359250.1	7489274	7490054
OG0022290	OX359245.1	14070058	14075577
OG0022301	OX359246.1	70952122	70953303
OG0022325	OX359249.1	23642532	23645463
OG0022327	OX359249.1	16262328	16264764
OG0022333	OX359246.1	5669953	5684993
OG0022343	OX359249.1	15196797	15197746
OG0022355	OX359245.1	3058946	3059549
OG0022357	OX359245.1	12961976	12963589
OG0022360	OX359245.1	17826380	17826750
OG0022361	OX359245.1	18176395	18179300
OG0022362	OX359245.1	18561597	18562933
OG0022363	OX359245.1	18644206	18646871
OG0022364	OX359245.1	18985545	18988248
OG0022366	OX359245.1	21117860	21119182
OG0022367	OX359245.1	23740865	23742549
OG0022371	OX359245.1	39744542	39745153
OG0022376	OX359245.1	70124913	70126548
OG0022377	OX359249.1	3878263	3880917
OG0022378	OX359249.1	6105468	6106506
OG0022379	OX359249.1	6812161	6818046
OG0022380	OX359249.1	8582592	8583459
OG0022381	OX359249.1	9647316	9651226
OG0022382	OX359249.1	17851137	17852409
OG0022383	OX359249.1	18620387	18622536
OG0022384	OX359249.1	18764111	18765665
OG0022385	OX359249.1	21433388	21436124
OG0022386	OX359249.1	28109186	28110522
OG0022388	OX359249.1	34827558	34830724
OG0022389	OX359249.1	37482830	37484342
OG0022390	OX359249.1	37699992	37702378
OG0022391	OX359249.1	37920182	37921503
OG0022392	OX359249.1	38589269	38590619
OG0022393	OX359249.1	41200651	41201885
OG0022394	OX359249.1	41727220	41727603
OG0022395	OX359249.1	42109799	42110224
OG0022396	OX359249.1	45083904	45085014
OG0022398	OX359249.1	53013689	53014597
OG0022400	OX359246.1	5589486	5590848
OG0022401	OX359246.1	5706901	5707424
OG0022404	OX359246.1	16686657	16688295
OG0022406	OX359246.1	21147045	21148713
OG0022407	OX359246.1	25931809	25936729
OG0022408	OX359246.1	26183501	26184655
OG0022409	OX359246.1	29597210	29598169
OG0022411	OX359246.1	30379249	30379807
OG0022413	OX359246.1	36467083	36470433
OG0022414	OX359246.1	38161110	38162603
OG0022415	OX359246.1	38172915	38174412
OG0022417	OX359246.1	41211642	41213226
OG0022418	OX359246.1	42032492	42032659
OG0022419	OX359246.1	47722236	47723571
OG0022420	OX359246.1	47999203	48000027
OG0022421	OX359246.1	53791144	53794501
OG0022422	OX359246.1	56218856	56220177
OG0022425	OX359250.1	9115460	9115702
OG0022426	OX359250.1	11485088	11486325
OG0022427	OX359250.1	15921297	15926987
OG0022428	OX359250.1	22296353	22297604
OG0022429	OX359250.1	24681968	24683734
OG0022430	OX359250.1	25517590	25519439
OG0022431	OX359250.1	29081250	29083539
OG0022432	OX359250.1	33030311	33031105
OG0022433	OX359250.1	34313740	34314468
OG0022434	OX359250.1	36513002	36513681
OG0022435	OX359250.1	36622396	36622918
OG0022436	OX359250.1	39680936	39682236
OG0022437	OX359250.1	40865129	40867362
OG0022438	OX359250.1	41891705	41894053
OG0022439	OX359247.1	1573694	1576407
OG0022440	OX359247.1	3278993	3281278
OG0022441	OX359247.1	8720750	8724657
OG0022442	OX359247.1	9210066	9210898
OG0022443	OX359247.1	10937898	10938686
OG0022444	OX359247.1	11485607	11486093
OG0022445	OX359247.1	12057754	12058197
OG0022446	OX359247.1	12253930	12258082
OG0022447	OX359247.1	13952341	13954059
OG0022448	OX359247.1	16122628	16123352
OG0022449	OX359247.1	17179176	17181029
OG0022450	OX359247.1	17361309	17363369
OG0022451	OX359247.1	22276391	22277229
OG0022453	OX359247.1	32323388	32327205
OG0022454	OX359247.1	35212763	35216338
OG0022455	OX359247.1	35559732	35561379
OG0022460	OX359247.1	45546137	45547433
OG0022461	OX359247.1	50959209	50960591
OG0022462	OX359247.1	51632884	51639154
OG0022463	OX359247.1	52602005	52602492
OG0022464	OX359247.1	55076411	55079111
OG0022466	OX359247.1	58674719	58675705
OG0022467	OX359247.1	60047599	60049380
OG0022468	OX359248.1	5322088	5322632
OG0022469	OX359248.1	9561556	9564729
OG0022472	OX359248.1	19188620	19190907
OG0022474	OX359248.1	19497050	19497695
OG0022475	OX359248.1	20672747	20673783
OG0022476	OX359248.1	20758464	20764593
OG0022477	OX359248.1	23352810	23353291
OG0022478	OX359248.1	25056294	25056814
OG0022479	OX359248.1	25108546	25110531
OG0022480	OX359248.1	25783822	25785271
OG0022481	OX359248.1	26220129	26233387
OG0022482	OX359248.1	26997974	26999059
OG0022483	OX359248.1	27030879	27033546
OG0022484	OX359248.1	28172285	28173948
OG0022485	OX359248.1	29381316	29383520
OG0022486	OX359248.1	35829426	35830048
OG0022487	OX359248.1	37697241	37699232
OG0022488	OX359248.1	38604053	38605214
OG0022490	OX359248.1	46423826	46424770
OG0022491	OX359248.1	48017032	48017666
OG0022492	OX359248.1	48196510	48197562
OG0022493	OX359248.1	49682201	49683245
OG0022494	OX359248.1	53757927	53760475
OG0022495	OX359248.1	54430713	54432916
OG0022496	OX359248.1	54480432	54483721
OG0023476	OX359247.1	2532602	2534739
OG0023498	OX359248.1	4112281	4112776
OG0023510	OX359246.1	67051494	67051965
OG0023517	OX359246.1	2899812	2900138
OG0023525	OX359248.1	53219982	53226397
OG0023526	OX359247.1	42425868	42428505
OG0023532	OX359250.1	45981949	45982404
OG0023551	OX359246.1	26377716	26381501
OG0023555	OX359250.1	13664632	13667139
OG0023593	OX359245.1	33784375	33784932
OG0023599	OX359247.1	32796944	32797960
OG0023614	OX359246.1	13152188	13153608
OG0023624	OX359248.1	32586725	32588261
OG0023651	OX359245.1	5473645	5476599
OG0023655	OX359247.1	3592707	3593436
OG0023669	OX359248.1	23516793	23528643
OG0023676	OX359248.1	4387410	4391092
OG0023687	OX359246.1	70381607	70386968
OG0023711	OX359249.1	44774664	44780476
OG0023771	OX359247.1	6191758	6192717
OG0023812	OX359246.1	59914639	59915297
OG0023844	OX359247.1	10721426	10722130
OG0023877	OX359245.1	18558118	18559745
OG0023880	OX359245.1	26013789	26015393
OG0023882	OX359245.1	29037033	29037302
OG0023885	OX359245.1	36494801	36496084
OG0023886	OX359245.1	36791676	36792687
OG0023894	OX359245.1	67083056	67084460
OG0023895	OX359245.1	71818686	71819628
OG0023899	OX359249.1	1850429	1852088
OG0023901	OX359249.1	7686138	7687088
OG0023903	OX359249.1	25578717	25579277
OG0023905	OX359249.1	32545820	32546936
OG0023906	OX359249.1	36237741	36239901
OG0023907	OX359249.1	36325709	36338685
OG0023909	OX359249.1	38608520	38609525
OG0023910	OX359249.1	47313418	47315405
OG0023911	OX359249.1	50152726	50155357
OG0023921	OX359246.1	20067291	20069289
OG0023922	OX359246.1	21149217	21150089
OG0023924	OX359246.1	23405211	23405822
OG0023925	OX359246.1	25539307	25543122
OG0023930	OX359246.1	39383721	39384309
OG0023932	OX359246.1	42011783	42012292
OG0023934	OX359246.1	46111110	46112576
OG0023935	OX359246.1	46118785	46120930
OG0023939	OX359246.1	61422916	61423972
OG0023940	OX359246.1	61520400	61521725
OG0023941	OX359246.1	61597526	61598508
OG0023945	OX359250.1	5692712	5693481
OG0023946	OX359250.1	5889893	5891275
OG0023947	OX359250.1	7115050	7118799
OG0023948	OX359250.1	13372510	13373981
OG0023950	OX359250.1	15295339	15296628
OG0023951	OX359250.1	19724473	19725447
OG0023953	OX359250.1	26888030	26888711
OG0023954	OX359250.1	34165387	34167109
OG0023955	OX359250.1	37487682	37489327
OG0023956	OX359250.1	37830445	37832053
OG0023957	OX359250.1	39977277	39980302
OG0023958	OX359250.1	40338786	40339257
OG0023959	OX359250.1	42245142	42245315
OG0023960	OX359247.1	1760491	1761379
OG0023962	OX359247.1	9251688	9252495
OG0023964	OX359247.1	13920453	13921384
OG0023966	OX359247.1	15832127	15832572
OG0023968	OX359247.1	19263407	19264191
OG0023969	OX359247.1	20655065	20656516
OG0023970	OX359247.1	21620925	21621248
OG0023971	OX359247.1	22163382	22166635
OG0023972	OX359247.1	23813220	23813793
OG0023973	OX359247.1	27105747	27106577
OG0023974	OX359247.1	28309573	28310256
OG0023975	OX359247.1	34559154	34559682
OG0023978	OX359247.1	37351573	37352625
OG0023982	OX359247.1	44258291	44259673
OG0023983	OX359247.1	50750603	50751077
OG0023985	OX359247.1	52510592	52511573
OG0023986	OX359247.1	55072460	55073849
OG0023987	OX359247.1	56101214	56102227
OG0023988	OX359247.1	56386004	56386941
OG0023989	OX359247.1	62563465	62564707
OG0023990	OX359248.1	1192457	1192858
OG0023993	OX359248.1	4117400	4117799
OG0023994	OX359248.1	5310450	5311874
OG0023995	OX359248.1	11081829	11082294
OG0023996	OX359248.1	16105510	16106016
OG0023997	OX359248.1	20249407	20250441
OG0023998	OX359248.1	20682930	20684353
OG0024002	OX359248.1	23340542	23341153
OG0024003	OX359248.1	23534099	23534787
OG0024004	OX359248.1	24871777	24872897
OG0024005	OX359248.1	25133925	25134689
OG0024006	OX359248.1	25142590	25143085
OG0024007	OX359248.1	25585237	25587056
OG0024008	OX359248.1	28168644	28169499
OG0024009	OX359248.1	29178845	29179172
OG0024010	OX359248.1	29369098	29370338
OG0024011	OX359248.1	31086352	31088541
OG0024012	OX359248.1	32833144	32834266
OG0024013	OX359248.1	33998776	33999503
OG0024014	OX359248.1	37656079	37658821
OG0024015	OX359248.1	38843845	38844678
OG0024016	OX359248.1	45188972	45189547
OG0025501	OX359246.1	4888391	4889617
OG0025502	OX359249.1	36746083	36746840
OG0025520	OX359245.1	30624047	30625498
OG0025558	OX359250.1	27450620	27452648
OG0025562	OX359248.1	19443834	19446755
OG0025572	OX359250.1	16205732	16206076
OG0025573	OX359246.1	61604880	61607392
OG0025574	OX359247.1	37867097	37867789
OG0025578	OX359245.1	81508614	81526634
OG0025582	OX359246.1	39027279	39027671
OG0025587	OX359247.1	56462113	56465101
OG0025597	OX359247.1	11996536	11997234
OG0025619	OX359246.1	53785648	53788053
OG0025626	OX359246.1	24815697	24817700
OG0025679	OX359245.1	17107846	17111854
OG0025680	OX359245.1	16774106	16775055
OG0025694	OX359246.1	24487671	24489490
OG0025722	OX359245.1	32064878	32066300
OG0025738	OX359248.1	21518906	21522595
OG0025745	OX359245.1	40413809	40414653
OG0025782	OX359249.1	37266927	37268904
OG0025801	OX359250.1	22550518	22551306
OG0025813	OX359248.1	25334022	25382075
OG0025858	OX359249.1	658747	664913
OG0025865	OX359245.1	26500217	26500716
OG0025904	OX359247.1	11064678	11065482
OG0025909	OX359245.1	16771360	16773115
OG0025930	OX359245.1	17221234	17221872
OG0025940	OX359245.1	30354098	30354595
OG0025957	OX359245.1	60814813	60815815
OG0025966	OX359249.1	9267921	9269329
OG0025967	OX359249.1	9448855	9452561
OG0025968	OX359249.1	11520618	11522617
OG0025970	OX359249.1	15209893	15212327
OG0025972	OX359249.1	26635833	26637122
OG0025973	OX359249.1	36958216	36960389
OG0025974	OX359249.1	37770482	37771374
OG0025975	OX359249.1	40114813	40115546
OG0025978	OX359246.1	6832300	6834210
OG0025979	OX359246.1	6882768	6883446
OG0025980	OX359246.1	8679510	8681604
OG0025983	OX359246.1	9557789	9558484
OG0025985	OX359246.1	23932550	23933365
OG0025987	OX359246.1	25808309	25810168
OG0025994	OX359246.1	33727004	33728702
OG0025995	OX359246.1	34960142	34960954
OG0025998	OX359246.1	42018238	42018804
OG0026003	OX359246.1	47738027	47739187
OG0026010	OX359246.1	73001873	73002347
OG0026011	OX359246.1	74405988	74406773
OG0026013	OX359250.1	10466546	10467420
OG0026015	OX359250.1	16806530	16817081
OG0026017	OX359250.1	28575880	28579123
OG0026018	OX359250.1	31212552	31212849
OG0026019	OX359250.1	35474030	35475858
OG0026020	OX359250.1	37789847	37791979
OG0026021	OX359250.1	39713353	39714200
OG0026022	OX359250.1	40410669	40411930
OG0026026	OX359247.1	5775355	5776649
OG0026028	OX359247.1	10636312	10637236
OG0026030	OX359247.1	15174238	15175030
OG0026031	OX359247.1	18149767	18150441
OG0026035	OX359247.1	27059603	27060942
OG0026036	OX359247.1	32346439	32347718
OG0026038	OX359247.1	37652574	37653892
OG0026041	OX359247.1	39790047	39791555
OG0026043	OX359247.1	40100641	40101786
OG0026045	OX359247.1	42261630	42262398
OG0026047	OX359247.1	43076125	43079822
OG0026048	OX359247.1	44649162	44650206
OG0026050	OX359247.1	54391534	54394397
OG0026054	OX359248.1	7727515	7728274
OG0026055	OX359248.1	12532005	12533095
OG0026056	OX359248.1	14389902	14390751
OG0026057	OX359248.1	16990771	16991366
OG0026058	OX359248.1	18249728	18253793
OG0026059	OX359248.1	24227506	24228152
OG0026061	OX359248.1	32427869	32429338
OG0026066	OX359248.1	43063266	43063771
OG0026067	OX359248.1	43516090	43516687
OG0028311	OX359248.1	29787765	29788430
OG0028395	OX359246.1	37846285	37847641
OG0028402	OX359246.1	38024622	38024980
OG0028409	OX359246.1	5206450	5207268
OG0028440	OX359246.1	66628523	66629236
OG0028444	OX359248.1	31511441	31511954
OG0028470	OX359248.1	21874831	21876802
OG0028502	OX359248.1	14597034	14597513
OG0028536	OX359250.1	25062581	25062856
OG0028564	OX359247.1	35854436	35855154
OG0028565	OX359246.1	72444539	72444953
OG0028587	OX359248.1	47861349	47861894
OG0028650	OX359250.1	25802360	25803544
OG0028673	OX359247.1	1303076	1304254
OG0028718	OX359245.1	24435287	24438231
OG0028729	OX359248.1	11924946	11925310
OG0028731	OX359245.1	19261567	19312863
OG0028733	OX359246.1	8107976	8108353
OG0028770	OX359249.1	22239546	22249065
OG0028814	OX359247.1	46614027	46627950
OG0028830	OX359245.1	48358846	48359636
OG0028878	OX359245.1	13347107	13350302
OG0028888	OX359245.1	18430516	18434419
OG0028891	OX359245.1	19472144	19473784
OG0028893	OX359245.1	20395769	20399704
OG0028894	OX359245.1	20694531	20697436
OG0028895	OX359245.1	20820035	20822382
OG0028898	OX359245.1	25173403	25173794
OG0028902	OX359245.1	31027360	31029005
OG0028908	OX359245.1	36659479	36661623
OG0028913	OX359245.1	45604691	45605529
OG0028917	OX359245.1	53470069	53472879
OG0028928	OX359249.1	3804957	3805622
OG0028929	OX359249.1	13906121	13906997
OG0028930	OX359249.1	14121692	14122378
OG0028932	OX359249.1	21768437	21769392
OG0028933	OX359249.1	22908482	22910688
OG0028936	OX359249.1	26620420	26621253
OG0028937	OX359249.1	34513519	34514133
OG0028938	OX359249.1	36801030	36801824
OG0028939	OX359249.1	37760785	37761411
OG0028940	OX359249.1	39810743	39811236
OG0028942	OX359249.1	47064569	47065032
OG0028986	OX359246.1	55066460	55068740
OG0028987	OX359246.1	55421202	55423553
OG0029001	OX359246.1	66471234	66473139
OG0029007	OX359250.1	25188465	25190717
OG0029011	OX359250.1	29090728	29092265
OG0029012	OX359250.1	36454847	36455478
OG0029014	OX359250.1	37896320	37897354
OG0029015	OX359250.1	37965295	37966308
OG0029016	OX359250.1	38226446	38227411
OG0029017	OX359250.1	40543870	40544501
OG0029019	OX359247.1	2335038	2335528
OG0029023	OX359247.1	10472725	10475241
OG0029024	OX359247.1	10594129	10595119
OG0029025	OX359247.1	11038680	11039700
OG0029026	OX359247.1	12233402	12238193
OG0029027	OX359247.1	12265976	12267446
OG0029029	OX359247.1	18643261	18645057
OG0029031	OX359247.1	20865133	20866834
OG0029033	OX359247.1	23661251	23662548
OG0029037	OX359247.1	35134625	35136235
OG0029038	OX359247.1	36166334	36166694
OG0029041	OX359247.1	40464059	40465649
OG0029048	OX359247.1	48461590	48462613
OG0029049	OX359247.1	49081998	49082753
OG0029055	OX359247.1	54690704	54691501
OG0029056	OX359247.1	55079818	55080572
OG0029058	OX359247.1	56308148	56308884
OG0029059	OX359247.1	61527994	61530750
OG0029061	OX359247.1	65781856	65784430
OG0029062	OX359248.1	4854241	4855296
OG0029063	OX359248.1	4886225	4887336
OG0029065	OX359248.1	8214995	8217157
OG0029069	OX359248.1	12527365	12530315
OG0029070	OX359248.1	12621082	12622693
OG0029071	OX359248.1	23531353	23531854
OG0029072	OX359248.1	24222460	24222902
OG0029073	OX359248.1	25405733	25407963
OG0029074	OX359248.1	29002816	29009272
OG0029077	OX359248.1	37601332	37603972
OG0029078	OX359248.1	37646493	37647920
OG0029085	OX359248.1	50964981	50965613
OG0033116	OX359250.1	15862793	15863998
OG0033122	OX359245.1	55925753	55926760
OG0033149	OX359247.1	32667834	32669781
OG0033152	OX359247.1	62613735	62614773
OG0033159	OX359250.1	38436389	38437747
OG0033207	OX359245.1	60492687	60504355
OG0033237	OX359245.1	44447519	44448043
OG0033240	OX359248.1	10629876	10632862
OG0033277	OX359247.1	53779655	53780520
OG0033279	OX359247.1	41634639	41635609
OG0033302	OX359248.1	49320248	49320606
OG0033359	OX359246.1	47485704	47490950
OG0033383	OX359248.1	14877662	14878884
OG0033423	OX359246.1	8296274	8296629
OG0033438	OX359248.1	33994868	33996000
OG0033443	OX359246.1	17174752	17175703
OG0033502	OX359250.1	10893780	10897093
OG0033593	OX359250.1	46794897	46798356
OG0033664	OX359249.1	27406543	27407925
OG0033679	OX359250.1	17384506	17388371
OG0033694	OX359247.1	44776797	44828931
OG0033705	OX359246.1	32914272	32915180
OG0033759	OX359247.1	20484370	20550888
OG0033761	OX359247.1	43425967	43427796
OG0033801	OX359249.1	14310971	14311452
OG0033822	OX359245.1	3328843	3330184
OG0033823	OX359245.1	3745959	3746684
OG0033824	OX359245.1	3916936	3917280
OG0033825	OX359245.1	4377001	4378472
OG0033826	OX359245.1	8864516	8865121
OG0033827	OX359245.1	11368783	11369404
OG0033828	OX359245.1	11374105	11374800
OG0033829	OX359245.1	11939976	11941254
OG0033831	OX359245.1	12247201	12247649
OG0033833	OX359245.1	13184575	13186100
OG0033835	OX359245.1	14637603	14638163
OG0033836	OX359245.1	14804595	14806846
OG0033837	OX359245.1	15212607	15213618
OG0033838	OX359245.1	15648057	15649190
OG0033839	OX359245.1	15694070	15694432
OG0033840	OX359245.1	15766995	15767936
OG0033841	OX359245.1	16024938	16027954
OG0033844	OX359245.1	17218811	17220815
OG0033845	OX359245.1	17771309	17775456
OG0033846	OX359245.1	17776793	17777254
OG0033848	OX359245.1	18043745	18044167
OG0033849	OX359245.1	18206748	18208183
OG0033850	OX359245.1	18533009	18533515
OG0033851	OX359245.1	18563709	18564703
OG0033852	OX359245.1	18642590	18643768
OG0033853	OX359245.1	18698470	18699756
OG0033854	OX359245.1	19141519	19142620
OG0033855	OX359245.1	19150428	19151631
OG0033856	OX359245.1	19153540	19155159
OG0033857	OX359245.1	19185342	19185915
OG0033858	OX359245.1	19373603	19376053
OG0033859	OX359245.1	19376277	19376828
OG0033860	OX359245.1	19465028	19465617
OG0033861	OX359245.1	20376332	20376935
OG0033862	OX359245.1	20383371	20384167
OG0033863	OX359245.1	20468236	20469563
OG0033865	OX359245.1	20633180	20635206
OG0033866	OX359245.1	21031618	21033648
OG0033867	OX359245.1	21143977	21146191
OG0033868	OX359245.1	24251609	24252670
OG0033869	OX359245.1	24525645	24527704
OG0033870	OX359245.1	24603072	24603508
OG0033871	OX359245.1	24615009	24616062
OG0033872	OX359245.1	24685087	24686069
OG0033873	OX359245.1	24837798	24838595
OG0033874	OX359245.1	24958397	24963036
OG0033876	OX359245.1	25077386	25078784
OG0033877	OX359245.1	25149057	25149410
OG0033878	OX359245.1	25171774	25173068
OG0033879	OX359245.1	25175843	25176551
OG0033880	OX359245.1	25326394	25327866
OG0033881	OX359245.1	25403420	25406904
OG0033882	OX359245.1	25485539	25486179
OG0033883	OX359245.1	25519751	25521045
OG0033884	OX359245.1	25896017	25899331
OG0033885	OX359245.1	26216072	26217444
OG0033886	OX359245.1	26336947	26337429
OG0033887	OX359245.1	27983966	27985155
OG0033888	OX359245.1	28186344	28188195
OG0033889	OX359245.1	28191067	28192985
OG0033890	OX359245.1	30358314	30359881
OG0033891	OX359245.1	30383787	30384801
OG0033892	OX359245.1	31160582	31162027
OG0033893	OX359245.1	31164778	31165695
OG0033894	OX359245.1	31183618	31188760
OG0033895	OX359245.1	31323008	31324727
OG0033896	OX359245.1	31383143	31385897
OG0033898	OX359245.1	31628846	31630705
OG0033899	OX359245.1	32038217	32039609
OG0033900	OX359245.1	32203073	32209872
OG0033902	OX359245.1	33254181	33257208
OG0033904	OX359245.1	33657133	33658383
OG0033905	OX359245.1	33687062	33690263
OG0033906	OX359245.1	33803763	33804590
OG0033908	OX359245.1	34509116	34510880
OG0033909	OX359245.1	34750542	34752331
OG0033911	OX359245.1	35512108	35514381
OG0033912	OX359245.1	35711205	35712485
OG0033913	OX359245.1	35714860	35715301
OG0033914	OX359245.1	35935831	35939734
OG0033916	OX359245.1	35995169	35997059
OG0033917	OX359245.1	36074139	36074943
OG0033918	OX359245.1	36237743	36238397
OG0033919	OX359245.1	36605114	36606270
OG0033920	OX359245.1	36615705	36617662
OG0033921	OX359245.1	38016357	38017516
OG0033922	OX359245.1	38337706	38338135
OG0033923	OX359245.1	38359230	38360002
OG0033924	OX359245.1	38362878	38363729
OG0033925	OX359245.1	38371986	38372420
OG0033926	OX359245.1	38417298	38420835
OG0033927	OX359245.1	38428050	38428859
OG0033929	OX359245.1	38734081	38734587
OG0033930	OX359245.1	39329513	39331528
OG0033931	OX359245.1	39348529	39352978
OG0033932	OX359245.1	39355520	39359622
OG0033933	OX359245.1	39459280	39461394
OG0033935	OX359245.1	40037355	40039209
OG0033936	OX359245.1	40191712	40192982
OG0033937	OX359245.1	40399406	40401261
OG0033938	OX359245.1	40405053	40406327
OG0033939	OX359245.1	40409102	40409884
OG0033941	OX359245.1	41424519	41425298
OG0033942	OX359245.1	41446591	41447426
OG0033943	OX359245.1	44917973	44918954
OG0033944	OX359245.1	45228599	45229243
OG0033945	OX359245.1	45454567	45456208
OG0033946	OX359245.1	46419467	46421765
OG0033952	OX359245.1	50966205	50968512
OG0033953	OX359245.1	51530091	51532306
OG0033954	OX359245.1	51540914	51542555
OG0033957	OX359245.1	52729780	52730934
OG0033961	OX359245.1	54215749	54216480
OG0033964	OX359245.1	58174796	58177196
OG0033965	OX359245.1	58182452	58183016
OG0033966	OX359245.1	58411697	58413410
OG0033967	OX359245.1	59948187	59949999
OG0033969	OX359245.1	60846008	60847038
OG0033970	OX359245.1	60849333	60850389
OG0033972	OX359245.1	62869872	62870264
OG0033974	OX359245.1	68461356	68464413
OG0033976	OX359245.1	75131154	75131746
OG0033979	OX359249.1	2413816	2415884
OG0033981	OX359249.1	3561946	3562161
OG0033982	OX359249.1	3797276	3798360
OG0033983	OX359249.1	3806704	3807078
OG0033984	OX359249.1	4935753	4936973
OG0033985	OX359249.1	5259780	5260181
OG0033986	OX359249.1	6653548	6655543
OG0033987	OX359249.1	6869117	6877215
OG0033988	OX359249.1	8089237	8091404
OG0033989	OX359249.1	8764497	8765409
OG0033990	OX359249.1	8766256	8766767
OG0033991	OX359249.1	9245708	9246505
OG0033992	OX359249.1	12117958	12118482
OG0033993	OX359249.1	13432924	13434612
OG0033996	OX359249.1	14790345	14791394
OG0033997	OX359249.1	16438630	16440305
OG0033998	OX359249.1	16451379	16453155
OG0033999	OX359249.1	16854943	16855524
OG0034000	OX359249.1	19274545	19282955
OG0034001	OX359249.1	19476263	19477843
OG0034002	OX359249.1	20704238	20705364
OG0034003	OX359249.1	21193284	21194841
OG0034004	OX359249.1	22959909	22962553
OG0034005	OX359249.1	23191333	23191948
OG0034006	OX359249.1	23713087	23713834
OG0034007	OX359249.1	24943331	24944462
OG0034009	OX359249.1	26642481	26643071
OG0034010	OX359249.1	28316448	28318016
OG0034011	OX359249.1	29034387	29038572
OG0034012	OX359249.1	30495674	30496956
OG0034013	OX359249.1	30715225	30715494
OG0034017	OX359249.1	36765096	36767195
OG0034018	OX359249.1	37345410	37346811
OG0034019	OX359249.1	38369306	38369745
OG0034020	OX359249.1	41219757	41221277
OG0034021	OX359249.1	42105034	42106589
OG0034022	OX359249.1	42124391	42125869
OG0034023	OX359249.1	44479296	44479975
OG0034024	OX359249.1	44717875	44719381
OG0034025	OX359249.1	47058021	47060926
OG0034026	OX359249.1	47228222	47229312
OG0034027	OX359249.1	47368094	47368855
OG0034028	OX359249.1	49604441	49605226
OG0034029	OX359246.1	275504	276557
OG0034034	OX359246.1	5837420	5838090
OG0034035	OX359246.1	6770299	6770978
OG0034036	OX359246.1	7748697	7749584
OG0034037	OX359246.1	10769642	10774917
OG0034038	OX359246.1	12004946	12007242
OG0034039	OX359246.1	12010483	12012222
OG0034040	OX359246.1	12095958	12098046
OG0034041	OX359246.1	12126228	12128629
OG0034042	OX359246.1	12612856	12613402
OG0034043	OX359246.1	12687115	12691827
OG0034044	OX359246.1	12697866	12702307
OG0034045	OX359246.1	14952759	14958084
OG0034046	OX359246.1	15195460	15197799
OG0034047	OX359246.1	15302132	15303792
OG0034050	OX359246.1	16373158	16374314
OG0034052	OX359246.1	17260869	17262351
OG0034053	OX359246.1	19582574	19583575
OG0034054	OX359246.1	19840567	19842609
OG0034055	OX359246.1	20433081	20434272
OG0034056	OX359246.1	21164307	21165222
OG0034057	OX359246.1	21248895	21249671
OG0034058	OX359246.1	21339012	21339676
OG0034059	OX359246.1	21848889	21850642
OG0034060	OX359246.1	21871454	21873257
OG0034061	OX359246.1	22839912	22840944
OG0034062	OX359246.1	23119349	23120936
OG0034063	OX359246.1	23188060	23189277
OG0034064	OX359246.1	23609373	23611754
OG0034065	OX359246.1	23613482	23615274
OG0034066	OX359246.1	23670941	23672613
OG0034067	OX359246.1	23902736	23904992
OG0034068	OX359246.1	24008521	24012338
OG0034069	OX359246.1	24170372	24170705
OG0034070	OX359246.1	25399930	25401734
OG0034071	OX359246.1	25524693	25526119
OG0034072	OX359246.1	25723825	25726133
OG0034073	OX359246.1	26235379	26237024
OG0034074	OX359246.1	26253313	26254515
OG0034075	OX359246.1	26695934	26698216
OG0034076	OX359246.1	26754586	26755048
OG0034077	OX359246.1	27013400	27014596
OG0034078	OX359246.1	27020164	27021553
OG0034079	OX359246.1	27022693	27027614
OG0034080	OX359246.1	27405712	27406932
OG0034081	OX359246.1	29657822	29659815
OG0034082	OX359246.1	29825921	29826979
OG0034083	OX359246.1	29932040	29934922
OG0034084	OX359246.1	30088077	30090117
OG0034085	OX359246.1	30091058	30092917
OG0034086	OX359246.1	31057497	31059674
OG0034087	OX359246.1	31118812	31120087
OG0034088	OX359246.1	31207213	31209757
OG0034089	OX359246.1	31691105	31693498
OG0034090	OX359246.1	31912787	31915357
OG0034092	OX359246.1	32421007	32423062
OG0034093	OX359246.1	32439214	32443301
OG0034094	OX359246.1	32927969	32928733
OG0034095	OX359246.1	33305057	33305467
OG0034096	OX359246.1	33711459	33712096
OG0034097	OX359246.1	33713606	33715235
OG0034098	OX359246.1	33901018	33904572
OG0034100	OX359246.1	33952176	33953590
OG0034101	OX359246.1	34083750	34085303
OG0034103	OX359246.1	36860596	36865872
OG0034104	OX359246.1	36885247	36896038
OG0034105	OX359246.1	36905325	36906985
OG0034106	OX359246.1	37589347	37589828
OG0034107	OX359246.1	37661509	37661940
OG0034108	OX359246.1	37662963	37663415
OG0034109	OX359246.1	37755527	37756742
OG0034110	OX359246.1	37786304	37787239
OG0034111	OX359246.1	37789871	37791637
OG0034112	OX359246.1	37855225	37856407
OG0034113	OX359246.1	38175863	38176487
OG0034114	OX359246.1	38510385	38510931
OG0034115	OX359246.1	38520856	38521436
OG0034116	OX359246.1	38530921	38532092
OG0034117	OX359246.1	40649400	40653071
OG0034118	OX359246.1	40836439	40840045
OG0034119	OX359246.1	41130893	41132408
OG0034120	OX359246.1	41151445	41151996
OG0034121	OX359246.1	41900381	41903036
OG0034122	OX359246.1	41936115	41939306
OG0034123	OX359246.1	42330749	42331293
OG0034124	OX359246.1	42342371	42344921
OG0034125	OX359246.1	43301128	43301556
OG0034126	OX359246.1	43771743	43773465
OG0034127	OX359246.1	44897010	44897695
OG0034128	OX359246.1	45590646	45591337
OG0034129	OX359246.1	45605087	45607016
OG0034130	OX359246.1	45661948	45663184
OG0034131	OX359246.1	45842986	45843477
OG0034132	OX359246.1	45976163	45977652
OG0034133	OX359246.1	45978814	45979827
OG0034134	OX359246.1	46038702	46039082
OG0034135	OX359246.1	46116867	46117910
OG0034136	OX359246.1	46363214	46366599
OG0034137	OX359246.1	46368539	46370909
OG0034138	OX359246.1	46377389	46379793
OG0034139	OX359246.1	46412671	46415452
OG0034140	OX359246.1	47231073	47234058
OG0034141	OX359246.1	47407058	47408478
OG0034142	OX359246.1	47981695	47982425
OG0034143	OX359246.1	48082389	48090305
OG0034144	OX359246.1	48215445	48216457
OG0034145	OX359246.1	48359254	48359887
OG0034146	OX359246.1	48441760	48442309
OG0034147	OX359246.1	52249819	52293210
OG0034148	OX359246.1	53753207	53755998
OG0034149	OX359246.1	53872551	53873305
OG0034150	OX359246.1	54063327	54066323
OG0034151	OX359246.1	54091975	54094799
OG0034152	OX359246.1	54096797	54097339
OG0034153	OX359246.1	54153838	54154181
OG0034154	OX359246.1	54692353	54693347
OG0034155	OX359246.1	54759250	54760486
OG0034156	OX359246.1	54763807	54765039
OG0034157	OX359246.1	54803557	54805208
OG0034158	OX359246.1	54809411	54810751
OG0034159	OX359246.1	54822694	54824118
OG0034161	OX359246.1	55097329	55098955
OG0034162	OX359246.1	55411092	55412267
OG0034163	OX359246.1	55939366	55945025
OG0034164	OX359246.1	56134340	56134798
OG0034165	OX359246.1	56134960	56136583
OG0034166	OX359246.1	56175343	56176505
OG0034167	OX359246.1	57381007	57381514
OG0034169	OX359246.1	57588159	57589564
OG0034170	OX359246.1	58110568	58111215
OG0034171	OX359246.1	58146805	58147296
OG0034172	OX359246.1	58769465	58770389
OG0034173	OX359246.1	58842895	58844442
OG0034174	OX359246.1	60911453	60911859
OG0034175	OX359246.1	61494172	61496149
OG0034176	OX359246.1	61541139	61542170
OG0034178	OX359246.1	61746722	61748545
OG0034179	OX359246.1	63874554	63876452
OG0034180	OX359246.1	64907275	64912851
OG0034181	OX359246.1	64915943	64919159
OG0034183	OX359246.1	67389353	67391043
OG0034184	OX359246.1	68614164	68615297
OG0034185	OX359246.1	69274287	69277097
OG0034189	OX359246.1	72600981	72602670
OG0034190	OX359246.1	72678124	72679609
OG0034191	OX359246.1	73003264	73003723
OG0034193	OX359250.1	5645881	5647784
OG0034194	OX359250.1	5892497	5892951
OG0034195	OX359250.1	6685801	6686487
OG0034196	OX359250.1	9329549	9330073
OG0034197	OX359250.1	9342676	9343503
OG0034198	OX359250.1	10473467	10475880
OG0034199	OX359250.1	10746231	10746759
OG0034201	OX359250.1	12823098	12824393
OG0034203	OX359250.1	15268465	15269397
OG0034204	OX359250.1	15765215	15765842
OG0034205	OX359250.1	17415735	17416445
OG0034206	OX359250.1	18357854	18362475
OG0034207	OX359250.1	18878942	18883239
OG0034208	OX359250.1	21566631	21568766
OG0034209	OX359250.1	22436102	22436871
OG0034210	OX359250.1	22441052	22441984
OG0034211	OX359250.1	22846362	22846933
OG0034212	OX359250.1	23423747	23427119
OG0034214	OX359250.1	25661525	25663151
OG0034215	OX359250.1	26291442	26296838
OG0034216	OX359250.1	26545450	26547208
OG0034217	OX359250.1	26886446	26886891
OG0034218	OX359250.1	27894292	27894771
OG0034219	OX359250.1	29407884	29409278
OG0034220	OX359250.1	29517828	29518792
OG0034221	OX359250.1	33014555	33015120
OG0034222	OX359250.1	34883637	34886945
OG0034223	OX359250.1	35534380	35537765
OG0034224	OX359250.1	35541563	35544359
OG0034225	OX359250.1	35564609	35567909
OG0034226	OX359250.1	37505696	37507936
OG0034227	OX359250.1	38280305	38284004
OG0034228	OX359250.1	38674347	38675440
OG0034229	OX359250.1	39684432	39685818
OG0034230	OX359250.1	39891251	39894076
OG0034231	OX359250.1	39961945	39962355
OG0034232	OX359250.1	40202564	40203920
OG0034233	OX359250.1	40205503	40207588
OG0034234	OX359250.1	40327225	40329574
OG0034235	OX359250.1	40392598	40393836
OG0034236	OX359250.1	41440214	41441658
OG0034237	OX359250.1	41959704	41960160
OG0034238	OX359250.1	42061670	42062838
OG0034240	OX359250.1	44332827	44335491
OG0034241	OX359250.1	44695375	44696303
OG0034242	OX359250.1	45906499	45907625
OG0034243	OX359247.1	229709	232248
OG0034244	OX359247.1	634123	636353
OG0034245	OX359247.1	1448130	1449537
OG0034246	OX359247.1	1563733	1564357
OG0034247	OX359247.1	1649825	1650957
OG0034248	OX359247.1	1950958	1952406
OG0034249	OX359247.1	2563260	2563735
OG0034250	OX359247.1	2591888	2593091
OG0034251	OX359247.1	2599379	2600163
OG0034252	OX359247.1	2614023	2616851
OG0034253	OX359247.1	3051008	3051887
OG0034254	OX359247.1	5361906	5363777
OG0034255	OX359247.1	6173128	6174795
OG0034256	OX359247.1	6319889	6320895
OG0034257	OX359247.1	7047971	7048608
OG0034258	OX359247.1	7499865	7502968
OG0034259	OX359247.1	8487058	8488699
OG0034260	OX359247.1	10010020	10011282
OG0034261	OX359247.1	10259050	10259906
OG0034262	OX359247.1	10596957	10598434
OG0034263	OX359247.1	10698861	10699461
OG0034264	OX359247.1	10966324	10966760
OG0034265	OX359247.1	11167627	11169833
OG0034266	OX359247.1	12969287	12970154
OG0034267	OX359247.1	13917270	13918941
OG0034268	OX359247.1	14564120	14566232
OG0034269	OX359247.1	14751085	14753201
OG0034270	OX359247.1	14864079	14865235
OG0034271	OX359247.1	16064871	16068311
OG0034272	OX359247.1	16593296	16594864
OG0034273	OX359247.1	16895041	16895880
OG0034274	OX359247.1	17153714	17154853
OG0034275	OX359247.1	17888038	17891561
OG0034277	OX359247.1	19119578	19120235
OG0034278	OX359247.1	19166552	19167019
OG0034279	OX359247.1	19771143	19773743
OG0034280	OX359247.1	20229770	20231131
OG0034281	OX359247.1	20679153	20680300
OG0034282	OX359247.1	21288914	21291781
OG0034283	OX359247.1	21361565	21362464
OG0034284	OX359247.1	21756608	21758023
OG0034285	OX359247.1	21865251	21866041
OG0034286	OX359247.1	21982432	21983592
OG0034287	OX359247.1	21988751	21990139
OG0034288	OX359247.1	22216563	22217889
OG0034289	OX359247.1	22300627	22301852
OG0034290	OX359247.1	22322500	22323779
OG0034291	OX359247.1	22592673	22593611
OG0034292	OX359247.1	23663337	23664581
OG0034294	OX359247.1	26596713	26598153
OG0034295	OX359247.1	27062941	27064535
OG0034296	OX359247.1	27065615	27067904
OG0034297	OX359247.1	27093553	27094327
OG0034298	OX359247.1	27106985	27108129
OG0034299	OX359247.1	27554362	27555863
OG0034300	OX359247.1	27943987	27945759
OG0034301	OX359247.1	28038408	28040163
OG0034303	OX359247.1	32350410	32351996
OG0034304	OX359247.1	32352464	32353831
OG0034305	OX359247.1	32354731	32360935
OG0034307	OX359247.1	32866998	32867876
OG0034309	OX359247.1	34001434	34003612
OG0034310	OX359247.1	34187567	34189122
OG0034311	OX359247.1	34428506	34428811
OG0034312	OX359247.1	34444668	34446823
OG0034313	OX359247.1	34557185	34557899
OG0034314	OX359247.1	34560698	34561377
OG0034315	OX359247.1	35041923	35042430
OG0034316	OX359247.1	35347147	35349179
OG0034317	OX359247.1	35814195	35815761
OG0034318	OX359247.1	35993736	35995580
OG0034319	OX359247.1	36000062	36000925
OG0034320	OX359247.1	36060600	36061032
OG0034321	OX359247.1	37160027	37162159
OG0034322	OX359247.1	37246048	37247404
OG0034323	OX359247.1	37480944	37482251
OG0034324	OX359247.1	37868959	37869593
OG0034325	OX359247.1	38156189	38157069
OG0034327	OX359247.1	38634120	38635116
OG0034328	OX359247.1	38927046	38927780
OG0034329	OX359247.1	39510307	39511945
OG0034330	OX359247.1	39572566	39574063
OG0034331	OX359247.1	39587932	39589452
OG0034332	OX359247.1	39697373	39701015
OG0034333	OX359247.1	39714285	39714873
OG0034334	OX359247.1	39945511	39946918
OG0034335	OX359247.1	40611234	40614900
OG0034336	OX359247.1	40616771	40620426
OG0034337	OX359247.1	40704298	40705364
OG0034338	OX359247.1	40876441	40878138
OG0034339	OX359247.1	41008243	41009446
OG0034340	OX359247.1	41116453	41120290
OG0034341	OX359247.1	41180624	41181267
OG0034342	OX359247.1	41786035	41787761
OG0034343	OX359247.1	41861034	41862996
OG0034344	OX359247.1	42081817	42083629
OG0034345	OX359247.1	42413684	42416539
OG0034346	OX359247.1	42437383	42437860
OG0034347	OX359247.1	42467805	42468221
OG0034348	OX359247.1	42492579	42495068
OG0034349	OX359247.1	42524584	42527570
OG0034350	OX359247.1	42597836	42598332
OG0034351	OX359247.1	42698046	42699537
OG0034352	OX359247.1	42794847	42796119
OG0034353	OX359247.1	42826810	42828371
OG0034354	OX359247.1	43767167	43767967
OG0034355	OX359247.1	44379529	44380070
OG0034356	OX359247.1	45296802	45299370
OG0034358	OX359247.1	45666665	45667340
OG0034359	OX359247.1	47425776	47427691
OG0034360	OX359247.1	47443006	47444543
OG0034361	OX359247.1	47451063	47452174
OG0034362	OX359247.1	47458250	47458828
OG0034363	OX359247.1	47499301	47500164
OG0034365	OX359247.1	50464098	50465244
OG0034366	OX359247.1	50467187	50467901
OG0034367	OX359247.1	50834081	50834824
OG0034368	OX359247.1	50845241	50845681
OG0034369	OX359247.1	51235809	51236767
OG0034370	OX359247.1	51258051	51258986
OG0034371	OX359247.1	51395431	51396390
OG0034372	OX359247.1	51674564	51678413
OG0034373	OX359247.1	52418695	52420162
OG0034374	OX359247.1	53961491	53963612
OG0034375	OX359247.1	54238821	54241037
OG0034376	OX359247.1	54242574	54245625
OG0034377	OX359247.1	54394837	54395892
OG0034378	OX359247.1	54790307	54793606
OG0034379	OX359247.1	55111413	55112829
OG0034380	OX359247.1	55501621	55503191
OG0034381	OX359247.1	55693126	55694450
OG0034382	OX359247.1	55849005	55852820
OG0034383	OX359247.1	56070072	56078748
OG0034384	OX359247.1	58080347	58082494
OG0034385	OX359247.1	58216585	58222071
OG0034386	OX359247.1	58446529	58447762
OG0034387	OX359247.1	58677674	58678464
OG0034388	OX359247.1	59234071	59235766
OG0034389	OX359247.1	59418418	59419927
OG0034391	OX359247.1	61839758	61841287
OG0034392	OX359247.1	61921981	61923255
OG0034393	OX359247.1	61971301	61972766
OG0034394	OX359247.1	62514286	62515080
OG0034395	OX359247.1	62516258	62517288
OG0034399	OX359248.1	3175322	3177275
OG0034400	OX359248.1	3303976	3304690
OG0034401	OX359248.1	4399724	4400621
OG0034402	OX359248.1	5606700	5607540
OG0034403	OX359248.1	6104887	6105333
OG0034405	OX359248.1	7998054	7998371
OG0034406	OX359248.1	8015253	8017663
OG0034407	OX359248.1	8373670	8375245
OG0034408	OX359248.1	9755195	9756806
OG0034409	OX359248.1	11080147	11080722
OG0034410	OX359248.1	11156015	11156906
OG0034411	OX359248.1	12219486	12220020
OG0034412	OX359248.1	12249369	12250587
OG0034413	OX359248.1	12437856	12441914
OG0034414	OX359248.1	12522885	12526155
OG0034415	OX359248.1	12613832	12615704
OG0034416	OX359248.1	12616391	12616821
OG0034417	OX359248.1	12980308	12982303
OG0034419	OX359248.1	13429968	13436713
OG0034420	OX359248.1	13678497	13679219
OG0034421	OX359248.1	13709750	13710331
OG0034422	OX359248.1	14237225	14238991
OG0034423	OX359248.1	14290479	14290971
OG0034424	OX359248.1	14410353	14411346
OG0034425	OX359248.1	14472360	14473404
OG0034426	OX359248.1	14492516	14493507
OG0034427	OX359248.1	14508816	14509640
OG0034428	OX359248.1	16401399	16402465
OG0034429	OX359248.1	16716892	16717802
OG0034430	OX359248.1	16735231	16736271
OG0034431	OX359248.1	16969417	16970139
OG0034432	OX359248.1	17100159	17100906
OG0034433	OX359248.1	17128000	17135890
OG0034434	OX359248.1	19384534	19385177
OG0034435	OX359248.1	19417334	19418974
OG0034436	OX359248.1	19456635	19457441
OG0034437	OX359248.1	19638747	19639667
OG0034438	OX359248.1	20489698	20492426
OG0034439	OX359248.1	20948365	20949533
OG0034440	OX359248.1	21202345	21203040
OG0034441	OX359248.1	21209810	21210792
OG0034442	OX359248.1	21213031	21215422
OG0034443	OX359248.1	21670178	21670677
OG0034444	OX359248.1	21680038	21680763
OG0034445	OX359248.1	21754755	21755087
OG0034446	OX359248.1	21770249	21770596
OG0034448	OX359248.1	22237999	22238652
OG0034449	OX359248.1	22905043	22905596
OG0034450	OX359248.1	23521679	23522171
OG0034451	OX359248.1	23566234	23566731
OG0034452	OX359248.1	24218491	24221139
OG0034453	OX359248.1	25079706	25080175
OG0034454	OX359248.1	25083227	25083645
OG0034455	OX359248.1	25097450	25099739
OG0034456	OX359248.1	25551717	25553528
OG0034457	OX359248.1	26155926	26157275
OG0034458	OX359248.1	26595773	26596803
OG0034459	OX359248.1	26597732	26598238
OG0034460	OX359248.1	26699148	26700506
OG0034461	OX359248.1	26738834	26739247
OG0034462	OX359248.1	27247692	27248627
OG0034463	OX359248.1	27697235	27698990
OG0034464	OX359248.1	27815075	27817165
OG0034465	OX359248.1	27851372	27856780
OG0034466	OX359248.1	28044158	28045133
OG0034467	OX359248.1	28218224	28219314
OG0034468	OX359248.1	28221845	28222886
OG0034469	OX359248.1	28318220	28320743
OG0034470	OX359248.1	30081705	30083473
OG0034471	OX359248.1	30511686	30512700
OG0034472	OX359248.1	30801889	30802651
OG0034473	OX359248.1	32740083	32741091
OG0034474	OX359248.1	33490264	33491430
OG0034475	OX359248.1	33527270	33527806
OG0034476	OX359248.1	33605874	33608567
OG0034477	OX359248.1	34326290	34326682
OG0034478	OX359248.1	34335642	34336340
OG0034479	OX359248.1	34776668	34779860
OG0034481	OX359248.1	35274341	35275674
OG0034482	OX359248.1	35691357	35692303
OG0034483	OX359248.1	37695683	37696508
OG0034484	OX359248.1	37800253	37801407
OG0034485	OX359248.1	37927501	37928053
OG0034486	OX359248.1	38212989	38218320
OG0034487	OX359248.1	38304205	38305211
OG0034488	OX359248.1	38305838	38308593
OG0034489	OX359248.1	39657344	39661323
OG0034490	OX359248.1	40265531	40266192
OG0034491	OX359248.1	40275308	40276086
OG0034492	OX359248.1	40279503	40280091
OG0034493	OX359248.1	40284296	40284896
OG0034494	OX359248.1	40807114	40807775
OG0034495	OX359248.1	41489673	41490242
OG0034496	OX359248.1	41494229	41494606
OG0034497	OX359248.1	41498761	41499192
OG0034498	OX359248.1	41986916	41987179
OG0034499	OX359248.1	44784390	44785739
OG0034500	OX359248.1	48561124	48561815
OG0034501	OX359248.1	48686219	48686853
OG0034502	OX359248.1	49691714	49693176
OG0034504	OX359248.1	49934266	49935414
OG0034505	OX359248.1	50455964	50457320
OG0034506	OX359248.1	50849720	50851168
OG0034507	OX359248.1	50852891	50854088
OG0034508	OX359248.1	50855899	50859571
OG0034509	OX359248.1	50939688	50941298
OG0034510	OX359248.1	50966200	50967203
OG0034511	OX359248.1	50972267	50973450
OG0034513	OX359248.1	53006134	53007687
OG0034514	OX359248.1	53286097	53287298
OG0034515	OX359248.1	53418572	53419536
OG0034516	OX359248.1	54501377	54503606
OG0034517	OX359248.1	55899619	55900017
