chrom	window_start	window_end	WW5-5	WW2-6	WW5-3	WW5-6	WW5-4	WW1-4	WW2-1	WW5-1	WW3-1	WW1-2	BH3-2	WW2-5
CAMXBY010000001.1	0	200000	1.5e-05	1.5e-05	0.0	0.0	0.0	1.5e-05	1.5e-05	0.0	1.5e-05	2e-05	0.0	0.0
CAMXBY010000002.1	0	200000	0.000125	9.5e-05	8e-05	0.0001	6.5e-05	7e-05	7.5e-05	0.000115	8.5e-05	8.5e-05	0.0001	8.5e-05
CAMXBY010000003.1	0	200000	0.0	0.0	0.000135	0.0	0.0	0.0	0.0	8.5e-05	5e-06	0.000135	1e-05	0.0
CAMXBY010000005.1	0	200000												
CAMXBY010000005.1	200000	400000	0.0	7.5e-05	3e-05	2e-05	2e-05	2e-05	0.0	3e-05	2e-05	2e-05	3.5e-05	0.00013
CAMXBY010000006.1	0	200000	5e-06	0.0	0.0	0.0	5e-06	5e-06	5e-06	5e-06	0.0	0.0	0.0	0.0
CAMXBY010000007.1	0	200000	0.0	0.0	0.0	0.0	0.0	0.0	0.0	5e-06	0.0	0.0	5e-06	5e-06
CAMXBY010000008.1	0	200000	0.0	0.0	0.0	0.0	0.0	0.0	1e-05	1e-05	0.0	0.0	1e-05	5e-06
CAMXBY010000009.1	0	200000	2.5e-05	2.5e-05	2e-05	2e-05	2.5e-05	3e-05	1.5e-05	1.5e-05	2.5e-05	3e-05	3.5e-05	3e-05
CAMXBY010000011.1	0	200000	0.002995	0.00149	0.00213	0.00275	0.002885	0.00278	0.002765	0.00144	0.003045	0.00284	0.00127	0.00155
CAMXBY010000011.1	200000	400000	0.000185	1e-05	0.000175	0.000175	0.000165	0.000185	0.000185	2e-05	0.00018	0.000185	2.5e-05	0.0
CAMXBY010000012.1	0	200000	0.00022	0.0	0.00022	1.5e-05	1.5e-05	1.5e-05	5e-06	0.0	0.00022	1.5e-05	0.0	0.0
CAMXBY010000014.1	0	200000	0.0	0.0	5e-05	2.5e-05	0.0	2.5e-05	6e-05	0.0	6e-05	0.0	5e-06	0.0
CAMXBY010000015.1	0	200000	5e-06	5e-06	5e-06	0.0	5e-06	5e-06	0.0	0.0	0.0	0.0	5e-06	5e-06
CAMXBY010000016.1	0	200000	5e-06	0.0	0.0	0.0	0.0	0.0	5e-06	0.0	5e-06	0.0	5e-06	0.0
CAMXBY010000017.1	0	200000	5.5e-05	6e-05	5.5e-05	5.5e-05	5e-05	6.5e-05	4.5e-05	2.5e-05	5e-05	2.5e-05	5e-05	6e-05
CAMXBY010000018.1	0	200000	5.5e-05	0.0001	2.5e-05	6e-05	5e-05	9.5e-05	3e-05	3e-05	2e-05	3.5e-05	2.5e-05	3e-05
CAMXBY010000019.1	0	200000	0.00062	0.0006	0.00046	0.000455	6.5e-05	0.000595	0.000455	0.00045	0.000605	0.000595	0.00061	0.00046
CAMXBY010000021.1	0	200000	0.0	1.5e-05	0.0	1e-05	1.5e-05	0.0	0.0	0.0	0.0	0.0	0.0	0.0
CAMXBY010000022.1	0	200000	0.000115	9.5e-05	9.5e-05	5e-05	8.5e-05	7.5e-05	8e-05	7e-05	8e-05	0.000115	2e-05	8.5e-05
CAMXBY010000023.1	0	200000	2.5e-05	0.0	2.5e-05	0.0	0.0	2.5e-05	2.5e-05	2.5e-05	0.0	2.5e-05	2.5e-05	0.0
CAMXBY010000024.1	0	200000	0.0	5e-06	0.0	0.0	0.0	0.0	0.0	0.0	0.0	5e-06	0.0	0.0
CAMXBY010000025.1	0	200000	4.5e-05	1e-05	5e-06	5.5e-05	4e-05	4.5e-05	1e-05	1e-05	5e-05	1e-05	0.0	0.0
CAMXBY010000027.1	0	200000	4e-05	5e-05	4.5e-05	5.5e-05	5e-06	0.0	3e-05	5e-06	4e-05	4e-05	4e-05	5e-06
CAMXBY010000027.1	200000	400000	1e-05	2e-05	1e-05	1.5e-05	5e-06	1e-05	1e-05	1e-05	2e-05	1.5e-05	1.5e-05	1e-05
CAMXBY010000029.1	0	200000	0.0	0.0	0.0	0.0	2e-05	0.0	0.0	0.0	0.0	0.0	0.0	0.0
CAMXBY010000030.1	0	200000	3e-05	0.00012	1.5e-05	7e-05	4e-05	4e-05	0.000105	9e-05	9e-05	4e-05	7e-05	8.5e-05
CAMXBY010000032.1	0	200000	0.0	5e-06	5e-06	0.0	0.0	0.00033	0.0	5e-06	0.0	0.0	0.0	0.0
CAMXBY010000035.1	0	200000	0.00129	2.5e-05	0.000525	1.5e-05	0.00139	3.5e-05	1.5e-05	0.001245	1.5e-05	2.5e-05	0.000545	0.0013
CAMXBY010000036.1	0	200000	0.0	0.0	0.0	0.0	0.0	0.0	0.0	0.0	0.0	0.0	0.0	0.0
CAMXBY010000036.1	200000	400000	5e-06	1e-05	0.0	0.0	0.0	0.0	1e-05	0.0	1e-05	0.0	0.0	0.0
CAMXBY010000037.1	0	200000	0.00022	5e-06	0.000225	0.00023	1e-05	5e-06	0.00021	0.00021	5e-06	0.00021	5e-06	0.0
CAMXBY010000038.1	0	200000	0.00013	5e-06	1e-05	5e-06	1e-05	5e-06	5e-06	9e-05	5e-06	0.000235	5e-06	5e-06
CAMXBY010000039.1	0	200000	0.0	0.0	0.0	2.5e-05	0.00014	0.000135	0.000135	0.0	0.000135	5e-06	0.000145	2.5e-05
CAMXBY010000040.1	0	200000	7.5e-05	8.5e-05	6e-05	6e-05	7e-05	6.5e-05	0.001015	6.5e-05	9e-05	7e-05	6e-05	0.001
CAMXBY010000041.1	0	200000	0.00062	0.00022	0.000105	0.000245	0.000225	0.000715	0.00021	0.00024	0.0001	0.000225	0.000175	0.00016
CAMXBY010000042.1	0	200000	5e-06	5e-06	5e-06	0.0	0.0	5e-06	0.0	1e-05	0.0	5e-06	5e-06	5e-06
CAMXBY010000043.1	0	200000	1e-05	0.0	1e-05	0.0	1e-05	1e-05	1.5e-05	1e-05	1.5e-05	1e-05	5e-06	1.5e-05
CAMXBY010000043.1	200000	400000	5e-06	1e-05	5e-06	5e-06	1e-05	5e-06	5e-06	5e-06	5e-06	5e-06	1e-05	5e-06
CAMXBY010000044.1	0	200000	0.000185	1e-05	0.00015	1e-05	5e-06	3.5e-05	0.00011	0.000115	0.000175	0.00011	1.5e-05	0.00012
CAMXBY010000045.1	0	200000	3.5e-05	1.5e-05	1.5e-05	2e-05	1e-05	2e-05	3.5e-05	1.5e-05	1.5e-05	2e-05	0.0	2.5e-05
CAMXBY010000046.1	0	200000	0.0	0.0	5e-06	0.0	0.0	0.0	0.0	0.0	0.0	0.0	0.0	0.0
CAMXBY010000047.1	0	200000	1e-05	1.5e-05	1e-05	2e-05	1e-05	1e-05	1.5e-05	1e-05	1.5e-05	1.5e-05	1e-05	1.5e-05
CAMXBY010000048.1	0	200000	2.5e-05	2e-05	2e-05	3e-05	2e-05	2.5e-05	2.5e-05	2e-05	2e-05	2e-05	2e-05	2.5e-05
CAMXBY010000049.1	0	200000	0.0	0.0	0.0	0.0	0.0	0.0	0.0	0.0	0.0	0.0	0.0	0.0
CAMXBY010000050.1	0	200000	9.5e-05	8.5e-05	0.0001	9.5e-05	0.0001	8.5e-05	9.5e-05	0.0001	9e-05	7.5e-05	1.5e-05	0.0001
CAMXBY010000050.1	200000	400000	2.5e-05	2.5e-05	2.5e-05	3e-05	3e-05	2e-05	2.5e-05	2.5e-05	2.5e-05	3.5e-05	3e-05	2.5e-05
CAMXBY010000051.1	0	200000	2e-05	0.0	1.5e-05	5e-06	5e-06	0.0	5e-06	1.5e-05	5e-06	5e-06	5e-06	1.5e-05
CAMXBY010000052.1	0	200000	0.00026	0.00039	0.000375	0.00031	0.000395	0.00036	0.000385	0.000385	0.00026	0.000255	0.00025	0.000315
CAMXBY010000053.1	0	200000	5e-06	0.0	5e-06	0.0	5e-06	0.0	0.0	5e-06	0.0	0.0	1e-05	5e-06
CAMXBY010000054.1	0	200000	0.0	0.0	0.0	5e-06	0.0	0.0	0.0	0.0	0.000135	7e-05	0.0	0.0
CAMXBY010000055.1	0	200000	0.00042	0.000305	0.000515	0.00048	0.000335	0.00064	0.00048	0.00022	0.00057	0.000385	0.00056	0.00056
CAMXBY010000055.1	200000	400000	6e-05	3e-05	0.0001	7.5e-05	0.000115	9e-05	9.5e-05	8.5e-05	5.5e-05	4.5e-05	0.000155	0.000125
CAMXBY010000057.1	0	200000	3.5e-05	2.5e-05	0.0	9e-05	1.5e-05	5e-05	4e-05	5.5e-05	2.5e-05	5.5e-05	1.5e-05	9e-05
CAMXBY010000058.1	0	200000	0.000105	3e-05	6e-05	3e-05	6e-05	5e-05	0.0001	5.5e-05	9e-05	3e-05	6.5e-05	5e-05
CAMXBY010000059.1	0	200000	4.5e-05	8e-05	8e-05	8e-05	7e-05	8e-05	4.5e-05	8e-05	7.5e-05	5e-05	9.5e-05	8e-05
CAMXBY010000060.1	0	200000	0.00114	0.00114	1.5e-05	3e-05	0.0	0.00114	1.5e-05	1.5e-05	0.00113	0.00115	0.000615	2e-05
CAMXBY010000061.1	0	200000	0.0	0.0	0.0	0.0	0.0	9e-05	9e-05	0.0	9e-05	0.0	9e-05	0.0
CAMXBY010000062.1	0	200000	5e-06	1e-05	5e-06	5e-06	5e-06	5e-06	1e-05	5e-06	1e-05	5e-06	0.0	5e-06
CAMXBY010000063.1	0	200000	0.000195	0.00016	0.00023	0.000185	0.000185	0.00019	0.0002	0.0002	0.000175	0.000175	0.00013	0.00021
CAMXBY010000064.1	0	200000	0.00039	0.00038	0.00023	0.00038	0.00036	0.000325	9.5e-05	0.000375	0.000105	1.5e-05	0.000305	0.000375
CAMXBY010000065.1	0	200000	0.00141	0.001495	0.000335	0.000435	3.5e-05	0.00038	0.001295	5.5e-05	0.000305	1e-05	0.00107	0.001525
CAMXBY010000067.1	0	200000	0.0	0.0	6e-05	0.0	0.0	0.0	0.0	0.0	0.0	6e-05	0.0	0.0
CAMXBY010000070.1	0	200000	2e-05	2e-05	0.0	0.0	2e-05	2e-05	0.0	0.0	0.0	5e-06	2e-05	0.0
CAMXBY010000071.1	0	200000	1e-05	1.5e-05	0.0002	0.000555	1e-05	0.000395	0.00045	0.00035	1e-05	0.000535	1e-05	0.00057
CAMXBY010000073.1	0	200000	5.5e-05	4e-05	5e-05	1.5e-05	5e-06	5.5e-05	5.5e-05	6e-05	1.5e-05	6e-05	3e-05	7.5e-05
CAMXBY010000074.1	0	200000	5e-06	0.0	0.0	5e-06	0.0	0.0	5e-06	5e-06	5e-06	5e-06	0.0	0.0
CAMXBY010000076.1	0	200000	0.00022	0.0002	0.00021	2.5e-05	0.0	0.00021	0.0	0.0	5e-06	5e-06	0.0	0.000215
CAMXBY010000078.1	0	200000	8.5e-05	0.000115	5e-05	5.5e-05	8.5e-05	5.5e-05	5e-05	5e-05	0.00011	5.5e-05	0.000125	5e-05
CAMXBY010000079.1	0	200000	1e-05	0.0	0.0	0.0	0.0	0.0	0.0	0.0	0.0	0.0	0.0	5e-06
CAMXBY010000080.1	0	200000	2.5e-05	2.5e-05	0.0	2.5e-05	0.0	0.0	2.5e-05	2.5e-05	2.5e-05	2.5e-05	0.0	2.5e-05
CAMXBY010000081.1	0	200000	0.000185	0.000165	0.00016	0.000395	0.00077	0.000815	0.00065	0.000245	0.00078	0.00076	0.00012	0.00023
CAMXBY010000083.1	0	200000	0.00061	0.000595	0.00061	0.00056	0.001235	0.00117	0.00126	0.00065	0.001205	0.00123	0.00054	0.00055
CAMXBY010000085.1	0	200000	5e-06	5e-06	5e-06	5e-06	0.0	0.0	0.0	5e-06	5e-06	5e-06	5e-06	0.0
CAMXBY010000086.1	0	200000	8.5e-05	7.5e-05	9.5e-05	0.00011	6.5e-05	7.5e-05	0.0001	9.5e-05	9e-05	7.5e-05	9e-05	0.000105
CAMXBY010000088.1	0	200000	4e-05	4e-05	2e-05	2e-05	5.5e-05	0.00011	0.00012	2.5e-05	4e-05	4e-05	8e-05	6e-05
CAMXBY010000089.1	0	200000	4.5e-05	4.5e-05	4e-05	4e-05	0.000575	0.000575	0.0006	4.5e-05	0.00057	0.000595	2e-05	2e-05
OX359245.1	0	200000	6e-05	5.5e-05	5.5e-05	0.000355	3.5e-05	4e-05	0.00029	5e-05	3.5e-05	5.5e-05	0.000305	4e-05
OX359245.1	200000	400000	0.001395	0.00113	0.00135	0.00111	0.0018	0.00195	0.001755	0.00204	0.002	0.00226	0.0014	0.00139
OX359245.1	400000	600000	0.00372	0.002195	0.00262	0.000625	0.002045	0.00201	0.00341	0.00233	0.002585	0.002305	0.00254	0.00246
OX359245.1	600000	800000	0.002755	0.001825	0.002155	0.00094	0.00186	0.00172	0.003085	0.00229	0.00207	0.003155	0.001415	0.0023
OX359245.1	800000	1000000	0.00027	0.00029	0.00025	0.000265	0.000315	0.000305	0.000265	0.000275	0.000325	0.00027	0.000125	0.000265
OX359245.1	1000000	1200000	0.00061	0.000645	0.00065	0.000585	0.000595	0.000625	0.000635	0.0006	0.000575	0.00061	0.000585	0.00063
OX359245.1	1200000	1400000	0.000705	0.000825	0.000805	0.00076	0.000765	0.00086	0.00073	0.000795	0.000845	0.00071	0.000775	0.000865
OX359245.1	1400000	1600000	0.00129	0.001385	0.00149	0.001465	0.00079	0.001835	0.00198	0.00178	0.001925	0.001885	0.00188	0.00162
OX359245.1	1600000	1800000	0.00015	0.0002	0.000115	9.5e-05	0.00014	0.00028	0.000105	0.000215	0.000115	0.000155	4e-05	0.00032
OX359245.1	1800000	2000000	0.00074	0.00064	0.00081	0.000645	0.00059	0.001095	0.000615	0.000725	0.00135	0.000685	0.000775	0.00078
OX359245.1	2000000	2200000	0.0001	0.000115	0.00012	0.00011	8e-05	6.5e-05	0.00011	5e-05	9e-05	6.5e-05	5e-05	0.0001
OX359245.1	2200000	2400000	0.00014	0.000195	0.00018	0.000145	0.00014	8e-05	0.00028	0.00011	0.00019	0.00011	0.000195	0.00015
OX359245.1	2400000	2600000	0.002725	0.00216	0.002885	0.00204	0.001705	0.002835	0.001355	0.00252	0.001975	0.00073	0.002	0.00293
OX359245.1	2600000	2800000	3.5e-05	3.5e-05	0.000165	0.000215	0.000115	0.00018	0.000235	0.000235	9.5e-05	6.5e-05	2.5e-05	0.00022
OX359245.1	2800000	3000000	1.5e-05	4.5e-05	8e-05	6e-05	2e-05	8e-05	8.5e-05	5e-05	0.0001	9e-05	6.5e-05	8.5e-05
OX359245.1	3000000	3200000	0.00254	0.000405	0.00024	0.002115	0.000385	0.00099	0.0007	0.00242	0.001105	0.00068	0.000175	0.000955
OX359245.1	3200000	3400000	0.002565	0.00101	0.00159	0.001815	0.00565	0.00092	0.001925	0.004905	0.002315	0.0055	0.000415	0.00127
OX359245.1	3400000	3600000	0.000325	6.5e-05	0.00032	4e-05	6e-05	5e-05	0.00027	5e-05	0.000605	0.00138	0.00085	0.000305
OX359245.1	3600000	3800000	0.00043	0.00039	0.000485	0.00039	0.000625	0.00028	0.00034	0.00025	0.000195	0.000435	0.0001	0.000435
OX359245.1	3800000	4000000	0.001375	0.000295	0.00232	0.000405	0.000575	0.000385	0.00049	0.001035	0.000395	0.00056	0.001305	0.00214
OX359245.1	4000000	4200000	0.000735	0.00219	0.001405	0.000745	0.001865	0.002545	0.00127	0.00098	0.002135	0.00251	0.00309	0.0017
OX359245.1	4200000	4400000	0.00279	0.00314	0.002295	0.00204	0.0025	0.002555	0.00261	0.00306	0.00181	0.00253	0.00289	0.0023
OX359245.1	4400000	4600000	0.00078	0.001015	0.000895	0.000925	0.001005	0.001185	0.00053	0.00092	0.00088	0.000405	0.00057	0.00119
OX359245.1	4600000	4800000	0.000195	0.00017	0.000375	0.00023	0.0004	0.000365	0.00036	0.000505	0.000465	0.00043	0.00021	0.000245
OX359245.1	4800000	5000000	0.00016	0.00019	0.0002	0.000235	0.00022	0.000195	0.00021	9e-05	0.00019	0.000135	0.000175	0.00016
OX359245.1	5000000	5200000	0.000275	0.000235	0.000205	0.00011	0.004865	0.000175	0.00456	0.00036	0.00013	0.000155	0.00288	0.00022
OX359245.1	5200000	5400000	0.00093	0.00087	0.0008	0.000875	0.00624	0.00182	0.006115	0.00094	0.000895	0.000855	0.001015	0.000495
OX359245.1	5400000	5600000	0.003915	0.004955	0.004195	0.003795	0.00632	0.00646	0.006095	0.00324	0.003685	0.00333	0.00078	0.003865
OX359245.1	5600000	5800000	0.00201	0.00489	0.003215	0.00203	0.004615	0.004505	0.005175	0.00523	0.00199	0.001545	0.0009	0.00259
OX359245.1	5800000	6000000	0.0002	0.000115	4.5e-05	0.0	0.000205	0.000185	4.5e-05	0.000105	1e-05	7.5e-05	0.000215	4.5e-05
OX359245.1	6000000	6200000	0.000145	9e-05	4e-05	7e-05	0.000125	3.5e-05	9.5e-05	0.0001	0.000125	9e-05	1.5e-05	5e-05
OX359245.1	6200000	6400000	0.000365	0.00033	0.00032	0.000145	0.000165	9.5e-05	0.0002	0.00025	0.0003	9.5e-05	0.000355	0.0001
OX359245.1	6400000	6600000	0.00073	0.001275	6e-05	3.5e-05	0.000685	0.00058	6e-05	0.00071	0.00156	8e-05	0.001015	0.0013
OX359245.1	6600000	6800000	3.5e-05	3.5e-05	7e-05	4e-05	5e-05	0.000105	9.5e-05	4e-05	6.5e-05	4.5e-05	5e-05	4.5e-05
OX359245.1	6800000	7000000	2.5e-05	3.5e-05	2.5e-05	2e-05	2.5e-05	3e-05	2e-05	2.5e-05	3e-05	2e-05	3.5e-05	3.5e-05
OX359245.1	7000000	7200000	4e-05	0.00041	0.001095	0.000905	0.00098	0.001115	0.00116	0.001095	0.001145	0.000755	0.00022	0.001065
OX359245.1	7200000	7400000	0.00022	0.001065	0.001315	0.000945	0.00102	0.00114	0.001325	0.00096	0.000515	0.000735	0.000995	0.00129
OX359245.1	7400000	7600000	0.001865	0.00165	0.00277	0.00204	0.001915	0.00284	0.002985	0.002005	0.001885	0.001505	0.00161	0.00285
OX359245.1	7600000	7800000	0.00072	0.000445	0.000715	0.00066	0.00073	0.001175	0.00122	0.00071	0.000425	0.000745	0.0008	0.001275
OX359245.1	7800000	8000000	0.00048	0.000715	0.00076	0.00051	0.000465	0.00096	0.00103	0.00058	0.000705	0.00066	0.00083	0.001005
OX359245.1	8000000	8200000	0.00123	0.003735	0.003445	0.000995	0.00095	0.00361	0.001445	0.00155	0.001335	0.0019	0.00326	0.00359
OX359245.1	8200000	8400000	0.00193	0.004915	0.005065	0.00178	0.003175	0.00407	0.00379	0.002345	0.00235	0.00147	0.00403	0.0053
OX359245.1	8400000	8600000	3e-05	2.5e-05	4e-05	0.0	3e-05	3.5e-05	2.5e-05	3e-05	3e-05	2.5e-05	1e-05	1e-05
OX359245.1	8600000	8800000	0.00018	0.000225	0.00019	7e-05	2.5e-05	0.000225	0.000205	0.00018	0.00021	5.5e-05	0.000225	0.00011
OX359245.1	8800000	9000000	0.00025	0.000275	0.00013	0.00021	1e-05	0.00027	0.000275	0.000195	0.00025	0.00028	0.000275	1e-05
OX359245.1	9000000	9200000	1.5e-05	5e-06	1.5e-05	1.5e-05	1e-05	1.5e-05	5e-06	1.5e-05	1e-05	3e-05	3.5e-05	2e-05
OX359245.1	9200000	9400000	0.0	0.0	0.0	5e-06	5e-06	0.0	5e-06	5e-06	0.0	5e-06	2e-05	2.5e-05
OX359245.1	9400000	9600000	0.00028	0.000325	0.00051	0.000135	0.00065	0.000475	0.000165	0.00065	0.00043	0.00028	0.000385	0.000705
OX359245.1	9600000	9800000	0.00031	0.00053	0.00044	1e-05	0.000395	0.00061	0.000445	0.000575	0.000425	0.00045	0.000575	0.000575
OX359245.1	9800000	10000000	1.5e-05	1e-05	2e-05	5e-06	2e-05	5e-06	1.5e-05	1.5e-05	1.5e-05	1e-05	5e-06	2e-05
OX359245.1	10000000	10200000	0.00015	0.00046	0.000455	0.000195	0.00025	0.00045	0.000305	0.00045	0.000205	0.000255	0.00017	0.00041
OX359245.1	10200000	10400000	8e-05	0.00062	0.00072	0.00037	0.00056	0.00074	0.000605	0.000585	0.000545	0.00071	0.000615	0.00062
OX359245.1	10400000	10600000	0.00051	0.000525	0.0007	0.00048	0.000595	0.000425	0.00016	0.00065	0.000485	0.00074	0.00043	0.000665
OX359245.1	10600000	10800000	0.00032	0.000265	0.000415	0.00018	0.00037	0.000405	0.00028	1.5e-05	0.0003	0.00034	0.00025	0.00033
OX359245.1	10800000	11000000	0.002635	0.00263	0.00274	0.001005	0.00289	0.00186	0.00185	0.000915	0.00101	0.00271	0.0023	0.002875
OX359245.1	11000000	11200000	0.005435	0.00749	0.00505	0.002145	0.00711	0.007805	0.003255	0.00111	0.001455	0.006265	0.00463	0.007145
OX359245.1	11200000	11400000	0.004605	0.005345	0.002875	0.003935	0.00247	0.00569	0.002395	0.002575	0.003435	0.00885	0.00408	0.00191
OX359245.1	11400000	11600000	0.006095	9e-05	0.00047	0.001645	0.00171	0.00017	0.001955	0.000105	0.00012	0.010195	0.00355	8.5e-05
OX359245.1	11600000	11800000	0.00231	0.00244	0.00084	0.00033	0.00028	0.000495	0.003725	0.002695	0.00087	0.00512	0.0046	0.000335
OX359245.1	11800000	12000000	0.00399	0.00448	0.002095	0.0025	0.00082	0.002305	0.003565	0.00367	0.002	0.006315	0.01153	0.00085
OX359245.1	12000000	12200000	0.002915	0.003665	0.004305	0.004255	0.001925	0.00375	0.00402	0.001895	0.00381	0.004645	0.005035	0.001945
OX359245.1	12200000	12400000	0.000895	0.000595	0.00127	0.0003	0.00068	0.0009	0.00092	0.000685	0.00081	0.000855	0.003425	0.00116
OX359245.1	12400000	12600000	0.00038	8.5e-05	0.00011	0.000325	0.00038	0.00013	0.00034	0.00037	0.00725	0.00039	0.00336	0.00034
OX359245.1	12600000	12800000	0.00104	0.00138	0.00318	0.000755	0.004655	0.00166	0.000985	0.00121	0.00105	0.00193	0.00329	0.00061
OX359245.1	12800000	13000000	0.00429	0.00166	0.001825	0.00212	0.007125	0.005315	0.00376	0.0037	0.003845	0.005025	0.008505	0.0027
OX359245.1	13000000	13200000	0.004665	0.00387	0.002775	0.00433	0.004805	0.002325	0.00126	0.00506	0.002605	0.00388	0.00497	0.004005
OX359245.1	13200000	13400000	0.002965	0.00354	0.00072	0.003075	0.00178	0.00377	0.003605	0.005615	0.00309	0.002265	0.005995	0.005375
OX359245.1	13400000	13600000	0.00341	0.002675	0.003635	0.004325	0.00181	0.00414	0.00583	0.003675	0.00226	0.00283	0.00616	0.00447
OX359245.1	13600000	13800000	0.00136	0.001135	0.001225	0.0031	0.001905	0.00341	0.003385	0.004125	0.00277	0.001865	0.00302	0.001035
OX359245.1	13800000	14000000	0.003025	0.002095	0.00251	0.002895	0.00234	0.00171	0.001445	0.002435	0.00209	0.004355	0.004975	0.001965
OX359245.1	14000000	14200000	0.00227	0.00294	0.003255	0.001155	0.00272	0.00192	0.000385	0.00262	0.00116	0.003525	0.005005	0.000815
OX359245.1	14200000	14400000	3e-05	0.000235	0.00144	3e-05	2.5e-05	4e-05	0.000805	4e-05	4e-05	0.001345	0.002475	0.000195
OX359245.1	14400000	14600000	0.001615	0.002665	0.001125	0.00111	0.0035	0.00255	0.001565	0.000325	0.00289	0.00266	0.006615	0.000965
OX359245.1	14600000	14800000	0.00092	0.0026	0.000725	0.000985	0.002345	0.00161	0.00127	0.00086	0.001	0.00054	0.00682	0.001165
OX359245.1	14800000	15000000	0.00373	0.005725	0.004035	0.00474	0.00385	0.003275	0.00325	0.00423	0.000965	0.00321	0.007315	0.00313
OX359245.1	15000000	15200000	0.002825	0.00295	0.002105	0.00242	0.00249	0.00168	0.001655	0.002145	0.002235	0.002375	0.006885	0.002395
OX359245.1	15200000	15400000	0.00193	0.002235	0.00216	0.002065	0.001815	0.001445	0.001985	0.00301	0.002835	0.000585	0.00878	0.00108
OX359245.1	15400000	15600000	0.002725	0.00296	0.00289	0.002365	0.002575	0.0022	0.002505	0.002695	0.00285	0.00263	0.00425	0.00266
OX359245.1	15600000	15800000	0.00047	0.000395	0.000395	0.000355	0.000385	0.00095	0.000425	0.000435	0.001045	0.000395	0.006245	0.00067
OX359245.1	15800000	16000000	0.001075	0.001155	0.000775	0.002615	0.00317	0.003295	0.0031	0.002465	0.000495	0.002555	0.00538	0.002465
OX359245.1	16000000	16200000	0.00543	0.00605	0.00427	0.003965	0.00142	0.00479	0.0047	0.00499	0.0036	0.002675	0.007515	0.002825
OX359245.1	16200000	16400000	0.00225	0.00383	0.004825	0.00553	0.002415	0.00382	0.00347	0.004135	0.00246	0.00303	0.003985	0.00206
OX359245.1	16400000	16600000	0.001615	0.003175	0.004345	0.003255	0.005475	0.004795	0.00553	0.00245	0.00254	0.006095	0.008915	0.005225
OX359245.1	16600000	16800000	0.006205	0.003565	0.00519	0.005615	0.00343	0.00277	0.007005	0.005705	0.00721	0.001445	0.00857	0.00707
OX359245.1	16800000	17000000	0.0052	0.002095	0.001465	0.00582	0.00248	0.00178	0.002345	0.003285	0.00244	0.00131	0.002535	0.002485
OX359245.1	17000000	17200000	0.00149	0.001345	0.00187	0.00203	0.00204	0.0024	0.002345	0.001995	0.002215	0.0021	0.00377	0.001345
OX359245.1	17200000	17400000	0.000585	0.002075	0.00157	0.00202	0.00105	0.00098	0.001085	0.00202	0.000765	0.00058	0.002975	0.000815
OX359245.1	17400000	17600000												
OX359245.1	17600000	17800000	0.000355	0.00018	0.003275	0.00275	0.001835	0.00223	0.00037	0.00102	0.00322	0.001185	0.00392	0.00038
OX359245.1	17800000	18000000	4e-05	2.5e-05	0.003475	3e-05	4e-05	0.001445	0.000645	4.5e-05	4e-05	0.0011	0.00335	3.5e-05
OX359245.1	18000000	18200000	0.001295	0.0011	0.003115	0.000875	0.00049	0.00062	0.004955	0.00026	0.0023	0.000115	0.00534	0.00371
OX359245.1	18200000	18400000	0.00225	0.00122	0.002705	0.000105	0.00233	0.00196	5e-05	0.002255	0.000225	9e-05	0.005135	0.00019
OX359245.1	18400000	18600000	0.000135	0.00014	0.000505	0.000465	0.000535	0.000155	0.0002	0.000585	0.000295	0.0001	0.00603	0.0006
OX359245.1	18600000	18800000	0.00058	0.000545	0.000605	0.00047	0.00051	0.000545	0.000575	0.000565	0.000595	0.00058	0.007735	0.000555
OX359245.1	18800000	19000000	0.001	0.001015	0.00257	0.001045	0.001	0.001	0.00103	0.00107	0.00105	0.0011	0.00456	0.001045
OX359245.1	19000000	19200000	4e-05	3.5e-05	0.000755	0.00098	0.00102	9.5e-05	0.000225	0.000135	3e-05	2e-05	0.006195	0.00011
OX359245.1	19200000	19400000	0.00033	0.00331	0.000325	0.00024	0.000325	0.003195	0.000575	0.000405	0.00034	0.00019	0.006175	0.00086
OX359245.1	19400000	19600000	0.001275	0.002025	0.000515	0.001155	0.00048	0.00024	0.00094	0.001835	0.000835	0.000135	0.00534	0.00037
OX359245.1	19600000	19800000	0.000145	0.00039	0.000125	0.00032	9e-05	4.5e-05	0.0001	0.0002	0.000235	2.5e-05	3e-05	0.000165
OX359245.1	19800000	20000000	2.5e-05	4.5e-05	6.5e-05	7e-05	9.5e-05	2.5e-05	0.00022	0.00011	2.5e-05	5e-05	3e-05	5.5e-05
OX359245.1	20000000	20200000	0.00028	0.000225	0.00038	4.5e-05	0.000315	0.000355	9e-05	0.002045	0.000595	0.000195	0.000625	0.00039
OX359245.1	20200000	20400000	0.00061	0.00043	0.00091	0.00145	0.00084	0.001	0.001585	0.00225	0.00251	0.00063	0.00091	0.001095
OX359245.1	20400000	20600000	0.002435	0.00278	0.003935	0.002555	0.002655	0.002275	0.0011	0.00233	0.00322	0.00046	0.00053	0.002605
OX359245.1	20600000	20800000	0.004275	0.003725	0.005045	0.003335	0.00481	0.00479	0.003985	0.00309	0.004375	0.0021	0.00205	0.003335
OX359245.1	20800000	21000000	0.00043	0.00047	0.00016	0.002015	0.000265	0.000445	0.001985	0.001895	0.000825	0.00014	0.000575	0.000355
OX359245.1	21000000	21200000	0.00201	0.00021	7e-05	0.00142	0.0008	0.000345	0.00184	0.0016	0.00122	6e-05	0.00039	0.00163
OX359245.1	21200000	21400000	0.00051	0.00065	0.00082	0.00075	0.00081	0.000885	0.00106	0.000965	0.00055	0.00047	0.00058	0.00073
OX359245.1	21400000	21600000	0.00158	0.001545	0.00193	0.0017	0.002025	0.001875	0.001595	0.00217	0.001705	0.001635	0.0018	0.001935
OX359245.1	21600000	21800000	0.000615	0.000175	0.00011	0.000935	0.00027	0.00021	0.00013	0.0009	0.000265	0.00026	0.000105	0.00061
OX359245.1	21800000	22000000	0.00113	0.0001	0.00014	0.001195	0.000145	8.5e-05	0.00037	0.00122	0.000165	0.000125	0.00011	0.000625
OX359245.1	22000000	22200000	0.000485	0.00011	3.5e-05	0.00059	0.00011	9e-05	0.00014	0.00057	0.000125	3.5e-05	9e-05	6.5e-05
OX359245.1	22200000	22400000	0.00011	0.000305	0.000135	0.000225	0.000115	0.000135	0.00016	0.00016	0.000265	9.5e-05	7e-05	0.00026
OX359245.1	22400000	22600000	0.0001	9.5e-05	7e-05	0.000115	6e-05	0.000105	8e-05	0.000115	6e-05	9e-05	7.5e-05	6.5e-05
OX359245.1	22600000	22800000												
OX359245.1	22800000	23000000	0.00017	0.000175	0.000165	0.00016	0.000165	0.00017	0.00012	0.000175	0.00015	0.00016	0.00016	0.000165
OX359245.1	23000000	23200000	0.00053	0.000425	0.000385	0.00043	0.000895	0.000425	0.00039	0.000395	0.00055	0.000495	0.000315	0.000325
OX359245.1	23200000	23400000	0.001345	0.001495	0.00146	0.001435	0.001555	0.001535	0.000795	0.00106	0.00142	0.001575	0.001165	0.00134
OX359245.1	23400000	23600000	0.000105	0.000135	8e-05	0.000205	9e-05	8.5e-05	8e-05	6e-05	0.000155	0.00016	0.00013	7e-05
OX359245.1	23600000	23800000	0.00018	0.0002	4.5e-05	0.00016	0.00019	0.000215	0.000215	0.000205	0.00025	0.00019	0.00022	0.00023
OX359245.1	23800000	24000000	0.00037	0.00047	0.000435	0.00049	0.000425	0.000375	0.0005	0.000335	0.00048	0.000335	0.000545	0.00041
OX359245.1	24000000	24200000	0.000745	0.0005	0.00058	0.000175	0.000335	0.000405	0.000355	0.00029	0.0009	0.001035	0.000265	0.000425
OX359245.1	24200000	24400000	0.00055	0.000455	0.00036	0.000665	0.000345	0.000385	0.000425	0.000445	0.00052	0.000565	0.000425	0.000155
OX359245.1	24400000	24600000	0.001055	0.000505	0.00043	0.00058	0.000525	0.00172	0.00049	0.001	0.000635	0.000455	0.000445	0.001745
OX359245.1	24600000	24800000	0.001425	6.5e-05	0.0002	0.000105	7e-05	0.00146	0.000135	0.001395	9e-05	9e-05	9e-05	0.001455
OX359245.1	24800000	25000000	0.000275	0.0002	0.00023	0.000465	0.00025	0.000695	0.000395	0.000875	0.001165	0.000235	0.000175	0.001385
OX359245.1	25000000	25200000	0.00101	0.000495	0.000145	0.00176	0.00013	0.00097	0.00018	0.00121	0.00043	0.00012	4.5e-05	0.00145
OX359245.1	25200000	25400000	0.000135	0.00288	0.00165	0.001145	0.00077	0.00309	0.000105	0.00082	0.000145	0.000305	0.00036	0.002385
OX359245.1	25400000	25600000	0.000185	0.00136	0.00019	0.00137	0.000795	0.001375	0.00046	4e-05	2.5e-05	1.5e-05	3.5e-05	3.5e-05
OX359245.1	25600000	25800000	0.00024	0.000415	0.000415	0.001795	0.000165	0.000215	0.000675	0.000455	0.002145	6e-05	0.00029	0.00025
OX359245.1	25800000	26000000	0.002935	0.002845	0.00326	0.002585	0.00219	0.004825	0.004005	0.004225	0.003665	0.000335	0.002355	0.00332
OX359245.1	26000000	26200000	0.00278	0.001135	0.00292	0.003995	0.0024	0.0018	0.005005	0.000885	0.002925	4e-05	0.00674	0.00235
OX359245.1	26200000	26400000	0.00198	0.00292	0.00203	0.00327	0.000915	0.00339	0.00346	0.00263	0.001525	8e-05	0.00427	0.00267
OX359245.1	26400000	26600000	0.00222	0.000515	0.000625	0.000355	0.00125	0.000955	0.002935	0.001215	0.00054	0.00011	0.000785	0.000685
OX359245.1	26600000	26800000	0.000795	0.00161	0.00077	0.00132	0.00073	0.00144	0.00314	0.00071	0.003405	0.00066	0.003715	0.001325
OX359245.1	26800000	27000000	0.00307	0.00236	0.00345	0.00335	0.003275	0.00295	0.00307	0.00332	0.002645	0.001985	0.00476	0.00325
OX359245.1	27000000	27200000	0.001135	0.001035	0.00155	0.00114	0.0013	0.001195	0.00105	0.001055	0.00119	0.00098	0.00683	0.00115
OX359245.1	27200000	27400000	0.00166	0.000315	0.000855	0.001335	0.000295	0.00098	0.00017	0.00308	0.000465	0.000315	0.00441	0.00015
OX359245.1	27400000	27600000	0.00465	0.003475	0.002795	0.00237	0.00247	0.00197	0.002105	0.001935	0.00027	0.00146	0.003765	0.00312
OX359245.1	27600000	27800000	0.00477	0.003995	0.003175	0.001175	0.003765	0.00517	0.006325	0.003035	0.001515	0.004075	0.001745	0.002345
OX359245.1	27800000	28000000	0.003215	0.00292	0.00662	0.004905	0.006635	0.00289	0.004065	0.00465	0.00393	0.007385	0.00185	0.004005
OX359245.1	28000000	28200000	0.00035	0.000925	0.001505	0.00206	0.001255	0.00073	0.000995	0.00092	0.001955	0.000525	0.00236	0.0005
OX359245.1	28200000	28400000	0.006735	0.0063	0.007225	0.005425	0.00568	0.004545	0.007715	0.007325	0.0061	0.005015	0.007365	0.00683
OX359245.1	28400000	28600000	0.005115	0.002825	0.004425	0.005575	0.006375	0.00404	0.00282	0.00637	0.003195	0.003675	0.00501	0.005195
OX359245.1	28600000	28800000	0.00975	0.001535	0.00139	0.0092	0.00071	0.00901	0.001165	0.01061	0.00103	0.01027	0.00377	0.002035
OX359245.1	28800000	29000000	0.00712	0.002985	0.000955	0.00203	0.0017	0.001925	0.00435	0.00245	0.003925	0.002015	0.00909	0.004195
OX359245.1	29000000	29200000	0.003705	0.003275	0.00398	0.004255	0.00452	0.005375	0.004155	0.003925	0.00323	0.00372	0.012945	0.002885
OX359245.1	29200000	29400000	0.003465	0.0037	0.00353	0.003635	0.00377	0.0038	0.0033	0.003895	0.000375	0.000665	0.004085	0.002195
OX359245.1	29400000	29600000	0.001795	0.002275	0.002905	0.00187	0.001735	0.002355	0.00174	0.00266	0.001165	0.002185	0.00641	0.001045
OX359245.1	29600000	29800000	0.00092	0.000925	0.0009	0.000865	0.00088	0.00092	0.00096	0.00107	0.00088	0.001025	0.00604	0.00097
OX359245.1	29800000	30000000	0.00121	0.00167	0.001215	0.003375	0.00151	0.00133	0.001615	0.001205	0.00119	0.001225	0.00119	0.001175
OX359245.1	30000000	30200000	0.002655	0.00083	0.00047	0.003995	0.00234	0.00275	0.000425	0.00058	0.000505	0.00053	0.000695	0.000765
OX359245.1	30200000	30400000	0.00169	0.001335	0.001995	0.001465	0.002645	0.003975	0.00374	0.001395	0.002635	0.0038	0.00149	0.001245
OX359245.1	30400000	30600000	0.00311	0.002655	0.00363	0.008195	0.001865	0.0039	0.00834	0.00458	0.006495	0.006725	0.00117	0.00292
OX359245.1	30600000	30800000	0.0064	0.00458	0.00288	0.004605	0.001165	0.00232	0.003885	0.00349	0.00472	0.003065	0.002415	0.001085
OX359245.1	30800000	31000000	0.002345	0.003895	0.004155	0.001925	0.002365	0.00198	0.00339	0.003695	0.00221	0.0021	0.00239	0.002665
OX359245.1	31000000	31200000	0.0017	0.001835	0.00338	0.002185	0.001225	0.00144	0.00153	0.002425	0.002595	0.00126	0.00042	0.002475
OX359245.1	31200000	31400000	0.002645	0.00165	0.001695	0.00135	0.00195	0.00174	0.00167	0.001635	0.00143	0.000635	0.00091	0.001315
OX359245.1	31400000	31600000	0.00145	0.002145	0.001685	0.00249	0.00149	0.00198	0.00164	0.002175	0.001895	0.00137	0.001255	0.001545
OX359245.1	31600000	31800000	0.00011	0.00051	0.00272	0.003275	0.000405	0.000125	0.0002	0.00025	0.00023	0.000125	0.00011	0.000105
OX359245.1	31800000	32000000	0.00121	0.002875	0.00422	0.00683	0.002695	0.00311	0.004895	0.00483	0.001705	0.004605	0.001835	0.00794
OX359245.1	32000000	32200000	0.00068	0.002095	0.00182	0.002795	0.004575	0.007075	0.0021	0.003155	0.003445	0.00196	0.001525	0.0021
OX359245.1	32200000	32400000	0.00363	0.00126	0.002625	0.0029	0.003705	0.00373	0.00315	0.00297	0.003085	0.00064	0.000455	0.002575
OX359245.1	32400000	32600000	0.00813	0.00885	0.000885	0.00868	0.000555	0.005985	0.00765	0.001535	0.008175	0.007215	0.002015	0.000805
OX359245.1	32600000	32800000	0.00096	0.00113	0.00029	0.003965	0.003395	0.000705	0.00372	0.00066	0.000925	0.000405	0.000555	0.000725
OX359245.1	32800000	33000000	0.001455	0.00135	0.00148	0.003855	0.00137	0.001565	0.004035	0.00385	0.00138	0.00131	0.00394	0.00376
OX359245.1	33000000	33200000	0.00168	0.0018	0.001735	0.001645	0.001705	0.00167	0.001665	0.001685	0.00167	0.00169	0.001715	0.002445
OX359245.1	33200000	33400000	0.000565	0.000715	0.00061	0.00075	0.000575	0.000855	0.00093	0.00076	0.001345	0.00052	0.00102	0.000795
OX359245.1	33400000	33600000	0.000325	0.000225	0.000215	0.00021	0.000205	0.00025	0.000245	0.00029	2e-05	0.000275	5e-05	0.000265
OX359245.1	33600000	33800000	0.00079	0.00075	0.00067	0.00078	0.000695	0.0028	0.00068	0.00074	0.001125	0.00215	0.000795	0.000815
OX359245.1	33800000	34000000	0.00088	0.000805	0.00085	0.000825	0.00079	0.00932	0.000915	0.00081	0.00081	0.01057	0.00083	0.000845
OX359245.1	34000000	34200000	0.00011	0.001475	0.001025	0.001465	0.002505	0.001795	0.001615	0.00081	0.00033	0.001615	0.00021	0.001635
OX359245.1	34200000	34400000	0.0026	0.00194	0.00247	0.00279	0.003315	0.00141	0.000315	0.00294	0.003615	0.00035	0.00014	0.00095
OX359245.1	34400000	34600000	0.00516	0.00051	0.004465	0.00052	0.006295	0.00053	0.000525	0.005345	0.00627	0.000565	0.001895	0.00048
OX359245.1	34600000	34800000	0.00073	0.00622	0.000145	0.006185	0.000135	0.005595	0.000205	0.000385	0.00186	0.000225	0.001055	0.00617
OX359245.1	34800000	35000000	0.002595	0.001505	0.00178	0.001655	0.0018	0.001065	0.00089	0.00239	0.001595	0.001065	0.00163	0.00098
OX359245.1	35000000	35200000	0.00184	0.00087	0.00148	0.001925	0.001995	0.001765	0.00145	0.00193	0.000665	0.00308	0.001665	0.003055
OX359245.1	35200000	35400000	0.00193	0.001225	0.00041	0.001125	0.00043	0.00032	0.002035	0.00073	0.00047	0.000895	0.000595	0.00207
OX359245.1	35400000	35600000	0.00227	0.002735	0.002195	0.00136	0.0036	0.00181	0.00076	0.001955	0.000535	0.001885	0.00343	0.004605
OX359245.1	35600000	35800000	0.00441	0.003825	0.00315	0.00239	0.003655	0.00167	0.003515	0.003195	0.00014	0.00197	0.00063	0.00485
OX359245.1	35800000	36000000	0.002845	0.003885	0.00404	0.002365	0.00331	0.004135	0.004135	0.002695	0.000935	0.002415	0.002545	0.004485
OX359245.1	36000000	36200000	0.001425	0.00593	0.003855	0.00407	0.001615	0.00784	0.00689	0.003735	0.00169	0.006365	0.005325	0.003465
OX359245.1	36200000	36400000	0.00501	0.01024	0.00347	0.007	0.005025	0.007585	0.006145	0.009275	0.00178	0.00808	0.00363	0.00984
OX359245.1	36400000	36600000	0.00217	0.00373	0.002405	0.002555	0.0025	0.003245	0.003425	0.004015	0.00026	0.002275	0.000925	0.00229
OX359245.1	36600000	36800000	0.00532	0.008145	0.004625	0.005875	0.003595	0.007135	0.006815	0.00498	0.001165	0.004155	0.002805	0.004885
OX359245.1	36800000	37000000	0.00362	0.00363	0.002265	0.00256	0.002425	0.00209	0.00377	0.002125	0.00194	0.003895	0.00155	0.00192
OX359245.1	37000000	37200000	0.01068	0.010965	0.00307	0.0034	0.00983	0.00266	0.004055	0.003825	0.00102	0.00314	0.005675	0.00191
OX359245.1	37200000	37400000	0.00968	0.00719	0.00672	0.003475	0.00711	0.003645	0.003345	0.008065	0.003405	0.0067	0.004	0.00404
OX359245.1	37400000	37600000	0.00546	0.000845	0.001115	0.001345	0.00094	0.00186	0.000895	0.00091	0.000735	0.005285	0.00092	0.001605
OX359245.1	37600000	37800000	0.01366	0.01199	0.00732	0.0137	0.00975	0.009455	0.005915	0.013115	0.001255	0.007	0.00706	0.009645
OX359245.1	37800000	38000000	0.002755	0.004255	0.003915	0.003415	0.00531	0.00604	0.00586	0.0036	0.00045	0.005985	0.002925	0.005205
OX359245.1	38000000	38200000	0.00072	0.00306	0.00244	0.004095	0.004505	0.005015	0.004495	0.00462	0.00044	0.00516	0.00406	0.00269
OX359245.1	38200000	38400000	0.002035	0.003115	0.00279	0.002815	0.00567	0.001545	0.00437	0.00326	0.00095	0.00407	0.00516	0.005585
OX359245.1	38400000	38600000	0.002345	0.002185	0.00118	0.001445	0.003545	0.00129	0.00287	0.001035	0.000935	0.001125	0.003675	0.00289
OX359245.1	38600000	38800000	0.002095	0.001835	0.0009	0.002725	0.00411	0.00475	0.003435	0.00103	0.001665	0.000955	0.001175	0.001395
OX359245.1	38800000	39000000	0.004515	0.000855	0.00677	0.0063	0.00533	0.005675	0.002015	0.0042	0.000145	0.00643	0.000625	0.003155
OX359245.1	39000000	39200000	0.002345	0.002155	0.00346	0.002385	0.002155	0.002705	0.00203	0.00181	0.00067	0.003565	0.001255	0.002165
OX359245.1	39200000	39400000	0.00224	0.000405	0.000565	0.001245	0.00071	0.0011	0.00016	0.001235	2.5e-05	0.00053	0.00043	0.000615
OX359245.1	39400000	39600000	0.00282	0.001975	0.001645	0.001305	0.002165	0.00216	0.001835	0.00135	0.002235	0.00346	0.00179	0.00136
OX359245.1	39600000	39800000	0.00252	0.002885	0.003275	0.00314	0.00311	0.002165	0.001215	0.003305	0.00171	0.00328	0.00049	0.003505
OX359245.1	39800000	40000000	0.00047	0.00042	0.00355	0.00152	0.000395	0.001705	0.001125	0.003535	0.00046	0.002065	0.003675	0.001505
OX359245.1	40000000	40200000	0.00083	0.00017	0.00563	9.5e-05	0.00375	0.00372	0.000815	0.001195	0.000105	0.00476	0.000975	0.000115
OX359245.1	40200000	40400000	0.000215	0.00025	0.000625	0.000215	0.00062	0.000205	0.000225	0.00105	0.000175	0.000215	0.000415	0.00109
OX359245.1	40400000	40600000	0.00083	0.00173	0.001175	0.00173	0.001755	0.00077	0.000785	0.00121	0.003175	0.001175	0.001225	0.002025
OX359245.1	40600000	40800000	0.001435	0.004155	0.00091	0.004575	0.00183	0.00362	0.00101	0.002405	0.00109	0.001345	0.00154	0.00337
OX359245.1	40800000	41000000	0.002155	0.002025	0.000735	0.006375	0.00136	0.0023	0.00114	0.00656	0.001925	0.00196	0.000875	0.00682
OX359245.1	41000000	41200000	0.007275	0.00696	0.003595	0.006775	0.006195	0.00406	0.003915	0.00319	0.006785	0.002805	0.00426	0.0074
OX359245.1	41200000	41400000	0.00137	0.00214	0.00044	0.001905	0.001615	0.00051	0.000515	0.000535	0.002885	0.00179	0.001505	0.00201
OX359245.1	41400000	41600000	0.002485	0.00246	0.00284	0.002465	0.001135	0.003145	0.002545	0.001255	0.001285	0.00308	0.00066	0.002125
OX359245.1	41600000	41800000	0.00267	0.001385	0.002315	0.00328	0.00262	0.00105	0.00085	0.00362	0.00151	0.002195	0.000795	0.003585
OX359245.1	41800000	42000000	0.004055	0.00264	0.00118	0.004175	0.001005	0.00256	0.00089	0.00424	0.001305	0.00454	0.000625	0.00103
OX359245.1	42000000	42200000	0.0063	0.005225	0.00619	0.00528	0.005045	0.00658	0.00351	0.00686	0.00582	0.004585	0.00085	0.003025
OX359245.1	42200000	42400000	0.00291	0.00314	0.001175	0.002465	0.001855	0.00225	0.00376	0.002205	0.00211	0.00154	0.000685	0.002595
OX359245.1	42400000	42600000	0.00149	0.00152	0.00558	0.001545	0.001525	0.001535	0.001545	0.003685	0.001525	0.001625	0.001425	0.005605
OX359245.1	42600000	42800000	0.00103	0.001195	0.00178	0.00089	0.00108	0.002305	0.001805	0.001525	0.001795	0.00118	0.000725	0.00154
OX359245.1	42800000	43000000	0.003325	0.004575	0.00338	0.00414	0.00438	0.003735	0.00347	0.003495	0.003975	0.00308	0.000375	0.00249
OX359245.1	43000000	43200000	0.006485	0.003845	0.005435	0.007555	0.007455	0.006205	0.003435	0.00649	0.007865	0.00823	0.00267	0.008325
OX359245.1	43200000	43400000	0.00116	0.001565	0.00232	0.00119	0.002305	0.000585	0.00251	0.001395	0.0003	0.00123	0.00017	0.00118
OX359245.1	43400000	43600000	0.00616	0.00426	0.00457	0.002775	0.004715	0.0084	0.005095	0.0062	0.008385	0.006455	0.002185	0.002675
OX359245.1	43600000	43800000	0.00175	0.002105	0.001655	0.001065	0.00157	0.002005	0.001685	0.001765	0.00245	0.00117	0.00095	0.001405
OX359245.1	43800000	44000000	0.00144	0.00133	0.0008	0.00116	0.000975	0.00269	0.001655	0.001035	0.00136	0.00147	0.0005	0.00068
OX359245.1	44000000	44200000	0.00275	0.001345	0.00204	0.00073	0.00159	0.001385	0.00189	0.001805	0.002185	0.000625	0.000315	0.001655
OX359245.1	44200000	44400000	0.00339	0.005605	0.005535	0.00538	0.00473	0.00476	0.006425	0.00356	0.004065	0.004665	0.000555	0.004265
OX359245.1	44400000	44600000	0.00241	0.00108	0.001825	0.00098	0.00132	0.00203	0.002055	0.00322	0.001625	0.000945	0.00085	0.00096
OX359245.1	44600000	44800000	0.000625	0.0009	0.002045	0.002245	0.00126	0.003085	0.005975	0.00201	0.00341	0.001135	0.00186	0.0012
OX359245.1	44800000	45000000	0.00535	0.0025	0.00564	0.005245	0.003645	0.002955	0.00389	0.00214	0.001525	0.00337	0.00088	0.002155
OX359245.1	45000000	45200000	0.002895	0.000265	0.0024	0.002995	0.002835	0.002505	0.0027	0.00392	0.001345	0.00353	0.000445	0.00158
OX359245.1	45200000	45400000	0.002525	0.00066	0.001295	0.002535	0.0021	0.00123	0.00146	0.00308	0.001285	0.002835	0.00086	0.00073
OX359245.1	45400000	45600000	0.005695	0.005695	0.00578	0.003545	0.00472	0.00532	0.00633	0.004645	0.003865	0.00599	0.003515	0.00753
OX359245.1	45600000	45800000	0.00675	0.009345	0.014285	0.0052	0.00737	0.01426	0.013765	0.00429	0.0049	0.00684	0.004825	0.003915
OX359245.1	45800000	46000000	0.0029	0.002205	0.00391	0.00524	0.003895	0.004125	0.00412	0.00226	0.003385	0.002625	0.00475	0.003865
OX359245.1	46000000	46200000	0.00233	0.00293	0.002205	0.003555	0.00235	0.002095	0.00191	0.00251	0.002245	0.00198	0.00278	0.00347
OX359245.1	46200000	46400000	0.00844	0.00185	0.005095	0.00876	0.00151	0.002635	0.003865	0.00584	0.00583	0.0084	0.00281	0.00834
OX359245.1	46400000	46600000	0.00416	0.002825	0.00484	0.00289	0.003045	0.004025	0.00295	0.00385	0.00457	0.00217	0.00857	0.00346
OX359245.1	46600000	46800000	0.002195	0.00227	0.00238	0.002185	0.0021	0.001455	0.001675	0.001195	0.001895	0.002005	0.004865	0.002375
OX359245.1	46800000	47000000	0.00124	0.002195	0.00196	0.00122	0.002665	0.000735	0.00125	0.000725	0.002925	0.001275	0.002185	0.002225
OX359245.1	47000000	47200000	0.000615	0.00168	0.001905	0.00247	0.002	0.00189	0.0034	0.000785	0.0014	0.001225	0.004085	0.001265
OX359245.1	47200000	47400000	0.000655	0.001275	0.000605	0.00252	0.000695	0.00063	0.001635	0.0007	0.000525	0.00075	0.003485	0.00083
OX359245.1	47400000	47600000	0.000325	0.000585	0.00031	0.000315	0.00033	0.000305	0.00063	0.000195	4.5e-05	0.00037	0.0003	0.000195
OX359245.1	47600000	47800000	0.00183	0.00363	0.0013	0.00315	0.001425	0.00116	0.00357	0.00317	0.00072	0.00141	0.00346	0.003385
OX359245.1	47800000	48000000	0.003795	0.00391	0.00351	0.00331	0.003655	0.002715	0.004005	0.003235	0.00138	0.004135	0.00436	0.00412
OX359245.1	48000000	48200000	0.0052	0.00183	0.001775	0.0018	0.001705	0.00179	0.002545	0.0018	0.001385	0.005395	0.00143	0.00169
OX359245.1	48200000	48400000	0.002225	0.000995	0.000755	0.00118	0.001715	0.001285	0.002955	0.0011	0.000445	0.002005	0.00123	0.00128
OX359245.1	48400000	48600000	0.00059	0.00069	0.00079	0.000255	0.000915	0.00067	0.00102	0.00092	0.00039	0.000845	0.000255	0.00038
OX359245.1	48600000	48800000	0.00245	0.00189	0.002285	0.001685	0.002365	0.00197	0.001755	0.00254	0.00265	0.00248	0.002995	0.001475
OX359245.1	48800000	49000000	0.005795	0.006005	0.007295	0.006665	0.002055	0.006335	0.002315	0.00649	0.001735	0.00054	0.00131	0.005785
OX359245.1	49000000	49200000	0.00376	0.001665	0.00196	0.00221	0.001665	0.00367	0.00262	0.001665	0.00123	0.00212	0.0013	0.001345
OX359245.1	49200000	49400000	0.001435	0.001885	0.001565	0.002315	0.00278	0.00213	0.00165	0.002365	0.001115	0.002695	0.00101	0.001805
OX359245.1	49400000	49600000	0.0063	0.008315	0.00407	0.006455	0.005775	0.00459	0.004025	0.007825	0.00699	0.008035	0.007305	0.003885
OX359245.1	49600000	49800000	0.003005	0.00035	0.001545	0.0003	0.00052	0.00036	0.00031	0.00052	0.001325	0.000275	0.00288	0.0021
OX359245.1	49800000	50000000	0.00046	0.00095	0.00089	0.000745	0.00114	0.00087	0.000775	0.001075	0.001095	0.00102	0.001135	0.000935
OX359245.1	50000000	50200000	0.001195	0.000915	0.00121	0.00092	0.00418	0.001025	0.00096	0.003975	0.00437	0.00095	0.00157	0.001665
OX359245.1	50200000	50400000	0.00076	0.000625	0.00171	0.000855	0.0022	0.000475	0.001355	0.002215	0.001355	0.00277	0.00097	0.001705
OX359245.1	50400000	50600000	9e-05	2e-05	0.000915	2e-05	9e-05	0.00164	0.000495	0.00034	0.00057	0.000515	2e-05	0.00022
OX359245.1	50600000	50800000	0.00131	0.002955	0.00126	0.002435	0.0005	0.002495	0.002275	0.001595	0.00151	0.001175	0.002135	0.00067
OX359245.1	50800000	51000000	0.00036	0.0005	0.000575	0.000555	0.00031	0.000245	0.00057	0.000185	0.000515	0.000515	0.000415	0.00027
OX359245.1	51000000	51200000	0.00088	0.001225	0.00189	0.001425	0.001695	0.001185	0.001295	0.00137	0.00141	0.00143	0.00213	0.001785
OX359245.1	51200000	51400000	0.00154	0.00145	0.00132	0.004505	0.002255	0.00123	0.003945	0.001765	0.002225	0.001345	0.002875	0.000715
OX359245.1	51400000	51600000	0.000155	0.00079	0.00388	0.00344	0.00265	0.002455	0.00119	0.00381	0.002685	0.003245	0.000265	0.000285
OX359245.1	51600000	51800000	0.00829	0.005345	0.0081	0.00593	0.00676	0.007035	0.00791	0.007565	0.004475	0.007625	0.006925	0.007245
OX359245.1	51800000	52000000	0.00449	0.00166	0.00495	0.004565	0.004525	0.003255	0.00436	0.003835	0.0011	0.00394	0.001395	0.004485
OX359245.1	52000000	52200000	0.00274	0.004415	0.004025	0.00457	0.004515	0.004155	0.00127	0.00414	0.002345	0.00329	0.00299	0.003435
OX359245.1	52200000	52400000	0.002565	0.002295	0.004425	0.002505	0.0028	0.002915	0.004725	0.001495	0.003175	0.002735	0.00302	0.003185
OX359245.1	52400000	52600000	0.00253	0.002025	0.001855	0.000855	0.00272	0.000405	0.0017	7.5e-05	0.00017	0.0021	0.000145	0.00038
OX359245.1	52600000	52800000	0.00416	4e-05	0.00412	0.00418	0.00423	0.000135	6e-05	0.00091	0.002955	0.00414	0.00019	5e-05
OX359245.1	52800000	53000000	0.00065	0.000595	0.00077	0.00382	0.003625	0.003395	0.00081	0.003105	0.001725	0.003815	0.003325	0.0008
OX359245.1	53000000	53200000	0.001635	0.002005	0.002915	0.00297	0.003305	0.001575	0.003435	0.003875	0.003175	0.004045	0.00406	0.003295
OX359245.1	53200000	53400000	0.00133	0.006245	0.005145	0.004015	0.00897	0.008155	0.00456	0.007065	0.00117	0.002795	0.00734	0.00755
OX359245.1	53400000	53600000	0.00089	0.00218	0.005185	0.000565	0.001155	0.00356	0.003685	0.001065	0.001395	0.00369	0.003685	0.00384
OX359245.1	53600000	53800000	0.002815	0.00228	0.00308	0.000615	0.00229	0.00304	0.00423	0.000585	0.00093	0.00057	0.00414	0.000965
OX359245.1	53800000	54000000	0.00547	0.00433	0.002665	0.00316	0.005175	0.0061	0.005045	0.007225	0.001915	0.001465	0.0009	0.00347
OX359245.1	54000000	54200000	0.00503	0.00183	0.00313	0.00368	0.00186	0.00487	0.00441	0.007075	0.003285	0.001565	0.003085	0.004985
OX359245.1	54200000	54400000	0.00242	0.002455	0.002695	0.002385	0.00442	0.004395	0.001885	0.001475	0.00142	0.004405	0.004255	0.002145
OX359245.1	54400000	54600000	0.00245	0.00049	0.00102	0.002415	0.001375	0.001315	0.002585	0.002405	0.00291	0.003065	0.003595	0.002215
OX359245.1	54600000	54800000	0.00274	0.009575	0.011165	0.010425	0.00687	0.0046	0.008285	0.00339	0.00977	0.011565	0.012475	0.00647
OX359245.1	54800000	55000000	0.001415	0.001725	0.00144	0.00226	0.001375	0.004055	0.002855	0.0019	0.00272	0.001075	0.002615	0.001625
OX359245.1	55000000	55200000	0.003265	0.001035	0.002835	0.00045	0.00054	0.00101	0.003335	0.00335	0.00124	0.000925	0.001705	0.00136
OX359245.1	55200000	55400000	0.002055	0.005365	0.003085	0.00354	0.002075	0.00244	0.00303	0.004455	0.00351	0.0017	0.003985	0.00197
OX359245.1	55400000	55600000	0.00415	0.004175	0.004205	0.00518	0.004645	0.00454	0.000565	0.00421	0.002925	0.00264	0.00278	0.004665
OX359245.1	55600000	55800000	0.00186	0.000435	0.001395	0.000325	0.001925	0.00012	9e-05	0.002895	0.00056	0.000555	0.00049	0.001505
OX359245.1	55800000	56000000	0.001835	0.00216	0.002275	0.001855	0.002015	0.00192	0.00325	0.00233	0.00208	0.001805	0.00215	0.001995
OX359245.1	56000000	56200000	0.00021	0.00017	1.5e-05	0.000135	0.000225	0.001335	0.001955	0.003415	0.00296	0.00024	4.5e-05	0.001225
OX359245.1	56200000	56400000	0.001115	0.001375	0.001215	0.001105	0.001375	0.001255	0.002965	0.00315	0.00291	0.001925	0.001215	0.00139
OX359245.1	56400000	56600000	0.005615	0.005415	0.006535	0.004795	0.00666	0.003435	0.00898	0.007925	0.00545	0.00794	0.004555	0.004985
OX359245.1	56600000	56800000	0.004165	0.0027	0.00233	0.002755	0.002375	0.00383	0.003905	0.001535	0.00381	0.00349	0.00274	0.00377
OX359245.1	56800000	57000000	0.001055	0.00189	0.002265	0.001895	0.000815	0.00037	0.00125	0.002615	0.0022	0.000305	5e-05	0.00059
OX359245.1	57000000	57200000	0.00096	0.000935	0.001785	0.003695	0.001465	0.00366	0.00426	0.00491	0.003835	0.000665	0.0005	0.00397
OX359245.1	57200000	57400000	0.00303	0.003195	0.00507	0.002835	0.004335	0.00176	0.0049	0.003155	0.004595	0.005285	0.00316	0.00391
OX359245.1	57400000	57600000	0.001635	0.00164	0.00358	0.00398	0.001675	0.001815	0.002695	0.00034	0.001025	0.00073	0.000515	0.001565
OX359245.1	57600000	57800000	0.001175	0.000425	0.00193	0.001325	0.002125	0.001195	0.00185	0.00046	0.00042	0.001815	0.00096	0.000575
OX359245.1	57800000	58000000	0.00522	0.00662	0.00663	0.00777	0.007215	0.007655	0.004255	0.00651	0.005895	0.007335	0.0036	0.00535
OX359245.1	58000000	58200000	0.00393	0.00545	0.00338	0.005135	0.005335	0.0048	0.0049	0.00675	0.0036	0.006355	0.00184	0.00606
OX359245.1	58200000	58400000	9.5e-05	0.000545	0.00049	0.0002	0.00167	0.000165	0.001535	0.00051	0.00025	9e-05	0.000225	0.001385
OX359245.1	58400000	58600000	0.004095	0.00289	0.003805	0.004775	0.00096	0.003805	0.00371	0.004145	0.002965	0.0002	0.00125	0.002565
OX359245.1	58600000	58800000	0.00371	0.004935	0.004025	0.00597	0.002945	0.004565	0.0037	0.004975	0.00612	0.000595	0.002075	0.003235
OX359245.1	58800000	59000000	0.002115	0.00037	0.000385	0.000365	0.000765	0.00067	0.000435	0.000645	0.000415	0.00032	0.0014	0.00017
OX359245.1	59000000	59200000	0.00184	0.00568	0.00475	0.00484	0.00053	0.000495	0.00136	0.005215	0.003	0.00503	0.00174	0.00557
OX359245.1	59200000	59400000	0.00287	0.007265	0.00816	0.008005	0.00147	0.00233	0.0023	0.007435	0.00288	0.007915	0.00217	0.007875
OX359245.1	59400000	59600000	0.005005	0.00458	0.00237	0.00323	0.003305	0.000525	0.000705	0.001165	0.000375	0.00265	0.001445	0.00175
OX359245.1	59600000	59800000	0.00136	0.00047	0.00042	0.00148	0.000565	0.000495	0.00045	0.00038	0.000435	0.00049	0.00127	0.00042
OX359245.1	59800000	60000000	0.008315	0.00831	0.006625	0.008325	0.0028	0.006865	0.007585	0.003275	0.010625	0.006735	0.007035	0.00363
OX359245.1	60000000	60200000	0.00328	0.00183	0.002385	0.00304	0.000645	0.00324	0.000625	0.00085	0.001955	0.002975	0.002975	0.003585
OX359245.1	60200000	60400000	0.001	0.000145	0.001305	0.001015	0.000145	0.001195	0.000105	4.5e-05	0.000265	8.5e-05	0.00024	0.00017
OX359245.1	60400000	60600000	0.00347	0.00085	0.000955	0.003505	0.0021	0.002565	0.00251	0.00191	0.003455	0.002285	0.000905	0.00164
OX359245.1	60600000	60800000	0.00045	0.00051	0.004615	0.0006	0.00048	0.001165	0.00033	0.00035	0.00417	0.00044	0.0007	0.000405
OX359245.1	60800000	61000000	0.003555	0.00482	0.00194	0.00298	0.00439	0.004525	0.00266	0.003	0.005255	0.003845	0.00342	0.00359
OX359245.1	61000000	61200000	0.000825	0.00209	0.000945	0.001695	0.000795	0.002805	0.001315	0.00101	0.002585	0.00325	0.000785	0.00063
OX359245.1	61200000	61400000	0.002495	0.00334	0.003305	0.00233	0.00227	0.004335	0.004485	0.00247	0.004525	0.00188	0.002455	0.003055
OX359245.1	61400000	61600000	0.000375	0.002065	0.00202	0.00102	0.001055	0.00039	0.00234	0.001205	0.00283	0.00027	0.000395	0.00201
OX359245.1	61600000	61800000	0.005125	0.00152	0.005905	0.00613	0.004795	0.004085	0.005405	0.00352	0.002365	0.001	0.00387	0.002745
OX359245.1	61800000	62000000	0.00252	0.007885	0.01092	0.00384	0.00991	0.01096	0.00826	0.00374	0.00965	0.001665	0.007565	0.006505
OX359245.1	62000000	62200000	0.00447	0.00389	0.003505	0.00369	0.00228	0.005125	0.00276	0.00342	0.004405	0.004065	0.00309	0.00288
OX359245.1	62200000	62400000	0.001465	0.008705	0.00943	0.00845	0.00472	0.006815	0.00746	0.0059	0.00763	0.003755	0.00899	0.00718
OX359245.1	62400000	62600000	0.001185	0.002715	0.00086	0.00147	0.000565	0.001035	0.001295	0.003205	0.00235	0.00229	0.001165	0.00165
OX359245.1	62600000	62800000	0.000105	9e-05	0.0001	0.0	0.0	0.00011	7.5e-05	0.000155	0.00015	0.0	0.000105	0.000245
OX359245.1	62800000	63000000	1.5e-05	1.5e-05	3.5e-05	2.5e-05	2e-05	2e-05	2e-05	1.5e-05	5e-06	5e-06	5e-06	3.5e-05
OX359245.1	63000000	63200000	3.5e-05	7.5e-05	7.5e-05	0.000155	0.000245	9e-05	7e-05	0.00022	0.00026	0.00016	5.5e-05	0.000345
OX359245.1	63200000	63400000	4.5e-05	2e-05	3.5e-05	5.5e-05	3.5e-05	2.5e-05	4e-05	2.5e-05	6.5e-05	5.5e-05	3.5e-05	4e-05
OX359245.1	63400000	63600000	5e-06	5e-06	0.0	5e-06	0.0	0.0	5e-06	0.0	0.0	0.0	5e-06	0.0
OX359245.1	63600000	63800000	0.000135	0.000125	0.0002	0.00014	3.5e-05	7.5e-05	0.00021	0.000265	0.00017	0.00013	0.000155	0.000255
OX359245.1	63800000	64000000	0.000105	0.000145	0.00018	0.00015	0.0001	5e-05	0.00013	5e-05	0.000135	0.00011	6.5e-05	0.00017
OX359245.1	64000000	64200000	0.001715	0.000125	0.00276	0.002575	0.001375	0.00189	0.002575	0.002235	0.00188	0.001635	0.00092	0.002795
OX359245.1	64200000	64400000	0.002785	0.002205	0.0028	0.00429	0.00144	0.003135	0.003225	0.002495	0.003445	0.003695	0.000345	0.00153
OX359245.1	64400000	64600000	0.0049	0.00571	0.00434	0.00569	0.001245	0.002925	0.0035	0.003175	0.004305	0.00469	0.001295	0.00215
OX359245.1	64600000	64800000	0.002985	0.00196	0.001415	0.001415	0.000935	0.00176	0.001795	0.001745	0.002125	0.002195	0.001365	0.00208
OX359245.1	64800000	65000000	0.00374	0.002665	0.00269	0.0055	0.005405	0.00286	0.008545	0.00846	0.00541	0.002285	0.00163	0.0059
OX359245.1	65000000	65200000	0.00322	0.004395	0.004105	0.004165	0.004475	0.00419	0.00377	0.00452	0.003215	0.00147	0.00109	0.00202
OX359245.1	65200000	65400000	0.00245	0.00519	0.00141	0.005485	0.00475	0.002865	0.00383	0.003865	0.001825	0.002515	0.000565	0.002035
OX359245.1	65400000	65600000	0.00134	0.000655	0.001535	0.00083	0.00052	0.001165	0.0005	0.00142	0.00159	0.00142	0.000715	0.00048
OX359245.1	65600000	65800000	0.000605	0.000625	0.000615	0.00057	0.000625	0.000595	0.000575	0.000555	0.000575	0.000665	0.00059	0.00062
OX359245.1	65800000	66000000	0.00957	0.009005	0.007075	0.00885	0.00727	0.006975	0.00203	0.003575	0.0068	0.006865	0.00067	0.00211
OX359245.1	66000000	66200000	0.002505	0.003645	0.002395	0.00366	0.00415	0.0024	0.003385	0.003675	0.003495	0.00213	0.00149	0.002435
OX359245.1	66200000	66400000	0.00353	0.0031	0.001335	0.002885	0.00233	0.00127	0.000915	0.00291	0.00082	0.000755	0.00055	0.002365
OX359245.1	66400000	66600000	0.00731	0.00167	0.00717	0.0073	0.00742	0.001885	0.00813	0.007465	0.00737	0.008225	0.000475	0.00845
OX359245.1	66600000	66800000	0.004665	0.00147	0.004545	0.00548	0.003045	0.00213	0.005735	0.00323	0.005315	0.004345	0.000135	0.006005
OX359245.1	66800000	67000000	0.005865	0.00598	0.00832	0.008845	0.00346	0.005	0.004275	0.00511	0.009525	0.00877	0.00033	0.009615
OX359245.1	67000000	67200000	0.006775	0.005715	0.00886	0.00632	0.00667	0.00679	0.00701	0.007785	0.006255	0.004075	0.000275	0.00556
OX359245.1	67200000	67400000	0.00232	0.002505	0.00328	0.001895	0.00204	0.00267	0.00248	0.003185	0.002315	0.00318	0.000945	0.002705
OX359245.1	67400000	67600000	0.00363	0.00306	0.006325	0.00249	0.00221	0.00642	0.002695	0.005355	0.00547	0.00535	0.001285	0.00674
OX359245.1	67600000	67800000	0.004875	0.00487	0.00301	0.005	0.00385	0.004855	0.003135	0.00398	0.00687	0.005235	0.00061	0.004295
OX359245.1	67800000	68000000	0.001905	0.003735	0.00352	0.003005	0.003065	0.005185	0.002855	0.004765	0.00483	0.0052	0.000515	0.00287
OX359245.1	68000000	68200000	0.007815	0.003755	0.00724	0.00604	0.007235	0.00714	0.002795	0.00712	0.00613	0.00457	0.00014	0.00592
OX359245.1	68200000	68400000	0.003005	0.003595	0.00318	0.001615	0.001465	0.00369	0.001675	0.001475	0.003555	0.00368	0.0007	0.002865
OX359245.1	68400000	68600000	0.00482	0.004955	0.007525	0.003745	0.005115	0.006555	0.0077	0.00569	0.00516	0.005725	0.00012	0.00401
OX359245.1	68600000	68800000	0.0045	0.00443	0.00434	0.00446	0.004045	0.00446	0.004975	0.002175	0.00509	0.004385	0.00188	0.00451
OX359245.1	68800000	69000000	0.0049	0.00462	0.001945	0.00669	0.004805	0.00412	0.00523	0.00335	0.00475	0.00714	0.000855	0.00606
OX359245.1	69000000	69200000	0.00121	0.000705	0.001545	0.002115	0.00126	0.000975	0.002775	0.001805	0.000745	0.000705	0.00058	0.00132
OX359245.1	69200000	69400000	0.00247	0.001545	0.00305	0.001825	0.002605	0.002645	0.003105	0.003465	0.004765	0.001145	0.00055	0.004785
OX359245.1	69400000	69600000	0.004715	0.00434	0.004535	0.00431	0.00369	0.0055	0.00306	0.00433	0.00413	0.003605	0.002725	0.0046
OX359245.1	69600000	69800000	0.003535	0.003505	0.003595	0.004775	0.00466	0.00558	0.00535	0.003345	0.005295	0.00341	0.004265	0.003215
OX359245.1	69800000	70000000	0.003275	0.002365	0.001585	0.001955	0.00283	0.003725	0.001895	0.00249	0.002765	0.00277	0.00246	0.00154
OX359245.1	70000000	70200000	0.00858	0.00323	0.00278	0.00329	0.004815	0.007005	0.005705	0.00194	0.00663	0.008345	0.005525	0.005985
OX359245.1	70200000	70400000	0.00267	0.005435	0.00445	0.00232	0.00133	0.00552	0.00425	0.004565	0.004105	0.004945	0.0017	0.00228
OX359245.1	70400000	70600000	0.00615	0.00576	0.007805	0.005975	0.002675	0.00429	0.00506	0.008045	0.0068	0.00544	0.004235	0.004705
OX359245.1	70600000	70800000	0.00297	0.00115	0.00311	0.002545	0.00095	0.001025	0.00241	0.001665	0.00271	0.000495	0.0009	0.00036
OX359245.1	70800000	71000000	6.5e-05	7.5e-05	0.000445	0.0001	0.00045	0.00024	0.000155	0.000205	0.00041	6.5e-05	0.00012	0.00012
OX359245.1	71000000	71200000	0.002545	0.00202	0.003335	0.003045	0.002795	0.00263	0.00317	0.001815	0.003515	0.001815	0.00119	0.002135
OX359245.1	71200000	71400000	0.00316	0.00457	0.00506	0.00592	0.003085	0.004235	0.005265	0.00416	0.005715	0.00554	0.00607	0.00368
OX359245.1	71400000	71600000	0.005595	0.005065	0.005995	0.00418	0.003385	0.005245	0.003705	0.003815	0.004525	0.00367	0.00189	0.00723
OX359245.1	71600000	71800000	0.00525	0.0029	0.00059	2.5e-05	0.006645	0.00407	0.003455	0.003855	0.000655	0.005515	0.00116	0.00588
OX359245.1	71800000	72000000	0.002895	0.002745	0.00112	0.0006	0.00419	0.00185	0.001355	0.001895	0.003175	0.00214	0.00409	0.003385
OX359245.1	72000000	72200000	0.00349	0.001155	0.00198	0.00241	0.002185	0.0029	0.00283	0.00463	0.003005	0.003235	0.003415	0.001975
OX359245.1	72200000	72400000	0.001055	0.001585	0.00239	0.002325	0.00171	0.00214	0.002275	0.001725	0.00218	0.002325	0.002145	0.00237
OX359245.1	72400000	72600000	0.002475	0.0017	0.00252	0.002855	0.002725	0.001995	0.002445	0.000795	0.00094	0.0019	0.001015	0.00365
OX359245.1	72600000	72800000	0.005005	0.00227	0.00169	0.008375	0.004185	0.0059	0.00453	0.00118	0.000665	0.005925	0.0032	0.003255
OX359245.1	72800000	73000000	0.002245	0.001425	0.00278	0.001325	0.002905	0.001795	0.00197	0.00235	0.000245	0.00155	0.00069	0.00188
OX359245.1	73000000	73200000	0.00559	0.00271	0.005705	0.00279	0.00536	0.001775	0.00509	0.00545	0.002125	0.006265	0.003565	0.00305
OX359245.1	73200000	73400000	0.004195	0.00125	0.003225	0.004195	0.004375	0.00408	0.00374	0.007135	0.00126	0.001565	0.003735	0.0049
OX359245.1	73400000	73600000	0.005255	0.003835	0.00521	0.0061	0.00496	0.004865	0.006015	0.004115	0.000365	0.0027	0.00363	0.00522
OX359245.1	73600000	73800000	0.00152	0.001775	0.002105	0.00271	0.002195	0.00176	0.002395	0.001505	0.001555	0.001145	0.002145	0.0019
OX359245.1	73800000	74000000	0.00281	0.003325	0.00265	0.00312	0.00209	0.00269	0.003035	0.00173	0.00166	0.00306	0.002285	0.002085
OX359245.1	74000000	74200000	0.003625	0.004875	0.004515	0.00472	0.005375	0.00417	0.004355	0.00476	0.002525	0.00518	0.00691	0.00601
OX359245.1	74200000	74400000	0.005095	0.00096	0.003665	0.004365	0.00252	0.00315	0.00223	0.004175	0.00045	0.004155	0.001635	0.0021
OX359245.1	74400000	74600000	0.000755	0.001495	0.005425	0.00585	0.008515	0.00819	0.00476	0.003235	0.001765	0.001045	0.00055	0.000505
OX359245.1	74600000	74800000	0.002825	0.00684	0.011355	0.00219	0.00615	0.008725	0.0046	0.007355	0.001245	0.00497	0.002645	0.005135
OX359245.1	74800000	75000000	0.00195	0.00211	0.00374	0.00147	0.004705	0.00399	0.00457	0.003045	0.001585	0.005385	0.004935	0.00378
OX359245.1	75000000	75200000	0.001945	0.002785	0.00203	0.001385	0.001985	0.00296	0.002095	0.00231	0.00014	0.002515	0.00056	0.000745
OX359245.1	75200000	75400000	0.004525	0.004485	0.00242	0.00342	0.004105	0.00391	0.00242	0.0034	0.002435	0.001925	0.003745	0.00244
OX359245.1	75400000	75600000	0.002175	0.002735	0.00451	0.003095	0.003	0.00269	0.0048	0.00124	0.001205	0.00424	0.000105	0.001695
OX359245.1	75600000	75800000	0.002325	0.003855	0.003415	0.00426	0.00416	0.00333	0.000885	0.00428	0.000385	0.00412	0.00065	0.00264
OX359245.1	75800000	76000000	0.003775	0.005015	0.00425	0.003905	0.00357	0.003625	0.00298	0.007015	0.000165	0.006195	0.00223	0.0065
OX359245.1	76000000	76200000	0.00187	0.00615	0.000735	0.00045	0.00372	0.001065	0.00076	0.00587	0.00141	0.001105	0.00142	0.00605
OX359245.1	76200000	76400000	0.00284	0.002525	0.002665	0.00033	0.003495	0.00239	0.00468	0.00214	0.00074	0.00187	0.00062	0.002565
OX359245.1	76400000	76600000	0.00179	0.00016	0.00303	0.00059	0.001875	0.00305	0.00189	0.00311	0.000805	0.00023	0.00121	0.002215
OX359245.1	76600000	76800000	0.002295	0.00057	0.003455	0.00032	0.00288	0.002745	0.00144	0.003485	0.00067	0.00464	0.001395	0.00277
OX359245.1	76800000	77000000	0.002115	0.000565	0.003365	0.00089	0.00085	0.00067	0.00179	0.00219	0.00075	0.00219	0.00074	0.00232
OX359245.1	77000000	77200000	0.00159	0.000155	0.00059	0.000215	0.00022	0.001045	0.00411	0.004345	0.000185	0.00026	0.000515	0.00441
OX359245.1	77200000	77400000	0.00396	0.00129	0.00538	0.0014	0.00374	0.003865	0.00436	0.00318	0.000255	0.00442	0.003455	0.004205
OX359245.1	77400000	77600000	0.00129	0.002035	0.002925	0.00213	0.001465	0.00161	0.00156	0.00155	0.000915	0.00215	0.00456	0.001615
OX359245.1	77600000	77800000	0.003505	0.002005	0.00239	0.00592	0.00333	0.006295	0.00368	0.005585	0.00058	0.004865	0.00562	0.001685
OX359245.1	77800000	78000000	0.00243	0.00244	0.001815	0.00165	0.003295	0.00197	0.0015	0.002525	0.00069	0.00171	0.00202	0.00056
OX359245.1	78000000	78200000	0.002575	0.003175	0.00167	0.001925	0.00262	0.00326	0.00349	0.00389	0.000455	0.002945	0.00035	0.002345
OX359245.1	78200000	78400000	0.00074	0.00046	0.000605	0.00031	0.000335	0.002755	0.000465	0.001315	0.000625	0.000385	0.00044	0.000415
OX359245.1	78400000	78600000	0.0004	0.000285	0.00027	0.000405	0.00105	0.001165	0.001115	0.00135	0.000145	0.00098	0.001055	0.00037
OX359245.1	78600000	78800000	0.000245	0.000415	0.001355	0.0009	0.00042	0.000225	0.00103	0.000735	0.00019	0.00093	9e-05	0.000305
OX359245.1	78800000	79000000	0.000955	0.00177	0.002185	0.00192	0.00209	0.001815	0.000895	0.00124	0.001255	0.00185	0.00139	0.001955
OX359245.1	79000000	79200000	0.001415	0.00528	0.005335	0.004145	0.00478	0.006225	0.001815	0.00142	0.001145	0.004315	0.00071	0.00298
OX359245.1	79200000	79400000	0.001495	0.001485	0.001785	0.00189	0.0008	0.005055	0.000815	0.001525	0.000575	0.00128	0.0005	0.00095
OX359245.1	79400000	79600000	0.001915	0.001435	0.002395	0.002085	0.00252	0.00358	0.002855	0.002095	0.00057	0.002045	0.000505	0.00301
OX359245.1	79600000	79800000	1e-05	5e-06	1e-05	1e-05	1e-05	5e-06	2e-05	5e-06	5e-06	0.0	2.5e-05	1e-05
OX359245.1	79800000	80000000												
OX359245.1	80000000	80200000	0.000105	5.5e-05	5.5e-05	3.5e-05	0.00011	5.5e-05	3.5e-05	2.5e-05	9e-05	4.5e-05	2.5e-05	4.5e-05
OX359245.1	80200000	80400000	0.00094	0.00066	0.00104	0.000925	0.00019	0.000935	0.001045	0.00085	0.00058	0.000835	0.000155	0.00109
OX359245.1	80400000	80600000	0.000835	0.000795	0.000525	0.00037	0.00086	0.00083	0.000635	0.00072	0.00058	0.000165	0.000545	0.00085
OX359245.1	80600000	80800000	0.000105	0.000155	0.000125	0.000125	0.000155	0.00012	0.00018	0.00011	0.000175	9e-05	0.000125	0.000185
OX359245.1	80800000	81000000	0.001255	0.001165	0.000985	0.00084	0.001795	0.00082	0.00069	0.00126	0.000115	0.00013	0.00096	0.001075
OX359245.1	81000000	81200000	0.00232	0.001	0.001235	0.00178	0.00218	0.000945	0.00181	0.000865	0.00096	0.000565	0.00121	0.00154
OX359245.1	81200000	81400000	0.00402	0.0065	0.00745	0.00536	0.00361	0.003045	0.00581	0.00514	0.001395	0.00121	0.0041	0.00271
OX359245.1	81400000	81600000	0.002675	0.003905	0.00453	0.00428	0.00276	0.004115	0.002145	0.002485	0.00105	0.000185	0.00145	0.001065
OX359245.1	81600000	81800000	0.00128	0.002125	0.001765	0.0019	0.001095	0.001715	0.000705	0.000555	0.00052	0.000115	0.00023	0.00066
OX359245.1	81800000	82000000	0.001025	0.000825	0.00105	0.001075	0.00041	0.001155	0.001065	0.000825	0.00097	0.001	0.000665	0.00085
OX359246.1	0	200000	0.000365	0.001235	0.00141	0.001295	0.000365	0.001385	0.00138	0.00025	0.000245	0.001445	0.000255	0.000245
OX359246.1	200000	400000	9e-05	0.00036	0.000435	0.000115	0.000115	0.00012	0.000285	0.000155	8.5e-05	0.000165	7e-05	0.00034
OX359246.1	400000	600000	1e-05	5e-06	0.0	5e-06	0.0	1e-05	1e-05	1e-05	0.0	0.0	2e-05	5e-06
OX359246.1	600000	800000	0.001155	0.001145	0.00204	0.001075	0.00118	0.00076	0.002885	0.00154	0.000645	0.000685	0.00025	0.000675
OX359246.1	800000	1000000	0.002115	0.002285	0.00165	0.002215	0.00226	0.00215	0.00269	0.00259	0.001705	0.00185	0.00092	0.001435
OX359246.1	1000000	1200000	0.0	1e-05	0.0	0.0	0.0	0.0	0.0	0.0	0.0	0.0	0.0	0.0
OX359246.1	1200000	1400000	0.004075	0.00074	0.000675	0.00063	0.00065	0.000685	0.000635	0.00395	0.000785	0.000775	0.004055	0.00072
OX359246.1	1400000	1600000	0.00446	0.00158	0.001075	0.00148	0.00144	0.001505	0.00112	0.00451	0.00375	0.000915	0.00151	0.00185
OX359246.1	1600000	1800000	0.002455	0.00332	0.002395	0.002345	0.004155	0.003525	0.00364	0.004485	0.003285	0.00285	0.00249	0.001935
OX359246.1	1800000	2000000	0.0017	0.00203	0.001165	0.00087	0.001065	0.00159	0.00192	0.00278	0.00101	0.001065	0.00299	0.00098
OX359246.1	2000000	2200000	0.000925	0.001875	0.00122	0.000895	0.00252	0.00221	0.002255	0.00199	0.001695	0.001755	0.001465	0.001805
OX359246.1	2200000	2400000	0.001235	0.001965	0.00038	0.00095	0.00078	0.00129	0.001365	0.00074	0.00163	0.00169	0.001175	0.00121
OX359246.1	2400000	2600000	0.000715	0.00131	0.002215	0.00303	0.003045	0.000385	0.000725	0.00129	0.00069	0.00308	0.00319	0.00344
OX359246.1	2600000	2800000	0.00141	0.00138	0.003345	0.00427	0.00408	0.003245	0.00418	0.0042	0.00331	0.004075	0.004535	0.00247
OX359246.1	2800000	3000000	4e-05	4e-05	0.007065	0.01549	0.01151	0.015575	0.01317	0.014945	0.01202	0.01211	0.014995	0.009155
OX359246.1	3000000	3200000	0.000455	0.005785	0.001585	0.003815	0.00104	0.004535	0.001545	0.00385	0.00663	0.002635	0.001915	0.007865
OX359246.1	3200000	3400000	0.002535	0.00179	0.00257	0.00326	0.001215	0.001275	0.003905	0.00083	0.002955	0.003705	0.004075	0.003315
OX359246.1	3400000	3600000	0.00364	0.00401	0.00169	0.00316	0.003615	0.00388	0.00329	0.00468	0.00283	0.00301	0.00257	0.003815
OX359246.1	3600000	3800000	0.0009	0.001825	0.00101	0.00115	0.00056	0.00085	0.00065	0.001235	0.001545	0.00092	0.00042	0.001825
OX359246.1	3800000	4000000	0.001205	0.00125	0.000715	0.0008	0.00149	0.001055	0.00139	0.000595	0.000675	0.0031	0.00106	0.000885
OX359246.1	4000000	4200000	0.00046	0.00016	0.00114	3.5e-05	7.5e-05	0.000615	0.001045	0.000105	0.00064	0.000445	0.00041	0.0008
OX359246.1	4200000	4400000	0.00094	0.000685	0.00091	0.0008	0.00078	0.0004	0.00037	0.001415	0.000535	0.00137	0.000175	0.00028
OX359246.1	4400000	4600000	0.00133	0.001305	0.00302	0.00163	0.001495	0.001875	0.002375	0.004985	0.001535	0.003875	0.00058	0.00222
OX359246.1	4600000	4800000	0.00233	0.00198	0.00153	0.001985	0.00096	0.00155	0.00183	0.00132	0.00182	0.00038	0.00041	0.001995
OX359246.1	4800000	5000000	0.00473	0.00266	0.004275	0.005185	0.00228	0.007	0.00475	0.004035	0.00433	0.002775	1e-05	0.00482
OX359246.1	5000000	5200000	0.00108	0.00221	0.00205	0.00217	0.002035	0.007495	0.00307	0.002385	0.00243	0.002405	0.001755	0.001775
OX359246.1	5200000	5400000	0.00172	0.004135	0.0045	0.00174	0.003905	0.005635	0.002275	0.00324	0.001185	0.003105	0.00222	0.00191
OX359246.1	5400000	5600000	0.00476	0.002	0.00223	0.002025	0.00389	0.00196	0.000415	0.00042	0.00127	0.004235	0.00082	0.00172
OX359246.1	5600000	5800000	0.00079	0.00123	0.00181	0.00223	0.001185	0.002065	0.0012	0.00069	0.000395	0.00235	0.000295	0.00246
OX359246.1	5800000	6000000	0.001925	0.00173	0.003785	0.002975	0.001665	0.006315	0.003325	0.002725	0.00391	0.0019	0.003065	0.00372
OX359246.1	6000000	6200000	0.008955	0.00805	0.006655	0.00092	0.00103	0.00419	0.00133	0.005335	0.000945	3.5e-05	0.00021	0.006795
OX359246.1	6200000	6400000	0.00671	0.005585	0.00665	0.00163	0.00156	0.005305	0.004485	0.003875	0.00276	0.00422	0.00292	0.006265
OX359246.1	6400000	6600000	0.004045	0.003535	0.003935	0.00683	0.00376	0.007775	0.00403	0.003555	0.00521	0.00575	0.00564	0.00429
OX359246.1	6600000	6800000	0.003315	0.010435	0.00594	0.004	0.007195	0.01127	0.00376	0.00482	0.005955	0.00492	0.00798	0.00343
OX359246.1	6800000	7000000	0.00277	0.00348	0.00657	0.00604	0.001475	0.009385	0.003165	0.00342	0.00348	0.001845	0.003005	0.002175
OX359246.1	7000000	7200000	0.001785	0.001735	0.000355	0.000585	0.001925	0.004405	0.00062	0.00029	0.001825	0.00036	0.00042	0.00033
OX359246.1	7200000	7400000	0.00065	0.001115	0.00039	0.00081	0.00092	0.001325	0.000715	0.000405	0.000255	0.000325	0.00072	0.00083
OX359246.1	7400000	7600000	9.5e-05	0.00023	0.000125	0.0067	0.00589	0.00715	0.00032	0.000245	9.5e-05	8.5e-05	0.005655	0.00603
OX359246.1	7600000	7800000	0.000175	0.000375	0.00039	0.003025	0.002525	0.0027	0.00057	0.0002	0.00037	0.00016	0.002105	0.00302
OX359246.1	7800000	8000000	0.001075	0.000815	0.000855	0.00273	0.003215	0.00304	0.001085	0.000705	0.00088	0.001145	0.00285	0.003085
OX359246.1	8000000	8200000	0.001165	0.00114	0.00108	0.00507	0.005025	0.00532	0.001105	0.00296	0.00105	0.00114	0.006195	0.00564
OX359246.1	8200000	8400000	8e-05	8.5e-05	0.00116	0.00298	0.004575	0.003415	0.00089	0.000385	0.00034	5e-05	0.003695	0.004615
OX359246.1	8400000	8600000	0.00218	0.004755	0.00338	0.00356	0.009825	0.006525	0.00788	0.00345	0.006605	0.006475	0.00709	0.009945
OX359246.1	8600000	8800000	0.004585	0.005895	0.008385	0.004175	0.00295	0.005725	0.00706	0.00338	0.004645	0.007155	0.00742	0.004135
OX359246.1	8800000	9000000	0.001085	3e-05	0.001055	0.00043	0.000575	6e-05	0.001175	4e-05	0.00046	3e-05	0.001005	0.001335
OX359246.1	9000000	9200000	0.004905	0.00049	0.00153	0.002575	0.00408	0.006955	0.001035	0.003005	0.004025	0.000525	0.005295	0.00068
OX359246.1	9200000	9400000	0.000455	0.000505	0.00077	0.000245	0.000335	0.005365	0.00057	0.000515	0.00049	0.00012	0.003975	0.00099
OX359246.1	9400000	9600000	0.00068	0.000765	0.002155	0.002325	0.001635	0.0049	0.00112	0.00166	0.00089	0.001125	0.004335	0.000795
OX359246.1	9600000	9800000	0.0031	0.00383	0.00458	0.003885	0.002775	0.00649	0.00293	0.002535	0.0042	0.006125	0.006855	0.00279
OX359246.1	9800000	10000000	0.002325	0.002165	0.002905	0.00294	0.002985	0.01016	0.003055	0.003935	0.00272	0.00206	0.00727	0.00382
OX359246.1	10000000	10200000	0.00048	0.000425	0.000495	0.00044	0.00047	0.00707	0.00058	0.000445	0.000575	0.00061	0.00309	0.000595
OX359246.1	10200000	10400000	0.000645	0.000625	0.00069	0.00091	0.00066	0.00712	0.00073	0.000195	0.000625	0.000165	0.001655	0.00064
OX359246.1	10400000	10600000	0.001475	0.001245	0.001775	0.003255	0.00268	0.00651	0.00154	0.00095	0.00197	0.001055	0.00528	0.00063
OX359246.1	10600000	10800000	0.000665	0.00038	0.00091	0.000975	0.00022	0.006535	0.000305	0.000275	0.000405	0.000185	0.006805	0.000245
OX359246.1	10800000	11000000	0.00137	0.002665	0.00208	0.00138	7.5e-05	0.00711	0.000205	0.000205	0.000125	0.000185	0.00775	0.00014
OX359246.1	11000000	11200000	0.0014	0.00152	0.000875	0.00178	0.001555	0.00567	0.00171	0.00118	0.002395	0.001455	0.00591	0.001315
OX359246.1	11200000	11400000	0.000325	0.00033	0.00035	0.00031	0.000335	0.002635	0.00045	0.00035	0.000315	0.000335	0.00429	0.00036
OX359246.1	11400000	11600000	0.00021	0.001995	0.000155	0.000165	0.000245	0.004375	0.00191	6.5e-05	0.000215	0.000195	0.004955	0.000195
OX359246.1	11600000	11800000	6.5e-05	0.00036	0.00098	0.000265	0.000715	0.006245	0.00143	0.00084	0.000275	0.00076	0.00515	0.00161
OX359246.1	11800000	12000000	0.00335	0.00556	0.002605	0.003585	0.00489	0.009355	0.006885	0.00445	0.002915	0.002705	0.00873	0.006115
OX359246.1	12000000	12200000	0.00294	0.00103	0.00204	0.00136	0.0017	0.007055	0.00293	0.002455	0.00135	0.00087	0.0068	0.001485
OX359246.1	12200000	12400000	0.00181	0.00193	0.002625	0.00286	0.001125	0.00865	0.00201	0.001235	0.00137	0.00267	0.0077	0.00245
OX359246.1	12400000	12600000	0.00066	0.000755	0.00209	0.00045	0.00079	0.004055	0.00065	0.00047	0.000525	0.00055	0.006495	0.00045
OX359246.1	12600000	12800000	0.001035	0.000825	0.001325	0.001265	0.002405	0.00429	0.001545	0.002095	0.00151	0.0002	0.005975	0.00159
OX359246.1	12800000	13000000	0.00252	0.002505	0.00304	0.002545	0.000785	0.00253	0.002115	0.00248	0.00243	0.00188	0.0032	0.002415
OX359246.1	13000000	13200000	0.001395	0.000915	0.00237	0.00124	0.00218	0.001845	0.003225	0.00237	0.002225	0.003735	0.002275	0.00221
OX359246.1	13200000	13400000	0.00206	0.00381	0.004325	0.003285	0.003855	0.007405	0.00527	0.00245	0.005185	0.003205	0.006465	0.005015
OX359246.1	13400000	13600000	0.002125	0.005005	0.00223	0.001815	0.00446	0.00684	0.004555	0.00494	0.001175	0.001235	0.005345	0.002155
OX359246.1	13600000	13800000	0.001685	0.00626	0.007115	0.001815	0.006095	0.00728	0.00645	0.00764	0.006505	0.006445	0.0095	0.005005
OX359246.1	13800000	14000000	0.00105	0.007575	0.00577	0.003825	0.00706	0.006555	0.005325	0.00638	0.00597	0.008505	0.010495	0.003985
OX359246.1	14000000	14200000	0.0008	0.00065	0.003165	0.00435	0.001165	0.00401	0.00041	0.0026	0.003875	0.003185	0.00642	0.00049
OX359246.1	14200000	14400000	0.00426	0.00073	0.000725	0.00095	0.001	0.004405	0.00084	0.00093	0.0009	0.000935	0.00462	0.00061
OX359246.1	14400000	14600000	0.006735	0.00544	0.00223	0.006165	0.001795	0.00867	0.00348	0.00135	0.00595	0.004855	0.005265	0.006425
OX359246.1	14600000	14800000	0.003595	0.00118	0.00169	0.002235	0.002745	0.00613	0.002515	0.0009	0.002955	0.00369	0.00802	0.00212
OX359246.1	14800000	15000000	0.001485	0.001625	0.00121	0.00081	0.001525	0.00384	0.002265	0.001615	0.00161	0.001605	0.006	0.00146
OX359246.1	15000000	15200000	0.001035	0.001	0.000945	0.001055	0.000435	0.00054	0.00053	0.000415	0.00044	0.00082	0.003575	0.000595
OX359246.1	15200000	15400000	0.00022	0.003195	0.00181	0.00193	0.000235	0.007795	0.005785	0.00049	0.00193	0.00575	0.007265	0.00191
OX359246.1	15400000	15600000	0.00236	0.00286	0.00322	0.00284	0.003475	0.0074	0.0027	0.002685	0.004295	0.002815	0.00575	0.003575
OX359246.1	15600000	15800000	0.000635	0.00055	0.00054	0.000505	0.000695	0.002965	0.000575	0.00051	0.0006	0.00053	0.00075	0.000745
OX359246.1	15800000	16000000	0.000365	0.00044	0.00028	0.000145	0.000335	0.002855	0.001645	0.00036	0.00022	0.000155	0.006845	0.000385
OX359246.1	16000000	16200000	0.001265	0.001575	0.000925	0.00403	0.00135	0.00801	0.005065	0.001235	0.00116	0.000995	0.006875	0.001495
OX359246.1	16200000	16400000	0.00282	0.00018	0.00296	0.000465	0.00294	0.007695	0.000455	0.00014	6.5e-05	0.00059	0.00632	2.5e-05
OX359246.1	16400000	16600000	0.004325	0.000435	0.006775	0.005825	0.001855	0.008065	0.004055	0.0028	0.006175	0.00874	0.00745	0.007295
OX359246.1	16600000	16800000	0.012755	0.00538	0.017955	0.010745	0.009745	0.00187	0.005415	0.01393	0.00414	0.00995	0.01036	0.00571
OX359246.1	16800000	17000000	0.003105	0.005615	0.00589	0.0052	0.00131	0.005135	0.001205	0.00563	0.00589	0.00484	0.005165	0.00655
OX359246.1	17000000	17200000	0.002265	0.003155	0.00636	0.00553	0.00108	0.00635	0.001265	0.003545	0.00778	0.000265	0.00426	0.005545
OX359246.1	17200000	17400000	0.00184	0.006805	0.003355	0.003555	0.00247	0.00944	0.001775	0.000645	0.00319	0.000595	0.008045	0.00086
OX359246.1	17400000	17600000	0.00221	0.00237	0.002305	0.00189	0.003445	0.008865	0.00269	0.002055	0.0019	0.00277	0.00838	0.002865
OX359246.1	17600000	17800000	0.000625	0.000525	0.000915	0.0013	0.0025	0.002805	0.00108	0.001055	0.00093	0.000675	0.00253	0.001025
OX359246.1	17800000	18000000	0.00093	0.00088	0.00277	0.00251	0.00019	0.00218	0.002755	0.00095	0.00189	0.001985	0.001845	0.00023
OX359246.1	18000000	18200000	0.001585	0.00085	0.00149	0.00164	0.001085	0.004285	0.000585	0.000955	0.001855	0.00104	0.002275	0.00155
OX359246.1	18200000	18400000	0.00032	0.001555	0.00061	0.001475	0.00031	0.005865	0.00042	0.00324	0.001405	0.001005	0.00707	0.000655
OX359246.1	18400000	18600000	0.00087	0.000785	0.001025	0.000845	0.00089	0.00172	0.00053	0.000695	0.00035	0.000305	0.00234	0.00064
OX359246.1	18600000	18800000	0.001905	0.001355	0.001485	0.001075	0.001945	0.00155	0.001405	0.000875	0.00152	0.001585	0.001815	0.00095
OX359246.1	18800000	19000000	0.002555	0.00327	0.00272	0.00285	0.00274	0.00273	0.003245	0.004075	0.002735	0.00239	0.00267	0.00349
OX359246.1	19000000	19200000	0.001895	0.00071	0.001895	0.0015	0.00171	0.00244	0.0014	0.00352	0.00126	0.00067	0.002435	0.00089
OX359246.1	19200000	19400000	0.00698	0.000655	0.005345	0.002875	0.00757	0.003195	0.007125	0.002105	0.00624	0.002805	0.00794	0.00054
OX359246.1	19400000	19600000	0.00401	0.00305	0.00243	0.00293	0.00078	0.00496	0.002145	0.002285	0.00284	0.002925	0.007105	0.002355
OX359246.1	19600000	19800000	0.002345	0.00126	0.002565	0.00243	0.00083	0.00307	0.002215	0.00186	0.001795	0.001235	0.00408	0.002125
OX359246.1	19800000	20000000	0.000225	5e-05	0.01156	0.010735	0.001105	0.009375	0.00038	0.01069	0.011375	0.01158	0.012935	2.5e-05
OX359246.1	20000000	20200000	0.00216	0.00063	0.00191	0.00203	0.00258	0.00785	0.001795	0.00081	0.00316	0.00066	0.00979	0.002205
OX359246.1	20200000	20400000	0.003485	0.004255	0.00229	0.002875	0.00223	0.008455	0.00289	0.003015	0.004155	0.00244	0.011955	0.00159
OX359246.1	20400000	20600000	0.003165	0.000475	0.00109	0.000425	0.00515	0.00771	0.00091	0.000335	0.00505	0.00471	0.010335	0.00059
OX359246.1	20600000	20800000	0.005015	0.0004	0.00191	0.00041	0.001295	0.00547	0.001025	0.000505	0.00196	2e-05	0.00554	0.00119
OX359246.1	20800000	21000000	0.00196	0.00072	0.000465	0.001075	0.00057	0.00489	0.000775	0.001035	0.000475	0.000435	0.005465	0.000585
OX359246.1	21000000	21200000	0.001595	0.00159	0.00142	0.00252	0.002505	0.00487	0.00243	0.001915	0.004215	0.001725	0.008885	0.00189
OX359246.1	21200000	21400000	0.004675	0.003725	0.003405	0.00381	0.002445	0.00499	0.00425	0.004235	0.001215	0.00415	0.007435	0.001255
OX359246.1	21400000	21600000	0.002915	0.003775	0.00566	0.004215	0.00184	0.008455	0.00445	0.00491	0.00581	0.001515	0.01108	0.002295
OX359246.1	21600000	21800000	0.00097	0.000205	0.000245	0.000175	0.000105	0.005745	0.000775	0.000485	0.000225	0.000275	0.005375	0.000105
OX359246.1	21800000	22000000	0.00079	0.000105	0.00011	7.5e-05	0.00013	0.00552	0.000805	0.0001	0.000135	0.00012	0.00692	0.000135
OX359246.1	22000000	22200000	0.001985	0.001465	0.00194	0.00198	0.002705	0.009025	0.001285	0.0016	0.00294	0.002495	0.0117	0.002455
OX359246.1	22200000	22400000	0.002825	0.00318	0.002555	0.00282	0.00325	0.008335	0.00275	0.003115	0.00394	0.00403	0.009005	0.00373
OX359246.1	22400000	22600000	0.00199	0.004335	0.003195	0.003995	0.00352	0.00321	0.00517	0.00159	0.00447	0.00368	0.005635	0.003425
OX359246.1	22600000	22800000	0.000735	0.00546	0.000175	0.000155	0.00552	0.00069	0.005265	0.000155	0.001655	0.00034	0.00441	2e-05
OX359246.1	22800000	23000000	0.00077	0.00089	0.003945	0.00044	0.00371	0.00031	0.00079	0.00082	0.00409	0.0004	0.003825	0.00034
OX359246.1	23000000	23200000	0.003785	0.00205	0.002295	0.00323	0.003065	0.00375	0.003625	0.00377	0.003165	0.002075	0.00892	0.001655
OX359246.1	23200000	23400000	0.00141	0.0017	0.003715	0.001695	0.001365	0.00563	0.001665	0.001225	0.00116	0.001615	0.007975	0.001855
OX359246.1	23400000	23600000	0.00117	0.00167	0.001305	0.0004	0.000345	0.00429	0.00123	0.0009	0.002855	0.00223	0.001985	0.00128
OX359246.1	23600000	23800000	0.000335	0.004615	0.000295	0.00366	0.00266	0.00482	0.000185	0.00097	0.00125	0.00271	0.002485	0.00292
OX359246.1	23800000	24000000	0.00032	0.001665	0.00023	0.002145	0.00017	0.00416	0.000245	0.001685	0.00159	5.5e-05	0.00421	0.001405
OX359246.1	24000000	24200000	0.00125	0.00156	0.000795	0.00052	0.001795	0.00398	0.0005	0.000465	0.00074	0.0019	0.003965	6e-05
OX359246.1	24200000	24400000	0.002115	0.002	0.002575	0.000295	0.001475	0.005005	0.000865	0.001135	0.00029	0.001725	0.00656	0.000925
OX359246.1	24400000	24600000	0.00185	0.001435	0.00163	0.001575	0.001915	0.00807	0.00266	0.002075	0.00097	0.00132	0.00335	0.001495
OX359246.1	24600000	24800000	0.000925	0.00232	0.001725	0.001535	0.00123	0.00801	0.00129	0.00077	0.0039	0.00117	0.00702	0.001355
OX359246.1	24800000	25000000	0.00191	0.00137	0.001525	0.004715	0.00571	0.00641	0.00571	0.000535	0.004095	0.000155	0.005905	0.00462
OX359246.1	25000000	25200000	0.00073	0.00173	0.00104	0.001495	0.00214	0.004095	0.00159	0.00141	0.001305	0.000615	0.004205	0.000805
OX359246.1	25200000	25400000	0.006335	0.007175	0.00525	0.006525	0.00663	0.00989	0.005065	0.00684	0.006885	0.008035	0.008715	0.0066
OX359246.1	25400000	25600000	0.00226	0.003745	0.005605	0.00323	0.00147	0.007745	0.003895	0.00415	0.003405	0.00287	0.00629	0.00338
OX359246.1	25600000	25800000	0.004075	0.0038	0.00493	0.002195	0.003305	0.006265	0.002485	0.00198	0.00357	0.00287	0.006785	0.003875
OX359246.1	25800000	26000000	0.00138	0.001505	0.00209	0.00285	0.002365	0.003445	0.001645	0.00231	0.00267	0.00237	0.002415	0.001095
OX359246.1	26000000	26200000	0.000645	0.00359	0.000585	0.000295	0.00063	0.004515	0.000825	0.0002	0.00066	0.00129	0.005575	0.00078
OX359246.1	26200000	26400000	0.0018	0.00076	0.00236	0.00133	0.00254	0.00682	0.00085	0.00057	0.00262	0.001475	0.006155	0.00081
OX359246.1	26400000	26600000	0.00647	0.003145	0.00182	0.008245	0.004	0.00903	0.00097	0.006585	0.003995	0.00737	0.00964	0.00487
OX359246.1	26600000	26800000	0.00312	0.00242	0.003425	0.002905	0.00168	0.00774	0.001695	0.00395	0.00153	0.00417	0.009785	0.00369
OX359246.1	26800000	27000000	0.00173	0.001385	0.002805	0.00291	0.00132	0.007445	0.001095	0.001605	0.000265	0.002675	0.005935	0.00347
OX359246.1	27000000	27200000	0.000975	0.000485	0.000445	0.00074	0.000915	0.00655	0.00081	0.001165	0.000795	0.000745	0.005085	0.000855
OX359246.1	27200000	27400000	0.00355	0.00448	0.00462	0.002495	0.00247	0.01209	0.002755	0.004655	0.002405	0.004225	0.00634	0.00224
OX359246.1	27400000	27600000	0.000615	0.002745	0.002625	0.002445	0.002595	0.00697	0.00097	0.002045	0.003135	0.00127	0.00332	0.00081
OX359246.1	27600000	27800000	0.00078	0.000765	0.000485	0.00073	0.00647	0.00704	0.00065	0.006505	0.006785	0.0008	0.001485	0.00687
OX359246.1	27800000	28000000	0.000815	0.00083	0.000825	0.000685	0.004565	0.00443	0.00081	0.004515	0.004595	0.00085	0.00123	0.004625
OX359246.1	28000000	28200000	0.00219	0.00219	0.000575	0.00054	0.00749	0.00782	0.00234	0.0073	0.00652	0.00209	0.003995	0.005995
OX359246.1	28200000	28400000	0.00232	0.00613	0.001655	0.0054	0.00493	0.006005	0.007835	0.002215	0.00672	0.00342	0.005195	0.003675
OX359246.1	28400000	28600000	0.00028	0.001755	0.00113	0.00022	0.00028	0.000275	0.000475	0.001575	0.00091	0.001835	0.00031	0.002405
OX359246.1	28600000	28800000	7.5e-05	0.000845	0.00018	8.5e-05	0.000115	0.001335	0.00022	0.000795	0.000615	0.001495	0.000995	0.001355
OX359246.1	28800000	29000000	1.5e-05	0.000205	3e-05	6.5e-05	2.5e-05	0.00084	5e-05	0.000195	2e-05	0.000845	0.00021	0.000765
OX359246.1	29000000	29200000	5e-05	0.00159	0.00181	0.001305	0.00041	0.000915	0.001345	0.001865	0.000265	0.00162	0.00202	0.00281
OX359246.1	29200000	29400000	0.00058	0.00165	0.001805	0.001535	0.000635	0.00165	0.002165	0.00238	0.000475	0.00239	0.00291	0.0035
OX359246.1	29400000	29600000	0.011455	0.00875	0.003745	0.00646	0.001675	0.002885	0.00833	0.0077	0.00687	0.004685	0.011575	0.010945
OX359246.1	29600000	29800000	0.009535	0.00152	0.004365	0.003925	0.001095	0.00671	0.00735	0.00447	0.007395	0.00089	0.00925	0.00272
OX359246.1	29800000	30000000	0.00334	0.003645	0.002185	0.00294	0.004415	0.003795	0.00363	0.003875	0.003805	0.001835	0.00182	0.002075
OX359246.1	30000000	30200000	0.000715	0.00251	0.000845	0.001115	0.00138	0.00106	0.001605	0.00117	0.0019	0.001255	0.002215	0.001515
OX359246.1	30200000	30400000	0.002285	0.00225	0.00213	0.00235	0.00413	0.000465	0.001005	0.00238	0.001085	0.00107	0.00319	0.00147
OX359246.1	30400000	30600000	0.000495	0.00115	0.00167	0.00074	0.00145	0.000695	0.00092	0.001625	0.000605	0.001065	0.0051	0.001425
OX359246.1	30600000	30800000	0.00064	0.00262	0.000795	0.000755	0.002345	0.0035	0.0007	0.000585	0.002515	0.00064	0.002675	0.00226
OX359246.1	30800000	31000000	0.00122	0.00094	0.0013	0.00105	0.00115	0.001005	0.000705	0.000505	0.00113	0.001275	0.00304	0.00116
OX359246.1	31000000	31200000	0.00057	0.00069	0.00126	0.001315	0.00083	0.00031	0.00128	0.001555	0.00035	0.000295	0.007175	0.00078
OX359246.1	31200000	31400000	0.002735	0.002235	9.5e-05	0.00017	0.002835	0.00512	0.00265	0.00219	0.001285	0.00168	0.007195	0.00116
OX359246.1	31400000	31600000	0.000675	0.00075	0.000665	0.000695	0.0007	0.00071	0.000725	0.00076	0.000775	0.00066	0.00571	0.000725
OX359246.1	31600000	31800000	3e-05	0.0025	6.5e-05	0.00046	9e-05	9.5e-05	0.000645	0.000245	0.00032	0.00013	0.00658	0.00032
OX359246.1	31800000	32000000	0.005925	0.00779	0.00063	0.000375	0.00563	0.001055	0.00097	0.00056	0.001015	0.00039	0.00585	0.00053
OX359246.1	32000000	32200000	0.011265	0.001485	0.004045	0.00263	0.011065	0.001285	0.00359	0.001325	0.00029	0.00589	0.01144	0.001345
OX359246.1	32200000	32400000	0.00193	0.000195	0.00057	0.001275	0.003975	0.0002	0.0056	0.00028	0.000165	0.002175	0.005955	0.00028
OX359246.1	32400000	32600000	0.000845	0.00117	0.000705	0.001745	0.001795	0.00101	0.00184	0.00117	0.00158	0.00403	0.006415	0.001195
OX359246.1	32600000	32800000	0.001695	0.00197	0.000345	0.000485	0.00029	0.00127	0.0029	0.00024	0.000715	0.00145	0.00604	0.000485
OX359246.1	32800000	33000000	0.00281	0.00339	0.001915	0.00242	0.00286	0.0031	0.00254	0.00191	0.00373	0.00214	0.004435	0.001115
OX359246.1	33000000	33200000	0.002465	0.00189	0.002225	0.00183	0.00134	0.00241	0.00223	0.0007	0.001395	0.00185	0.00486	0.002065
OX359246.1	33200000	33400000	0.00156	0.00152	0.001875	0.0017	0.0021	0.00155	0.002175	0.00149	0.00185	0.001685	0.00591	0.00176
OX359246.1	33400000	33600000	0.001185	0.00097	0.00094	0.00058	0.00099	0.001115	0.001675	0.001155	0.00163	0.00128	0.00237	0.001265
OX359246.1	33600000	33800000	0.00621	0.00103	0.004555	0.00531	0.004815	0.009295	0.0061	0.002265	0.001175	0.000335	0.007655	0.00667
OX359246.1	33800000	34000000	0.00057	0.001235	0.001515	0.000965	0.000995	0.00224	0.000885	0.00146	0.00139	0.0008	0.003905	0.001365
OX359246.1	34000000	34200000	0.00088	0.00101	0.004905	0.001105	0.000855	0.001245	0.000435	0.00127	0.001065	0.00044	0.002915	0.00173
OX359246.1	34200000	34400000	0.00357	0.004665	0.003195	0.00829	0.005875	0.00598	0.00202	0.00339	0.00517	0.003535	0.0045	0.004475
OX359246.1	34400000	34600000	0.001245	0.002345	0.002605	0.00233	0.000455	0.00083	0.000785	0.002195	0.00047	0.00263	0.005445	0.001525
OX359246.1	34600000	34800000	0.001745	0.001915	0.00157	0.002275	0.001265	0.00873	0.001825	0.001755	0.00122	0.008555	0.00949	0.00194
OX359246.1	34800000	35000000	0.00271	0.002165	0.0016	0.004045	0.0021	0.00158	0.00266	0.004065	0.002435	0.00223	0.00665	0.004595
OX359246.1	35000000	35200000	0.002485	0.001805	0.0015	0.002615	0.00132	0.00327	0.00262	0.001605	0.000715	0.001055	0.008225	0.00125
OX359246.1	35200000	35400000	0.002	0.00241	0.00108	0.001315	0.002595	0.002135	0.00126	0.00296	0.00296	0.001935	0.00466	0.00372
OX359246.1	35400000	35600000	0.00083	0.00057	0.00073	0.000925	0.001335	0.00106	0.00086	0.00122	0.001265	0.001205	0.001375	0.000825
OX359246.1	35600000	35800000	0.00261	0.00287	0.000745	0.00192	0.001525	0.001395	0.001045	0.00149	0.003375	0.00486	0.003125	0.001955
OX359246.1	35800000	36000000	0.00289	0.001675	0.00148	0.001455	0.00178	0.001505	0.000975	0.001085	0.00166	0.0028	0.00434	0.00153
OX359246.1	36000000	36200000	0.000865	0.00259	0.00081	0.00244	0.002085	0.00071	0.00271	0.000465	0.000835	0.002645	0.005215	0.002195
OX359246.1	36200000	36400000	0.000605	0.000485	0.000495	0.000385	0.00061	0.000325	0.000725	0.00042	0.00062	0.000755	0.001885	0.00054
OX359246.1	36400000	36600000	0.00448	0.00579	0.003905	0.005285	0.00284	0.004425	0.004815	0.005175	0.00359	0.00372	0.00551	0.006045
OX359246.1	36600000	36800000	0.00255	0.003775	0.003225	0.00268	0.003355	0.00233	0.00262	0.001385	0.00258	0.00223	0.005605	0.003365
OX359246.1	36800000	37000000	0.0049	0.004525	0.003465	0.004115	0.005135	0.00652	0.00268	0.003535	0.001695	0.00192	0.007875	0.00218
OX359246.1	37000000	37200000	0.004675	0.00148	0.00325	0.00415	0.004335	0.003395	0.007395	0.002955	0.008065	0.000685	0.006695	0.00341
OX359246.1	37200000	37400000	0.001835	0.000575	0.00123	0.00042	0.000455	0.00124	0.000665	0.00208	0.000675	0.000925	0.001575	0.00072
OX359246.1	37400000	37600000	0.001005	0.000785	0.00331	0.001685	0.002675	0.001245	0.00097	0.000955	0.00107	0.001865	0.00057	0.00112
OX359246.1	37600000	37800000	0.001185	0.001085	0.000725	0.00065	0.00108	0.00046	0.00062	0.000705	0.000665	0.000545	0.005735	0.00059
OX359246.1	37800000	38000000	0.000205	0.00054	0.00105	0.000165	0.0004	0.000885	0.000435	0.000365	0.00096	0.000395	0.00655	0.00037
OX359246.1	38000000	38200000	0.001175	0.001125	0.001895	0.00145	0.003045	0.001705	0.002965	0.002845	0.00145	0.00094	0.004995	0.00075
OX359246.1	38200000	38400000	0.00084	0.00113	0.001735	0.00201	0.00159	0.00221	0.002135	0.000925	0.00107	0.002165	0.00383	0.001755
OX359246.1	38400000	38600000	0.00314	0.00218	0.0018	0.002545	0.00452	0.00283	0.003765	0.005215	0.002875	0.003215	0.00893	0.002385
OX359246.1	38600000	38800000	0.00232	0.00232	0.008275	0.00823	0.002485	0.00218	0.00408	0.00238	0.00227	0.00906	0.009875	0.002425
OX359246.1	38800000	39000000	0.00293	0.00279	0.003995	0.00428	0.00267	0.001225	0.001335	0.003295	0.001085	0.00431	0.007725	0.003045
OX359246.1	39000000	39200000	0.007105	0.006185	0.003175	0.000875	0.003295	0.003545	0.00282	0.006645	0.00628	0.0029	0.00427	0.007165
OX359246.1	39200000	39400000	0.004605	0.004425	0.001325	0.004665	0.002025	0.001625	0.00137	0.004695	0.00483	0.00059	0.003965	0.00109
OX359246.1	39400000	39600000	0.0038	0.00276	0.004365	0.003485	0.00312	0.00267	0.00296	0.003355	0.003385	0.0029	0.00633	0.00367
OX359246.1	39600000	39800000	0.00201	0.00205	0.00243	0.00173	0.001055	0.00111	0.002225	0.00184	0.000715	0.002425	0.005125	0.001155
OX359246.1	39800000	40000000	0.00064	0.001015	0.00044	0.000395	0.000215	0.000435	0.00148	0.00173	0.001135	0.002805	0.00569	0.002365
OX359246.1	40000000	40200000	0.00099	0.000815	0.00021	6e-05	0.000445	0.00089	0.000245	0.003445	0.000955	0.00456	0.007115	0.00126
OX359246.1	40200000	40400000	0.003565	0.00175	0.001765	0.001755	0.00179	0.001765	0.00179	0.00175	0.00275	0.00251	0.00481	0.001785
OX359246.1	40400000	40600000	0.002005	0.000565	0.000735	0.000495	0.00073	0.00072	0.0006	0.00067	0.001755	0.00075	0.004955	0.00058
OX359246.1	40600000	40800000	0.001085	0.003375	0.000915	0.002895	0.00191	0.00105	0.00108	0.00155	0.000835	0.00068	0.005835	0.002275
OX359246.1	40800000	41000000	5e-05	9e-05	5.5e-05	0.00028	5.5e-05	0.000235	0.000255	6e-05	0.000245	0.00023	0.00409	2e-05
OX359246.1	41000000	41200000	5.5e-05	6e-05	5e-05	5.5e-05	7e-05	4e-05	3e-05	5e-05	6.5e-05	3.5e-05	0.00846	6e-05
OX359246.1	41200000	41400000	0.001	0.00156	0.00173	0.00139	0.00108	0.00057	0.00084	0.00116	0.00113	0.00049	0.006475	0.00126
OX359246.1	41400000	41600000	0.001485	0.001505	0.00247	0.00249	0.001295	0.0014	0.0022	0.0017	0.00254	0.00186	0.003775	0.001235
OX359246.1	41600000	41800000	5e-06	0.0	5e-06	0.000165	5e-06	0.00017	5e-06	0.0	0.0	0.00017	0.00016	0.0
OX359246.1	41800000	42000000	0.002015	0.002125	0.00721	0.003575	0.007305	0.00905	0.00381	0.00031	0.00382	0.00561	0.01004	0.000505
OX359246.1	42000000	42200000	0.003665	0.0044	0.00119	0.00115	0.002215	0.0005	0.000655	0.00078	0.00264	0.00206	0.00466	0.0027
OX359246.1	42200000	42400000	0.005055	0.00493	0.003425	0.00409	0.00495	0.000415	0.00259	0.003285	0.00154	0.001295	0.007115	0.00302
OX359246.1	42400000	42600000	0.00262	0.00213	0.000745	0.00127	0.002165	0.002165	0.00263	0.000745	0.00055	0.003235	0.006025	0.00082
OX359246.1	42600000	42800000	0.000235	0.000165	0.00165	0.000135	0.00029	0.000185	0.00029	8e-05	0.00018	0.00022	0.004115	0.000225
OX359246.1	42800000	43000000	0.004605	0.005445	0.004715	3e-05	0.00463	3.5e-05	0.004715	5e-06	0.005155	5e-06	0.000565	0.004805
OX359246.1	43000000	43200000	0.010805	0.01094	0.01088	8e-05	0.01074	0.000125	0.01065	4.5e-05	0.010775	9.5e-05	0.00286	0.01088
OX359246.1	43200000	43400000	0.001195	0.001605	0.001705	1.5e-05	0.001225	5e-06	0.001355	5.5e-05	0.00161	0.0008	2e-05	0.00234
OX359246.1	43400000	43600000	0.00085	0.001175	0.00093	0.000595	0.000705	0.000225	0.00073	0.003375	0.000975	0.002545	0.00039	0.000365
OX359246.1	43600000	43800000	0.002305	0.00105	0.002695	0.00172	0.002	0.00014	0.00108	0.000255	0.00109	0.00036	0.000155	0.000245
OX359246.1	43800000	44000000	0.00037	0.001105	0.00071	0.000805	0.000835	0.000445	0.000605	0.00107	0.000455	0.00062	5.5e-05	0.001425
OX359246.1	44000000	44200000	0.000905	0.00099	0.00196	0.00251	0.002285	0.00102	0.00226	0.001595	0.00105	0.002035	0.00023	0.001595
OX359246.1	44200000	44400000	0.001545	0.001835	0.0041	0.00384	0.00082	0.00069	0.00237	0.001365	0.00158	0.001325	0.00076	0.00152
OX359246.1	44400000	44600000	0.00049	2.5e-05	0.000575	0.000125	0.000555	3e-05	0.0006	6.5e-05	0.00017	0.000275	2e-05	0.000165
OX359246.1	44600000	44800000												
OX359246.1	44800000	45000000	0.00178	0.001215	0.000585	0.000525	0.0016	0.001855	0.000835	0.001805	0.0014	0.00189	0.000375	0.001395
OX359246.1	45000000	45200000	0.00101	0.000495	0.001925	0.002065	0.002885	0.00032	0.00086	0.00059	0.00116	0.00077	8.5e-05	0.00196
OX359246.1	45200000	45400000	0.00155	0.001075	0.00119	0.00149	0.001515	0.00063	0.000675	0.00212	0.002075	0.00073	0.00036	0.000835
OX359246.1	45400000	45600000	0.001995	0.00244	0.002335	0.002615	0.002335	0.002145	0.00207	0.001615	0.002315	0.00158	0.00072	0.00221
OX359246.1	45600000	45800000	0.00204	0.00242	0.00221	0.00227	0.001115	0.002565	0.001735	0.000885	0.001585	0.00307	4e-05	0.002225
OX359246.1	45800000	46000000	0.00137	0.002165	0.00204	0.00035	0.001365	0.000695	0.000735	0.001085	0.002015	0.00055	5e-06	0.002
OX359246.1	46000000	46200000	0.00096	0.001615	0.00084	0.0	0.001495	0.001645	0.000515	0.00037	0.00153	0.00124	1e-05	0.00165
OX359246.1	46200000	46400000	0.00025	0.002475	0.002525	1.5e-05	0.00244	0.002545	0.00197	0.003505	0.00133	0.00326	6.5e-05	0.000155
OX359246.1	46400000	46600000	0.00085	0.001325	0.00036	0.00071	0.000845	0.000465	0.001285	0.00036	0.00395	0.0009	0.00046	0.0008
OX359246.1	46600000	46800000	0.000535	0.000335	0.002025	0.00029	0.00069	0.00039	0.000325	0.00034	0.000275	0.00056	4e-05	0.00061
OX359246.1	46800000	47000000	0.002175	0.0008	0.00642	0.002225	0.003655	0.001155	0.001025	0.00087	0.00552	0.00234	0.00047	0.00281
OX359246.1	47000000	47200000	0.000385	0.000155	0.00336	0.00041	0.00018	0.002095	0.000125	0.003325	0.000205	0.000695	0.00019	0.00026
OX359246.1	47200000	47400000	0.00048	0.00028	0.00022	0.0003	0.00045	0.00068	0.00021	0.000205	0.00038	0.000245	0.00014	0.00025
OX359246.1	47400000	47600000	0.000515	0.00058	0.002565	0.002835	0.000935	0.00245	0.00258	0.00291	0.001025	0.0014	0.000325	0.002755
OX359246.1	47600000	47800000	0.002085	0.00205	0.00282	0.002925	0.003615	0.0027	0.00216	0.00183	0.001975	0.00313	0.00014	0.00285
OX359246.1	47800000	48000000	0.00314	0.001705	0.001335	0.001885	0.000705	0.001995	0.00043	0.00126	0.0002	0.00184	2e-05	0.001715
OX359246.1	48000000	48200000	0.00126	7.5e-05	0.000955	0.000745	0.00037	5.5e-05	0.00022	0.00068	0.000625	0.000145	2e-05	0.000635
OX359246.1	48200000	48400000	9.5e-05	0.000725	0.002145	0.003585	0.001855	0.00145	0.00246	0.00309	0.00167	7.5e-05	0.00053	0.002805
OX359246.1	48400000	48600000	0.000615	0.001225	0.0022	0.00134	0.001305	0.00146	0.0009	0.001275	0.001685	0.00116	0.0004	0.00217
OX359246.1	48600000	48800000	0.000285	0.000985	0.000975	0.00077	0.000155	0.00337	0.00298	0.003335	0.00049	0.000295	0.00102	0.00132
OX359246.1	48800000	49000000	3.5e-05	0.00036	0.000405	0.0003	0.0009	0.0013	0.00083	0.00109	0.000705	0.00053	2e-05	0.000495
OX359246.1	49000000	49200000	0.000495	0.000265	0.00045	0.00028	0.00167	0.000475	0.00031	0.00158	0.001505	0.00162	0.00034	0.00043
OX359246.1	49200000	49400000	0.00077	0.00176	0.001355	0.001715	0.00325	0.00154	0.00151	0.00247	0.00302	0.00333	0.001625	0.001255
OX359246.1	49400000	49600000	6.5e-05	0.0001	9.5e-05	0.00011	0.000955	6.5e-05	0.0001	0.000905	0.00093	0.000965	5e-05	6.5e-05
OX359246.1	49600000	49800000	0.00022	0.00025	0.000205	0.000235	0.001465	0.000195	0.0003	0.001525	0.001325	0.001295	0.000265	0.000325
OX359246.1	49800000	50000000	0.000255	0.000255	0.00024	0.00036	0.000405	0.000265	0.000265	0.000135	0.00026	0.0003	0.000235	0.000345
OX359246.1	50000000	50200000	0.000165	0.000365	0.000135	0.00063	0.00059	0.000285	0.000375	0.000725	0.000555	0.002015	0.000365	0.000745
OX359246.1	50200000	50400000	0.00065	0.00055	0.000685	0.001315	0.00139	0.000415	0.0006	0.00132	0.00062	0.001805	0.00041	0.00121
OX359246.1	50400000	50600000	0.00025	0.00024	0.00015	0.00193	0.002	0.00022	0.000295	0.00197	0.00019	0.001895	0.000225	0.001955
OX359246.1	50600000	50800000	1e-05	1e-05	0.0	1e-05	1.5e-05	1e-05	1e-05	0.0	1e-05	0.0	2e-05	0.0
OX359246.1	50800000	51000000												
OX359246.1	51000000	51200000												
OX359246.1	51200000	51400000	0.0	1e-05	3.5e-05	5e-06	1e-05	1e-05	0.0	3.5e-05	2.5e-05	5e-05	0.0	1e-05
OX359246.1	51400000	51600000	5e-06	0.0	5e-06	0.000395	0.000405	5e-06	5e-06	0.000385	1e-05	0.000405	0.0	0.000385
OX359246.1	51600000	51800000	0.000125	0.000155	0.00017	0.001285	0.001265	4.5e-05	8.5e-05	0.00137	8.5e-05	0.001285	8.5e-05	0.001355
OX359246.1	51800000	52000000	8e-05	0.000495	0.000355	0.00224	0.00237	0.000505	0.000245	0.002475	0.000315	0.002355	0.000455	0.002515
OX359246.1	52000000	52200000	8e-05	8.5e-05	0.00014	0.00264	0.00286	0.00014	0.0001	0.0028	0.00035	0.002795	0.000105	0.002625
OX359246.1	52200000	52400000	0.000375	0.0003	0.00027	0.000805	0.000595	0.00039	0.000235	0.0007	0.00156	0.00181	0.000205	0.00072
OX359246.1	52400000	52600000	0.000845	0.000855	0.00064	0.000755	0.00089	0.000265	0.000585	0.00089	0.00056	0.00086	0.000595	0.00068
OX359246.1	52600000	52800000	0.00044	0.00043	0.00047	0.001405	0.001395	0.000445	0.000475	0.00139	0.00042	0.00263	0.00041	0.00141
OX359246.1	52800000	53000000	0.00023	0.00067	0.00057	0.00124	0.000995	0.000245	0.000315	0.00092	0.00028	0.00062	0.000485	0.000825
OX359246.1	53000000	53200000	2e-05	0.00191	0.001225	0.00087	0.001315	0.00134	0.001235	0.001265	0.000325	0.00082	3.5e-05	0.000795
OX359246.1	53200000	53400000	0.00039	0.001565	0.001395	0.00042	0.000515	0.001475	0.000415	0.00025	0.00086	0.0009	0.000285	0.00076
OX359246.1	53400000	53600000	0.000595	0.001625	0.00163	0.00068	0.000665	0.00244	0.00085	0.000705	0.00215	0.00131	0.000615	0.001825
OX359246.1	53600000	53800000	5e-06	0.002005	0.001795	0.000905	0.00171	0.00169	0.002145	0.00146	0.00183	0.001785	0.000195	0.001315
OX359246.1	53800000	54000000	2e-05	0.0012	0.002405	0.000985	0.003335	0.00349	0.00133	0.002525	0.00288	0.00245	2e-05	0.001785
OX359246.1	54000000	54200000	0.00014	0.001035	0.00275	0.002315	0.003615	0.002205	0.001315	0.000925	0.002205	0.002455	0.000435	0.001835
OX359246.1	54200000	54400000	0.00233	0.002745	0.003045	0.003945	0.00436	0.003265	0.00322	0.00257	0.00348	0.0041	0.002225	0.0029
OX359246.1	54400000	54600000	0.001135	0.00082	0.001275	0.00113	0.001325	0.001605	0.00154	0.001255	0.00117	0.00122	0.00121	0.00149
OX359246.1	54600000	54800000	3.5e-05	0.00165	0.00115	0.00139	0.001465	0.00124	0.00155	0.001105	0.001765	0.00064	4e-05	0.00139
OX359246.1	54800000	55000000	0.002155	6.5e-05	0.00215	0.00187	0.00045	0.000145	0.00059	0.000365	0.00152	0.000355	2e-05	0.000175
OX359246.1	55000000	55200000	0.002735	0.002535	0.002485	0.00242	0.00109	0.003305	0.000905	0.001475	0.002065	0.001745	0.000625	0.002325
OX359246.1	55200000	55400000	0.00294	0.003305	0.001865	0.001945	0.00342	0.001825	0.000735	0.002255	0.001025	0.001825	0.000385	0.002905
OX359246.1	55400000	55600000	0.00235	0.003905	0.002045	0.001885	0.003455	0.00345	0.00326	0.00337	0.00131	0.002465	0.00015	0.003465
OX359246.1	55600000	55800000	0.00016	0.001015	0.00018	0.00015	0.000135	0.000745	0.000325	0.00022	0.000285	9.5e-05	3e-05	0.000795
OX359246.1	55800000	56000000	0.000345	0.00051	0.00023	0.00039	0.00032	0.000245	0.00039	0.000285	0.000265	0.000325	0.00029	0.00032
OX359246.1	56000000	56200000	0.000625	0.001885	0.00217	0.000955	0.001805	0.00271	0.000265	0.002285	0.00033	4e-05	0.00161	0.0004
OX359246.1	56200000	56400000	0.001385	0.001455	0.001475	0.000655	0.000675	0.003585	0.0019	0.000745	0.00173	0.000845	0.00511	0.00092
OX359246.1	56400000	56600000	0.000355	0.000445	0.001445	0.00037	0.000515	0.000805	0.00154	0.000375	0.002145	0.000205	0.002825	0.00032
OX359246.1	56600000	56800000	0.001575	0.00064	0.00044	0.00305	0.001555	0.000665	0.001465	0.000705	0.001725	0.000675	0.00067	0.00053
OX359246.1	56800000	57000000	0.00298	0.00047	0.00295	0.000655	0.000405	0.000475	0.000455	0.000205	0.000475	0.000455	0.00036	0.00047
OX359246.1	57000000	57200000	0.00495	0.00036	0.00495	0.00047	0.00045	0.00048	0.0005	0.000565	0.00048	0.001	0.000175	0.00044
OX359246.1	57200000	57400000	0.000535	0.000135	0.000515	0.0001	0.000715	8.5e-05	0.000725	0.000905	0.00062	0.000885	0.000345	0.00034
OX359246.1	57400000	57600000	0.003195	0.00358	0.001235	0.004065	0.001645	0.001585	0.00066	0.00078	0.000935	0.00236	0.002105	0.00409
OX359246.1	57600000	57800000	0.00098	0.001465	0.002125	0.001725	0.001205	0.00125	0.000955	0.00126	0.0018	0.001215	0.001405	0.001525
OX359246.1	57800000	58000000	0.002165	0.0014	0.00201	0.002565	0.00248	0.002465	0.00183	0.001805	0.00223	0.002525	0.00101	0.001095
OX359246.1	58000000	58200000	0.002835	0.002695	0.003325	0.00304	0.001015	0.00229	0.00103	0.00096	0.0008	0.003125	0.000205	0.002815
OX359246.1	58200000	58400000	0.000665	0.000465	0.00264	0.003125	0.00634	0.00679	0.006025	0.003455	0.00647	0.002175	0.005995	0.00295
OX359246.1	58400000	58600000	0.000395	0.00027	0.000405	0.002165	0.00161	0.00168	0.001675	0.002075	0.00164	0.000305	0.00154	0.002145
OX359246.1	58600000	58800000	0.002845	0.00626	0.005895	0.004195	0.00575	0.005115	0.006735	0.00557	0.005145	0.0057	0.00359	0.005915
OX359246.1	58800000	59000000	0.00283	0.001605	0.004485	0.007045	0.001225	0.001825	0.00438	0.00309	0.005115	0.002925	0.002185	0.00554
OX359246.1	59000000	59200000	0.000555	0.001585	0.001535	0.001665	0.000595	0.000915	0.002485	0.001335	0.00149	0.00091	0.001555	0.00137
OX359246.1	59200000	59400000	0.002475	0.00196	0.002455	0.002965	0.001945	0.00188	0.00231	0.002045	0.00336	0.00263	0.001585	0.00253
OX359246.1	59400000	59600000	0.001105	0.001075	0.001055	0.00122	0.0027	0.00072	0.001085	0.000955	0.00075	0.00342	0.000135	0.003275
OX359246.1	59600000	59800000	0.00298	0.002775	0.000675	0.00253	0.002885	0.001685	0.00189	0.001355	0.00305	0.003505	0.000695	0.00213
OX359246.1	59800000	60000000	0.0043	0.002465	0.00198	0.00166	0.004525	0.00483	0.00265	0.00272	0.00307	0.00155	0.00125	0.0044
OX359246.1	60000000	60200000	0.004285	0.001675	0.00292	0.000805	0.004195	0.004265	0.000555	0.00084	0.00086	0.000825	0.0	0.004255
OX359246.1	60200000	60400000	0.004315	0.004275	0.00423	0.000145	0.004655	0.004385	0.00099	0.00058	0.00429	0.00284	0.00096	0.004275
OX359246.1	60400000	60600000	0.00827	0.00509	0.005075	0.00098	0.008385	0.00877	0.007385	0.00468	0.00341	0.00903	0.009245	0.006555
OX359246.1	60600000	60800000	0.000775	0.00325	0.00287	0.001145	0.001035	0.002335	0.00155	0.00151	0.00115	0.00113	0.00119	0.000885
OX359246.1	60800000	61000000	0.00327	0.00331	0.001605	0.00284	0.00133	0.003795	0.00199	0.00382	0.00331	0.00261	0.002725	0.002575
OX359246.1	61000000	61200000	0.00759	0.01269	0.006365	0.006665	0.00623	0.013605	0.00634	0.00818	0.003835	0.007415	0.00656	0.00701
OX359246.1	61200000	61400000	0.00608	0.01398	0.004695	0.005255	0.012005	0.009695	0.00539	0.011975	0.002805	0.009975	0.00971	0.00545
OX359246.1	61400000	61600000	0.00749	0.00686	0.007855	0.002985	0.007545	0.00831	0.00881	0.010905	0.00383	0.003035	0.004545	0.004195
OX359246.1	61600000	61800000	0.003765	0.00592	0.004335	0.004915	0.00604	0.0042	0.00472	0.00514	0.00355	0.00441	0.00583	0.005345
OX359246.1	61800000	62000000	0.000195	0.005715	0.001415	0.004515	0.00408	0.004385	0.00414	0.002255	0.00144	0.00455	0.000565	0.003245
OX359246.1	62000000	62200000	0.000115	0.00577	0.0003	0.00093	0.00047	0.003525	0.0006	0.000115	0.00075	0.002715	0.000505	0.000595
OX359246.1	62200000	62400000	0.001165	0.002745	0.002945	0.00364	0.000775	0.001175	0.00112	0.00224	0.003955	0.001395	0.00044	0.000795
OX359246.1	62400000	62600000	0.001235	0.000905	0.00082	0.00129	0.00095	0.001285	0.000555	0.001515	0.001155	0.000595	0.00084	0.001365
OX359246.1	62600000	62800000	0.00037	0.00042	0.00049	0.00045	0.000455	0.000395	0.00063	0.00065	0.00051	0.00046	0.001485	0.00069
OX359246.1	62800000	63000000	0.002245	0.002195	0.002385	0.001485	0.00111	0.002395	0.00257	0.002045	0.00172	0.001485	0.00017	0.00103
OX359246.1	63000000	63200000	0.0031	0.007345	0.002775	0.002645	0.00741	0.00483	0.002705	0.008165	0.007395	0.00333	0.0006	0.00798
OX359246.1	63200000	63400000	0.001305	0.00327	0.003415	0.007365	0.00335	0.00064	0.000885	0.00747	0.00177	0.001975	0.00061	0.007775
OX359246.1	63400000	63600000	0.001115	0.000875	0.00102	0.001565	0.000695	0.001045	0.00249	0.001095	0.000875	0.00104	0.000665	0.002375
OX359246.1	63600000	63800000	0.000885	0.001315	0.00122	0.001535	0.001635	0.001285	0.000675	0.000805	0.000995	0.00158	0.00114	0.00203
OX359246.1	63800000	64000000	0.004145	0.001005	0.004145	0.000605	0.0008	0.001125	0.00076	0.00186	0.001665	0.001065	0.000395	0.004805
OX359246.1	64000000	64200000	0.00907	0.009225	0.00631	0.013595	0.006225	0.01186	0.00614	0.009015	0.006245	0.010395	0.000255	0.011955
OX359246.1	64200000	64400000	0.00819	0.00794	0.002055	0.00802	0.002015	0.002255	0.002125	0.007715	0.002175	0.003135	4.5e-05	0.002795
OX359246.1	64400000	64600000	0.00302	0.002475	0.00348	0.002205	0.00053	0.000375	0.0005	0.002355	0.000595	0.00248	0.00036	0.00035
OX359246.1	64600000	64800000	0.001295	0.00125	0.005855	0.000785	0.00098	0.001265	0.001165	0.00062	0.001415	0.005175	0.001215	0.001185
OX359246.1	64800000	65000000	0.000165	2e-05	2.5e-05	3e-05	0.000165	0.000185	0.00021	6.5e-05	4e-05	7e-05	0.000175	3.5e-05
OX359246.1	65000000	65200000	0.001865	0.001575	0.00064	0.000615	0.0011	0.00075	0.00156	0.00135	0.00184	0.000815	0.000895	0.00137
OX359246.1	65200000	65400000	0.006645	0.00693	0.00214	0.00457	0.003155	0.000985	0.004585	0.00579	0.003205	0.000695	0.00204	0.006155
OX359246.1	65400000	65600000	0.00065	0.00518	0.004285	0.00292	0.000905	0.000195	0.00517	0.005365	0.00467	0.000785	0.00019	0.003725
OX359246.1	65600000	65800000	0.005135	0.00526	0.00151	0.00561	0.00245	0.001375	0.005565	0.005285	0.001965	0.00518	0.00113	0.00544
OX359246.1	65800000	66000000	0.00766	0.005615	0.001565	0.00624	0.00305	0.00485	0.007565	0.007695	0.004295	0.00442	0.00098	0.007225
OX359246.1	66000000	66200000	0.00442	0.00398	0.001695	0.00579	0.0035	0.005735	0.004715	0.004405	0.005145	0.000915	0.00154	0.00455
OX359246.1	66200000	66400000	0.00432	0.001905	0.00088	0.002135	0.001915	0.002115	0.001225	0.002305	0.00181	0.00187	0.00064	0.0012
OX359246.1	66400000	66600000	0.001255	0.000755	0.00088	0.001595	0.000815	0.001545	0.001855	0.00092	0.0057	0.006405	0.00076	0.001505
OX359246.1	66600000	66800000	0.003455	0.001635	0.00214	0.00222	0.000425	0.00239	0.005415	0.00174	0.00072	0.003665	0.00119	0.00392
OX359246.1	66800000	67000000	0.00077	0.003745	0.002885	0.006165	0.00122	0.00044	0.00197	0.003105	0.001865	0.00021	0.00386	0.003895
OX359246.1	67000000	67200000	0.002	0.00724	0.00488	0.003315	0.000995	0.00384	0.00511	0.0035	0.0045	0.00057	0.00486	0.00069
OX359246.1	67200000	67400000	0.005975	0.00312	0.00307	0.00527	0.00141	0.003785	0.00509	0.004685	0.00113	0.001075	0.001025	0.00119
OX359246.1	67400000	67600000	0.0002	0.001095	0.000365	0.000315	0.000355	0.000385	0.003105	0.000475	0.00034	0.00041	0.00011	0.003405
OX359246.1	67600000	67800000	0.003265	0.0031	0.001595	0.002445	0.00384	0.00051	0.002725	0.001615	0.00252	0.001955	0.00185	0.004345
OX359246.1	67800000	68000000	0.002515	0.001825	0.00085	0.001035	0.00312	0.00106	0.00121	0.00091	0.000725	0.001215	0.00093	0.00281
OX359246.1	68000000	68200000	0.000295	0.003185	0.00102	0.003065	0.00323	0.00245	0.00083	0.00025	0.00261	0.00011	8e-05	0.00087
OX359246.1	68200000	68400000	0.003435	0.004595	0.0039	0.002425	0.000805	0.005865	0.003415	0.003645	0.00607	0.0004	0.002	0.003805
OX359246.1	68400000	68600000	0.00635	0.006425	0.00655	0.001895	0.00016	0.00661	0.0066	0.006435	0.00638	0.0001	0.001825	0.00651
OX359246.1	68600000	68800000	0.001305	0.000685	0.00139	0.000755	0.00065	0.00063	0.00062	0.000935	0.00061	0.00096	0.00061	0.00098
OX359246.1	68800000	69000000	0.000225	0.00042	0.00111	0.000495	0.000265	0.000175	0.000685	0.000755	0.000225	0.001	0.0007	0.00124
OX359246.1	69000000	69200000	0.0	8.5e-05	0.00012	0.00013	5e-06	0.00013	0.00012	0.000125	0.00013	9e-05	0.0	5e-06
OX359246.1	69200000	69400000	0.00028	0.002255	0.00118	0.00081	0.0002	0.002445	0.00256	0.00231	0.003085	0.00302	0.00031	0.000235
OX359246.1	69400000	69600000	0.001475	0.00154	0.00142	0.001115	0.00124	0.00097	0.001675	0.001045	0.001715	0.001615	0.00102	0.00103
OX359246.1	69600000	69800000	0.001595	0.00097	0.001605	0.00146	0.00153	0.00152	0.00152	0.001595	0.000925	0.00097	0.00084	0.001535
OX359246.1	69800000	70000000	0.000405	0.000755	0.000685	0.000375	0.000395	0.000415	0.000365	0.000355	0.000405	0.00052	0.000655	0.000395
OX359246.1	70000000	70200000	0.000115	0.00014	0.000415	0.000145	0.000135	0.000355	0.000185	0.000155	0.000125	0.000155	0.00013	0.000455
OX359246.1	70200000	70400000	0.001325	0.00076	0.000485	0.00031	0.00152	0.00132	0.00088	0.001095	0.001055	0.00075	0.00012	0.00054
OX359246.1	70400000	70600000	0.007465	0.00823	0.00493	0.002375	0.005155	0.006865	0.0024	0.00299	0.00646	0.006095	0.00235	0.00318
OX359246.1	70600000	70800000	0.002535	0.003145	0.002895	0.00181	0.003415	0.00404	0.00295	0.004035	0.00337	0.002455	0.000255	0.003135
OX359246.1	70800000	71000000	0.00096	0.00343	0.00183	0.00208	0.00096	0.0014	0.001545	0.00317	0.00307	0.00194	0.000455	0.000545
OX359246.1	71000000	71200000	0.00034	0.000685	0.00031	0.00054	0.00015	0.000125	0.000975	0.000115	0.0008	0.0001	5e-05	0.000405
OX359246.1	71200000	71400000	0.000465	0.00266	0.002085	0.00225	0.00058	0.000535	0.00267	0.00115	0.002645	0.00041	0.000245	0.00263
OX359246.1	71400000	71600000	0.000345	0.002065	0.00174	0.00176	0.000945	0.00092	0.00158	0.00173	0.001995	0.00092	0.0009	0.001735
OX359246.1	71600000	71800000	0.000935	0.002245	0.005195	0.00491	0.000235	0.001115	0.001235	0.00033	0.00239	0.00025	0.00117	0.000745
OX359246.1	71800000	72000000	0.000945	0.00105	0.005265	0.005055	0.00116	0.00186	0.001335	0.001245	0.00132	0.00109	0.00107	0.001365
OX359246.1	72000000	72200000	0.002355	0.000985	0.003825	0.004215	0.002365	0.003475	0.00037	0.001205	0.00212	0.000935	0.001	0.000995
OX359246.1	72200000	72400000	0.004125	0.000975	0.00236	0.004045	0.00202	0.001825	0.00216	0.001035	0.000405	0.00038	0.00027	0.001025
OX359246.1	72400000	72600000	0.00132	0.00074	0.00055	0.000265	0.000465	0.00045	0.00052	0.00089	0.000745	0.00033	0.000435	0.000695
OX359246.1	72600000	72800000	0.000555	0.00095	0.00343	0.00213	0.00076	0.000905	0.00196	0.00109	0.00042	0.000215	0.00167	0.000855
OX359246.1	72800000	73000000	0.000155	0.000155	0.00019	0.000165	0.000235	0.000165	0.00018	0.00017	0.00013	0.000225	0.002835	0.00021
OX359246.1	73000000	73200000	0.000125	0.001585	0.00214	0.00029	0.000335	0.0011	0.001465	0.00049	0.000745	0.001395	0.000445	0.00205
OX359246.1	73200000	73400000	0.0003	0.00053	0.00222	0.00031	0.00078	0.0005	0.002165	0.00141	0.00265	0.00049	0.000265	0.002145
OX359246.1	73400000	73600000	0.00056	0.00058	0.000595	0.000595	0.00055	0.000405	0.00047	0.00058	0.000555	0.00058	0.000555	0.000575
OX359246.1	73600000	73800000	0.00129	0.00145	0.0014	0.00172	0.00139	0.001335	0.001445	0.001855	0.00171	0.00131	0.001345	0.00139
OX359246.1	73800000	74000000	0.000985	0.00103	0.001165	0.00102	0.00027	0.00126	0.001255	0.00126	0.00017	0.000905	0.00069	0.00043
OX359246.1	74000000	74200000	7.5e-05	2.5e-05	3.5e-05	4e-05	1e-05	6e-05	9.5e-05	1.5e-05	8e-05	4.5e-05	4.5e-05	6e-05
OX359246.1	74200000	74400000	0.000315	0.000275	0.00038	0.00022	0.00028	0.000265	0.000195	0.00027	0.00042	0.000305	0.00037	0.00034
OX359246.1	74400000	74600000	0.000215	0.000395	0.00068	0.00065	0.00074	0.000375	0.000815	0.000265	0.000205	0.00025	0.0004	0.00075
OX359246.1	74600000	74800000	0.00046	0.00039	0.000425	0.000445	0.00048	0.000455	0.00045	0.00049	0.001105	0.000445	0.000265	0.000365
OX359246.1	74800000	75000000	1.5e-05	3e-05	7e-05	7e-05	8e-05	3.5e-05	0.00011	7e-05	0.00105	4e-05	0.00039	4.5e-05
OX359246.1	75000000	75200000	0.00025	0.0011	0.000475	0.00068	0.000415	0.000315	0.00039	0.000275	0.00135	0.000315	0.0009	0.00029
OX359246.1	75200000	75400000	0.0028	0.002535	0.00255	0.00101	0.00214	0.001765	0.00155	0.002235	0.00145	0.00119	0.000405	0.001375
OX359246.1	75400000	75600000	0.00071	0.001935	0.00196	0.00067	0.0004	0.000885	0.000515	0.000875	0.00168	0.00083	0.000605	0.002125
OX359247.1	0	200000	0.000905	0.00122	0.00086	0.000405	0.000725	0.00095	0.000425	0.000895	0.00091	0.000425	0.000615	0.00088
OX359247.1	200000	400000	0.00073	0.00085	0.00022	0.000295	0.00042	0.000485	0.000635	0.000485	0.0005	0.00023	0.00048	0.000645
OX359247.1	400000	600000	0.00061	0.000445	0.000495	0.000425	0.000425	0.000445	0.000375	0.00046	0.000465	0.000365	0.000865	0.000475
OX359247.1	600000	800000	0.000455	0.00103	0.000465	0.000195	0.000255	0.000535	0.000535	0.00056	0.000565	0.00013	0.00022	0.00056
OX359247.1	800000	1000000	0.00276	0.001625	0.001945	0.002045	0.00154	0.00075	0.001205	0.001575	0.00161	0.001165	0.000205	0.00149
OX359247.1	1000000	1200000	0.00119	0.001805	0.00143	0.001325	0.000165	0.00153	0.00251	0.00231	0.001695	0.00161	0.000215	0.001765
OX359247.1	1200000	1400000	0.00129	0.001175	0.00127	0.00052	0.001425	0.00172	0.00104	0.001575	0.0021	0.001365	0.001865	0.00105
OX359247.1	1400000	1600000	0.002325	0.00178	0.001945	0.002575	0.00174	0.00045	0.00248	0.001275	0.002505	0.00214	0.003575	0.001385
OX359247.1	1600000	1800000	0.000575	0.000955	0.00052	0.000565	0.00079	0.00034	0.00041	0.00048	0.00058	0.0002	0.00512	0.000805
OX359247.1	1800000	2000000	0.00106	0.00098	0.001545	0.001	0.00024	0.00142	0.0016	0.000325	0.001615	0.001995	0.003985	0.000605
OX359247.1	2000000	2200000	0.003065	0.00343	0.000615	0.00282	0.003625	0.000605	0.001075	0.000875	0.00074	0.00286	0.000545	0.001445
OX359247.1	2200000	2400000	0.00288	0.002915	0.00345	0.001365	0.003745	0.00132	0.00138	0.00038	0.00154	0.001255	0.00121	0.00384
OX359247.1	2400000	2600000	0.0029	0.00284	0.004085	0.003685	0.00435	0.00316	0.00376	0.00158	0.002725	0.00215	0.002015	0.003445
OX359247.1	2600000	2800000	0.00123	0.000565	0.0041	0.004065	0.00048	0.001345	0.000685	0.00038	0.00043	0.00091	0.00077	0.001555
OX359247.1	2800000	3000000	0.00099	0.00109	0.001215	0.001025	0.000785	0.001135	0.000975	0.00091	0.000985	0.00048	0.00345	0.000645
OX359247.1	3000000	3200000	0.00085	0.00081	0.00065	0.00081	0.00065	0.00086	0.00067	0.001225	0.00093	0.00066	0.000995	0.0006
OX359247.1	3200000	3400000	0.001015	0.00072	0.000435	0.000485	0.000675	0.000575	0.00048	0.000735	0.000725	0.00041	0.0015	0.00059
OX359247.1	3400000	3600000	0.00053	0.0005	0.000355	0.00041	0.00052	0.000465	0.00049	0.000665	0.00059	0.000505	0.00044	0.00034
OX359247.1	3600000	3800000	0.001105	0.000855	0.002635	0.002615	0.002465	0.002935	0.00242	0.000695	0.00079	0.000705	0.00152	0.002135
OX359247.1	3800000	4000000	0.0009	0.0011	0.0009	0.00129	0.000805	0.00148	0.00056	0.00117	0.00061	0.00092	0.004335	0.00051
OX359247.1	4000000	4200000	0.000545	0.000925	0.0015	0.000545	0.000825	0.00036	0.00072	0.00052	0.001715	0.00048	0.00052	0.00065
OX359247.1	4200000	4400000	0.00317	0.002235	0.002015	0.00274	0.00207	0.001845	0.0023	0.002775	0.002835	0.002505	0.00266	0.00249
OX359247.1	4400000	4600000	0.001255	0.001465	0.000525	0.000295	0.000705	0.00116	0.001475	0.000975	0.000625	0.00017	0.002995	0.000465
OX359247.1	4600000	4800000	0.00105	0.000535	0.000475	8e-05	0.0007	0.000685	0.000495	0.000965	5e-05	0.00103	0.003105	0.000765
OX359247.1	4800000	5000000	0.002085	0.0016	0.0018	0.00065	0.002055	0.002005	0.00021	0.00035	0.0009	0.002035	0.0003	0.00064
OX359247.1	5000000	5200000	0.00204	0.00207	0.00173	0.00052	0.001645	0.002085	0.000465	0.000515	0.00063	0.00203	0.000655	0.00059
OX359247.1	5200000	5400000	0.004175	0.004205	0.00095	0.001495	0.00011	0.00442	0.001135	0.001245	0.00452	0.00432	0.002535	0.00056
OX359247.1	5400000	5600000	0.006185	0.006175	0.00152	0.001485	0.00077	0.006745	0.00202	0.00341	0.005925	0.006885	0.00509	0.001785
OX359247.1	5600000	5800000	0.003155	0.002985	0.00027	0.000365	0.000455	0.003045	0.00021	0.000365	0.003045	0.00303	0.001375	7.5e-05
OX359247.1	5800000	6000000	0.00444	0.00476	0.00097	0.000915	0.000745	0.004535	0.000955	0.00061	0.004575	0.004385	0.00045	0.000915
OX359247.1	6000000	6200000	0.00288	0.00365	0.00261	0.00216	0.000165	0.003365	0.001975	0.002435	0.003265	0.003415	0.002585	0.00201
OX359247.1	6200000	6400000	0.00379	0.006175	9.5e-05	7e-05	0.000155	0.003795	0.00537	0.00053	0.003775	0.003775	0.00333	0.00538
OX359247.1	6400000	6600000	0.0039	0.003805	0.000425	0.000325	0.000105	0.003865	0.000165	7e-05	0.00381	0.00377	0.00369	0.000115
OX359247.1	6600000	6800000	0.002385	0.002405	0.000505	0.000315	0.00018	0.002335	0.00023	0.0003	0.002465	0.002365	0.00217	0.000335
OX359247.1	6800000	7000000	0.004015	0.004105	0.00025	0.00055	0.000135	0.00407	0.00013	0.000225	0.00405	0.004065	0.003855	0.000245
OX359247.1	7000000	7200000	0.00513	0.005215	0.00245	0.001985	0.001765	0.00534	0.002205	0.001675	0.00547	0.004915	0.00411	0.00236
OX359247.1	7200000	7400000	0.001005	0.00095	0.0004	0.00088	0.000355	0.001435	0.000735	0.00079	0.001305	0.00115	0.001015	0.000965
OX359247.1	7400000	7600000	0.002895	0.00262	0.001515	0.001405	0.000725	0.002825	0.001555	0.001825	0.00261	0.00251	0.00034	0.001595
OX359247.1	7600000	7800000	0.00751	0.005595	0.004635	0.00195	0.00135	0.007465	0.005425	0.003985	0.005475	0.00757	0.00273	0.006145
OX359247.1	7800000	8000000	0.002875	0.00271	0.000965	0.000285	0.00138	0.002915	0.000585	0.00096	0.00277	0.002815	0.000305	0.00107
OX359247.1	8000000	8200000	0.00431	0.00382	0.00042	0.00053	4e-05	0.00401	0.00047	0.000835	0.00388	0.00384	0.00354	0.00078
OX359247.1	8200000	8400000	0.00443	0.004425	0.00101	0.00076	5e-05	0.00441	0.000675	0.00152	0.00439	0.00425	0.004645	0.00041
OX359247.1	8400000	8600000	0.00375	0.004165	0.00082	0.00082	0.00101	0.003875	0.00109	0.000805	0.003945	0.003965	0.003655	0.00101
OX359247.1	8600000	8800000	0.004655	0.004425	0.00058	0.00085	0.00074	0.004575	0.00065	0.00058	0.00408	0.004605	0.00365	0.000655
OX359247.1	8800000	9000000	0.004895	0.00488	0.000435	0.00049	4.5e-05	0.00481	0.0006	0.00029	0.00477	0.00485	0.0038	0.00077
OX359247.1	9000000	9200000	0.00184	0.00403	0.00093	0.00017	0.001865	0.003435	0.00038	0.00054	0.004675	0.00377	0.00266	0.00083
OX359247.1	9200000	9400000	0.004975	0.00497	0.00127	0.00155	0.001215	0.005065	0.001005	0.000535	0.00512	0.00446	0.00501	0.00105
OX359247.1	9400000	9600000	0.003675	0.0035	0.001495	0.00124	0.00271	0.005	0.00161	0.001265	0.005225	0.005115	0.00409	0.000785
OX359247.1	9600000	9800000	0.004815	0.00461	0.000815	0.000685	0.000425	0.004735	0.000605	0.000595	0.00457	0.005055	0.00472	0.00087
OX359247.1	9800000	10000000	0.00444	0.004005	0.001115	0.002105	0.00096	0.004685	0.00086	0.00109	0.004605	0.004965	0.00126	0.000345
OX359247.1	10000000	10200000	0.002565	0.002935	0.00063	0.00077	0.000855	0.00261	0.00087	0.00069	0.002725	0.002485	0.002845	0.000805
OX359247.1	10200000	10400000	0.00028	0.00117	0.00162	0.000525	0.00181	0.000965	0.000605	1e-05	0.00027	0.000895	0.00081	0.000515
OX359247.1	10400000	10600000	0.000485	0.001685	0.000495	0.00057	0.002865	0.004	0.0003	0.00026	0.001515	0.002	0.00405	5e-05
OX359247.1	10600000	10800000	0.00306	0.003785	0.002275	0.002685	0.00205	0.003915	0.002345	0.000645	0.004165	0.004215	0.0033	0.002315
OX359247.1	10800000	11000000	0.003845	0.003755	0.000625	0.00026	0.00115	0.003805	0.001	0.000795	0.00369	0.00357	0.002135	0.000615
OX359247.1	11000000	11200000	0.00325	0.004015	0.000905	0.00133	6.5e-05	0.0035	0.001375	0.00107	0.003945	0.003295	0.00081	0.00023
OX359247.1	11200000	11400000	0.00367	0.003075	0.00122	0.002135	1.5e-05	0.00337	0.00043	0.000505	0.0023	0.003875	0.00023	0.00221
OX359247.1	11400000	11600000	0.002855	0.003315	0.000985	0.000925	0.00044	0.00276	0.00159	0.001495	0.000525	0.002975	0.00159	0.00299
OX359247.1	11600000	11800000	0.00401	0.003665	0.000975	0.0021	3.5e-05	0.00382	0.001365	0.001565	0.003535	0.00487	0.00375	0.000905
OX359247.1	11800000	12000000	0.00451	0.004105	0.00141	0.00256	0.000255	0.00489	0.00158	0.00193	0.003495	0.0042	0.002795	0.00274
OX359247.1	12000000	12200000	0.00391	0.003985	0.000285	0.000315	5e-05	0.003745	9.5e-05	0.000125	0.004255	0.00416	0.00368	0.00037
OX359247.1	12200000	12400000	0.005185	0.005055	0.000505	0.000535	0.000785	0.005125	0.000405	0.00024	0.004945	0.00505	0.005155	0.00024
OX359247.1	12400000	12600000	0.003935	0.003885	6.5e-05	9e-05	0.00259	0.00402	3.5e-05	4.5e-05	0.00396	0.00399	0.00393	0.000215
OX359247.1	12600000	12800000	0.00458	0.00464	0.00084	0.000775	0.00253	0.004565	0.000935	0.00029	0.0045	0.004185	0.0045	0.00066
OX359247.1	12800000	13000000	0.001005	0.00462	0.00017	7e-05	0.000235	0.00458	0.000765	0.00162	0.004625	0.003245	0.00139	0.00066
OX359247.1	13000000	13200000	0.002435	0.00395	0.001315	0.001345	0.001265	0.004345	0.004435	0.000675	0.003895	0.00237	0.00154	0.000675
OX359247.1	13200000	13400000	0.002855	0.00238	0.000425	1.5e-05	0.00234	0.00114	0.003735	7.5e-05	0.003715	0.00323	0.002405	4.5e-05
OX359247.1	13400000	13600000	0.00436	0.004	0.000175	0.000225	0.00011	0.00438	0.003405	0.000145	0.004375	0.004385	0.002465	0.00029
OX359247.1	13600000	13800000	0.003195	0.003355	0.00038	0.001725	0.00029	0.00392	0.00418	0.00056	0.003935	0.00309	0.00334	0.000675
OX359247.1	13800000	14000000	0.00726	0.007245	0.000505	0.00056	0.00674	0.00712	0.005565	0.00069	0.00715	0.00095	0.00152	0.000265
OX359247.1	14000000	14200000	0.00396	0.003995	0.000695	0.000925	0.000125	0.003825	0.00375	4e-05	0.00394	0.00369	0.001785	0.00056
OX359247.1	14200000	14400000	0.002895	0.002835	0.0012	0.000755	0.000655	0.00328	0.00286	2.5e-05	0.00305	0.003235	0.00322	0.000305
OX359247.1	14400000	14600000	0.005995	0.002445	0.000115	0.005345	0.006135	0.00108	0.006025	0.0004	0.000505	0.006725	0.004475	0.00586
OX359247.1	14600000	14800000	0.003275	0.00214	0.00014	0.00116	0.00126	0.001545	0.00356	0.000145	0.00224	0.00329	0.00212	0.001155
OX359247.1	14800000	15000000	0.004385	0.004555	0.000955	0.001095	0.001345	0.003615	0.003185	0.001135	0.00356	0.00415	0.002875	0.00141
OX359247.1	15000000	15200000	0.0046	0.004595	5.5e-05	0.000135	0.001855	0.00464	0.00033	8.5e-05	0.004525	0.004775	0.002515	0.000125
OX359247.1	15200000	15400000	0.00432	0.004205	0.00114	0.00079	0.004275	0.00431	0.001315	0.00112	0.004235	0.003965	0.001805	0.0013
OX359247.1	15400000	15600000	0.006435	0.00667	0.00353	0.001295	0.002335	0.00616	0.001905	0.002505	0.006665	0.00647	0.004945	0.00115
OX359247.1	15600000	15800000	0.00489	0.00486	0.00107	0.000455	0.001335	0.004685	0.000215	0.00054	0.004235	0.00489	0.003485	0.001065
OX359247.1	15800000	16000000	0.00873	0.00879	0.00165	0.00162	0.001565	0.00826	0.00213	0.001525	0.00786	0.006285	0.00658	0.00174
OX359247.1	16000000	16200000	0.002375	0.000615	0.001015	0.001555	0.00396	0.00416	0.001895	0.00169	0.004225	0.001825	0.00445	0.0018
OX359247.1	16200000	16400000	0.0025	0.002995	0.00035	0.00131	0.002825	0.00278	0.00205	0.000655	0.003135	0.00192	0.002645	0.002205
OX359247.1	16400000	16600000	0.00617	0.003835	0.003105	0.003215	0.00675	0.006365	0.00362	0.00033	0.00666	0.004585	0.004585	0.001005
OX359247.1	16600000	16800000	0.00367	0.003325	0.001265	0.00076	0.005435	0.005595	0.0007	0.00084	0.00272	0.003295	0.003755	0.001315
OX359247.1	16800000	17000000	0.001235	0.001505	0.00077	0.000605	0.002925	0.003125	0.000485	0.00086	0.000845	0.002635	5e-05	0.000185
OX359247.1	17000000	17200000	0.003515	0.00337	0.000945	0.00073	0.00227	0.003355	0.001425	0.00184	0.00374	0.003345	0.00275	0.000955
OX359247.1	17200000	17400000	0.005465	0.00548	0.000745	0.00136	0.00285	0.00558	0.00083	0.001385	0.005325	0.005345	0.00447	0.00063
OX359247.1	17400000	17600000	0.002145	0.00214	0.000555	0.000525	0.001155	0.00218	0.00057	0.000525	0.00221	0.002225	0.002195	0.0006
OX359247.1	17600000	17800000	0.001775	0.001725	0.000995	0.000935	0.001605	0.00175	0.00098	0.001115	0.00178	0.001785	0.00184	0.001055
OX359247.1	17800000	18000000	0.00352	0.0036	0.000635	0.001065	0.00091	0.003255	0.000865	0.00022	0.00352	0.003875	0.003145	0.000255
OX359247.1	18000000	18200000	0.0033	0.003265	0.000625	0.00098	7.5e-05	0.003325	0.00043	0.000635	0.003305	0.0033	0.00284	0.00066
OX359247.1	18200000	18400000	0.00446	0.004455	0.00044	0.00045	0.00259	0.00375	0.00027	0.000725	0.004635	0.004435	0.0025	0.00043
OX359247.1	18400000	18600000	0.004485	0.00449	0.001285	0.001175	0.002495	0.004225	0.001155	0.00087	0.004265	0.004505	0.00314	0.00164
OX359247.1	18600000	18800000	0.004145	0.00486	0.001625	0.001185	0.005125	0.00375	0.00259	0.003365	0.00491	0.004895	0.002415	0.00455
OX359247.1	18800000	19000000	0.002965	0.00276	0.00139	0.00085	0.000785	0.00432	0.000925	0.000185	0.00269	0.003465	0.00282	0.000295
OX359247.1	19000000	19200000	0.002955	0.002995	0.000145	0.00014	0.002945	0.003	0.00014	0.000155	0.00263	0.004395	0.00296	0.00015
OX359247.1	19200000	19400000	0.00435	0.004355	6.5e-05	3e-05	0.001705	0.00435	0.000245	4e-05	0.004	0.00415	0.00425	0.000235
OX359247.1	19400000	19600000	0.00349	0.003555	0.001065	0.00037	0.000895	0.003505	0.000665	0.001395	0.003445	0.003465	0.00214	0.000975
OX359247.1	19600000	19800000	0.004825	0.005815	0.00253	0.000135	0.001415	0.005555	0.001695	0.0013	0.00558	0.00567	0.004095	0.000515
OX359247.1	19800000	20000000	0.004425	0.00438	0.001255	0.000855	0.001185	0.004295	0.00132	0.00106	0.00431	0.00451	0.004685	0.000615
OX359247.1	20000000	20200000	0.00448	0.00429	0.00101	0.000695	0.00065	0.004365	0.000165	0.000705	0.004525	0.003025	0.00244	0.000165
OX359247.1	20200000	20400000	0.00422	0.00458	0.00053	0.000265	0.00334	0.00459	0.001045	4e-05	0.004535	0.004325	0.000785	0.00082
OX359247.1	20400000	20600000	0.003425	0.004275	0.00092	0.00061	0.00188	0.00438	0.002245	0.00032	0.003355	0.00348	0.00205	0.001905
OX359247.1	20600000	20800000	0.00473	0.004955	0.00037	0.002615	0.00437	0.004215	0.003955	0.003975	0.00418	0.0042	0.004075	0.0012
OX359247.1	20800000	21000000	0.003275	0.003805	0.001635	0.002235	0.003295	0.003635	0.00197	0.00131	0.00116	0.00441	0.001975	0.002765
OX359247.1	21000000	21200000	0.003385	0.0035	0.00077	0.000225	0.00273	0.00343	0.00261	0.00024	0.002815	0.00336	0.003655	0.00289
OX359247.1	21200000	21400000	0.002805	0.003175	0.001775	0.0009	0.002425	0.00447	0.001345	0.00147	0.003	0.002915	0.002925	0.001315
OX359247.1	21400000	21600000	0.0052	0.00562	0.00222	0.0009	0.00143	0.005755	0.00195	0.00166	0.00507	0.005345	0.00441	0.001125
OX359247.1	21600000	21800000	0.00315	0.003545	0.00213	0.00139	0.001675	0.00535	0.003475	0.001305	0.005145	0.005275	0.002965	0.00287
OX359247.1	21800000	22000000	0.005395	0.0049	0.00221	0.00555	0.003265	0.005395	0.00446	0.004855	0.00594	0.006155	0.002285	0.003085
OX359247.1	22000000	22200000	0.00216	0.001945	0.000455	0.00021	0.002615	0.002155	0.00203	0.001075	0.00237	0.004525	0.000235	0.000195
OX359247.1	22200000	22400000	0.00431	0.003505	0.00027	0.00077	0.00292	0.002485	0.002055	0.001075	0.00319	0.004885	0.000865	0.0007
OX359247.1	22400000	22600000	0.00324	0.002985	0.000695	0.000575	0.003025	0.00256	0.00068	0.000525	0.004365	0.004445	0.00143	0.000695
OX359247.1	22600000	22800000	0.00411	0.003805	0.000485	0.00121	0.000725	0.003835	0.000745	0.000505	0.00344	0.0042	0.00141	0.000755
OX359247.1	22800000	23000000	0.00385	0.004475	0.000255	0.001015	0.000605	0.00366	0.00033	0.000415	0.00396	0.004135	0.00308	0.000815
OX359247.1	23000000	23200000	0.00398	0.00399	7e-05	6.5e-05	1.5e-05	0.004045	8.5e-05	6e-05	0.002935	0.00405	0.001845	0.000375
OX359247.1	23200000	23400000	0.00527	0.005025	0.000995	0.001215	0.000115	0.00505	0.001475	0.003485	0.00444	0.00508	0.000615	0.001145
OX359247.1	23400000	23600000	0.00435	0.00454	0.001925	0.002095	0.00014	0.00411	0.00172	0.001085	0.00441	0.00452	0.00487	0.000525
OX359247.1	23600000	23800000	0.004505	0.004465	0.001045	0.001195	0.002125	0.003565	0.00174	0.00065	0.00353	0.003105	0.00445	0.00117
OX359247.1	23800000	24000000	0.00385	0.00378	0.00034	0.00038	0.00166	0.002875	0.001055	0.000985	0.00311	0.00294	0.002785	0.00174
OX359247.1	24000000	24200000	0.00327	0.003175	0.001125	0.001765	0.000255	0.00332	0.000685	0.000395	0.0028	0.003265	0.002825	0.001055
OX359247.1	24200000	24400000	0.002455	0.002345	0.0021	7.5e-05	0.000225	0.00231	0.001095	8e-05	0.00234	0.0024	0.001025	0.000355
OX359247.1	24400000	24600000	0.001705	0.00153	0.00019	0.000265	0.000345	0.001575	0.0003	0.000345	0.001415	0.001585	0.00064	0.00054
OX359247.1	24600000	24800000	0.00373	0.003875	0.001355	0.00078	0.00083	0.00286	0.00183	0.00144	0.00361	0.00369	0.000585	0.00102
OX359247.1	24800000	25000000	0.003755	0.0039	0.000565	0.000805	0.00244	0.003775	0.000925	0.00053	0.003195	0.003935	0.00222	0.00114
OX359247.1	25000000	25200000	0.00363	0.003525	0.0005	0.000225	0.002305	0.003805	0.00051	0.00034	0.00035	0.00382	0.00346	0.00031
OX359247.1	25200000	25400000	0.004035	0.00393	0.000855	0.00069	0.002415	0.00447	0.001235	0.001	0.00138	0.00415	0.001875	0.001405
OX359247.1	25400000	25600000	0.002985	0.002935	0.00104	0.00099	0.000955	0.003035	0.001335	0.000955	0.002665	0.00317	0.00048	0.001285
OX359247.1	25600000	25800000	0.004525	0.00507	0.00091	0.0004	3.5e-05	0.005095	0.000805	0.00022	0.00488	0.004965	0.004175	0.00104
OX359247.1	25800000	26000000	0.00354	0.00425	0.00027	0.00028	0.00085	0.00425	0.00018	0.0004	0.004055	0.004255	0.003145	0.00016
OX359247.1	26000000	26200000	0.0037	0.00371	4.5e-05	0.00064	0.00162	0.003585	5.5e-05	0.000575	0.00376	0.003695	0.002985	0.000435
OX359247.1	26200000	26400000	0.00309	0.00309	0.000485	0.00017	0.002855	0.00268	0.00014	0.00095	0.002795	0.00304	0.00056	2.5e-05
OX359247.1	26400000	26600000	0.00333	0.0029	0.00043	0.00147	0.002025	0.00334	0.000665	0.00127	0.002695	0.003355	0.00188	0.00088
OX359247.1	26600000	26800000	0.00375	0.00346	0.00166	0.001615	0.002085	0.003635	0.001745	0.00059	0.003205	0.003845	0.003335	0.00183
OX359247.1	26800000	27000000	0.004385	0.003285	0.000455	0.000625	0.00234	0.002485	0.00038	0.000595	0.001005	0.001905	0.000415	0.00243
OX359247.1	27000000	27200000	0.002665	0.001935	0.00011	0.00016	0.000545	0.000805	0.00041	0.00042	0.000645	0.000425	0.000855	0.001305
OX359247.1	27200000	27400000	0.00254	0.0032	0.000915	0.00205	0.002	0.002505	0.001195	0.001765	0.0016	0.00413	0.004455	0.001165
OX359247.1	27400000	27600000	0.00299	0.002955	7e-05	3.5e-05	0.002305	0.001595	6.5e-05	1.5e-05	0.001615	0.001815	0.00414	5e-05
OX359247.1	27600000	27800000	0.00444	0.00479	0.001035	0.000855	0.002815	0.00219	0.00019	0.00128	0.00424	0.003885	0.004845	0.00014
OX359247.1	27800000	28000000	0.003575	0.00361	0.001425	0.00068	0.00229	0.00338	0.000655	0.00027	0.001295	0.003485	0.001515	0.00062
OX359247.1	28000000	28200000	0.004525	0.00449	0.00146	0.002375	0.000865	0.00475	0.00056	0.001385	0.00443	0.00462	0.004665	0.00092
OX359247.1	28200000	28400000	0.0021	0.00364	0.002735	0.001865	0.001485	0.00372	0.001525	0.00298	0.00369	0.00395	0.00281	0.00073
OX359247.1	28400000	28600000	0.00209	0.001575	0.00132	0.001695	0.00114	0.002095	0.000765	0.00161	0.00124	0.002595	0.002485	0.00136
OX359247.1	28600000	28800000	0.00418	0.00361	0.001455	0.002745	0.00108	0.003475	0.002575	0.00155	0.003425	0.003615	0.00366	0.00322
OX359247.1	28800000	29000000	0.00488	0.004885	0.00282	0.003035	0.001895	0.00427	0.003045	0.00048	0.00528	0.00432	0.001225	0.00256
OX359247.1	29000000	29200000	0.005725	0.00558	0.001195	0.00134	0.00186	0.00518	0.002355	0.001505	0.005685	0.00568	0.00427	0.00181
OX359247.1	29200000	29400000	0.00322	0.00343	0.00101	0.000835	0.00155	0.00291	0.000715	0.000225	0.003455	0.003035	0.00258	0.00173
OX359247.1	29400000	29600000	0.003645	0.003665	0.001335	0.000865	0.00058	0.00345	0.00137	0.001085	0.003575	0.003455	0.00337	0.0016
OX359247.1	29600000	29800000	0.004175	0.004195	0.00019	0.000305	0.002665	0.004275	0.00036	0.00016	0.003185	0.004155	0.002225	0.000215
OX359247.1	29800000	30000000	0.00317	0.0036	0.00067	0.00219	0.003975	0.003205	0.002255	0.00032	0.004525	0.00328	0.000955	0.000415
OX359247.1	30000000	30200000	0.00242	0.003355	0.00057	0.001575	0.000595	0.002655	0.00171	0.00123	0.00346	0.003265	0.002345	0.00141
OX359247.1	30200000	30400000	0.003515	0.00361	0.000985	0.000915	0.00098	0.003685	0.001225	0.00187	0.00351	0.003875	0.0034	0.001225
OX359247.1	30400000	30600000	0.004155	0.00422	0.00111	0.0016	0.001175	0.003925	0.001665	0.001945	0.00422	0.00472	0.002715	0.00078
OX359247.1	30600000	30800000	0.003495	0.00347	0.000455	0.00153	0.00311	0.003635	0.00098	0.001315	0.003575	0.00336	0.00073	0.001565
OX359247.1	30800000	31000000	0.00266	0.00278	0.00015	0.00195	0.000685	0.00239	0.00027	0.001205	0.00289	0.002725	0.000485	0.000595
OX359247.1	31000000	31200000	0.00277	0.002725	0.000295	0.00097	0.003555	0.00354	0.00029	0.00056	0.0028	0.002815	0.000455	0.001615
OX359247.1	31200000	31400000	0.0053	0.00561	0.002595	0.00144	0.000925	0.006205	0.00204	0.001975	0.00429	0.00629	0.003935	0.00159
OX359247.1	31400000	31600000	0.00399	0.00356	0.000505	0.00039	0.00126	0.00375	0.000895	0.00071	0.003835	0.00384	0.0033	0.00031
OX359247.1	31600000	31800000	0.00449	0.004565	0.00139	0.001525	0.001235	0.004525	0.00151	0.002415	0.00416	0.00455	0.00269	0.00085
OX359247.1	31800000	32000000	0.00504	0.00448	0.001235	0.00173	0.00125	0.00441	0.00406	0.0041	0.000755	0.00496	0.00172	0.000915
OX359247.1	32000000	32200000	0.001125	0.002625	0.00016	0.00014	8e-05	0.000545	0.00013	0.000145	6e-05	0.000585	0.002305	6.5e-05
OX359247.1	32200000	32400000	0.000185	0.00018	7.5e-05	2.5e-05	0.0001	6.5e-05	6e-05	3.5e-05	5.5e-05	4e-05	0.00014	2.5e-05
OX359247.1	32400000	32600000	0.00499	0.004765	0.000515	0.00089	0.001315	0.003685	0.001105	0.000925	0.004365	0.00446	0.00414	0.000285
OX359247.1	32600000	32800000	0.005985	0.0062	0.001615	0.00069	0.004675	0.00657	0.00058	0.00502	0.004045	0.004565	0.00303	0.001695
OX359247.1	32800000	33000000	0.006275	0.00539	0.004255	0.00275	0.00451	0.005225	0.004235	0.002705	0.00073	0.0054	0.004275	0.001305
OX359247.1	33000000	33200000	0.0031	0.00258	0.00244	0.001605	0.00205	0.00162	0.00248	0.0	0.00028	0.00254	0.00244	0.001575
OX359247.1	33200000	33400000	0.00157	0.00073	0.003005	0.000525	0.00092	0.000895	0.00303	0.002025	0.002655	0.00283	0.00319	0.00274
OX359247.1	33400000	33600000	0.003945	0.003925	0.002575	0.002805	0.00375	0.003675	0.002945	0.00242	0.00241	0.004025	0.0043	0.002635
OX359247.1	33600000	33800000	0.00413	0.00357	0.004565	0.00389	0.001445	0.004275	0.00454	0.00179	0.004085	0.00383	0.004165	0.001195
OX359247.1	33800000	34000000	0.00591	0.004835	0.00533	0.00377	0.001625	0.00458	0.00477	0.0011	0.00449	0.003825	0.003495	0.00299
OX359247.1	34000000	34200000	0.00499	0.00435	0.00427	0.00171	0.0014	0.00472	0.004295	0.001375	0.00356	0.00483	0.004085	0.001515
OX359247.1	34200000	34400000	0.0036	0.002915	0.003965	0.000515	0.00141	0.0031	0.003865	0.00137	0.00343	0.00318	0.00351	0.002025
OX359247.1	34400000	34600000	0.00389	0.00312	0.003965	0.001265	0.000685	0.00342	0.004365	0.002375	0.00323	0.00427	0.003775	0.002265
OX359247.1	34600000	34800000	0.003705	0.001975	0.00342	0.00099	0.001345	0.00367	0.003245	0.000435	0.00337	0.00177	0.00388	0.002185
OX359247.1	34800000	35000000	0.002285	0.00124	0.003205	0.001045	0.00192	0.001815	0.00443	0.001255	0.000625	0.001645	0.004365	0.000885
OX359247.1	35000000	35200000	0.001465	0.00149	0.00413	0.000715	0.00109	0.002265	0.00417	0.00196	0.002525	0.001065	0.004695	0.000905
OX359247.1	35200000	35400000	0.00325	0.00182	0.002405	0.00491	0.00354	0.003275	0.003235	0.00472	0.00043	0.003535	0.003825	0.002455
OX359247.1	35400000	35600000	0.00483	0.002475	0.004205	0.002865	0.005095	0.00402	0.003385	0.003695	0.00104	0.005395	0.00455	0.00217
OX359247.1	35600000	35800000	0.0043	0.00054	0.0043	0.006725	0.007335	0.000475	0.00369	0.00574	0.002145	0.00068	0.00842	0.000895
OX359247.1	35800000	36000000	0.006965	0.00128	0.00718	0.00218	0.003685	0.00176	0.00726	0.00238	0.00127	0.001805	0.008865	0.00071
OX359247.1	36000000	36200000	0.004285	0.001645	0.004185	0.00266	0.001135	0.00501	0.00427	0.00475	0.00109	0.004555	0.00419	0.001905
OX359247.1	36200000	36400000	0.005825	0.00673	0.006645	0.00136	0.001325	0.00674	0.006625	0.0014	0.006095	0.00673	0.0058	0.00139
OX359247.1	36400000	36600000	0.00243	0.00175	0.001605	0.000325	0.00035	0.00196	0.00173	0.000275	0.00034	0.001805	0.002445	0.00035
OX359247.1	36600000	36800000	0.00353	0.003305	0.00426	0.00069	0.00127	0.00286	0.00431	0.000745	0.00277	0.00356	0.003775	0.000765
OX359247.1	36800000	37000000	0.00484	0.003945	0.005415	0.001555	0.000805	0.004015	0.005675	0.001615	0.00436	0.00408	0.005075	0.001185
OX359247.1	37000000	37200000	0.00441	0.004295	0.00466	0.000155	0.002055	0.00443	0.004685	0.000425	0.00448	0.004385	0.00451	0.000515
OX359247.1	37200000	37400000	0.004995	0.00463	0.00392	0.00346	0.000795	0.004575	0.003745	0.0014	0.00387	0.004775	0.00347	0.000945
OX359247.1	37400000	37600000	0.00576	0.003865	0.005035	0.00062	0.00296	0.003275	0.00493	0.001225	0.005305	0.00521	0.005775	0.00107
OX359247.1	37600000	37800000	0.00632	0.006125	0.00259	0.00149	0.00119	0.00618	0.002665	0.002425	0.006195	0.005625	0.00573	0.00254
OX359247.1	37800000	38000000	0.00576	0.005535	0.004955	0.005215	0.001725	0.001755	0.006325	0.005485	0.00172	0.00172	0.006755	0.005305
OX359247.1	38000000	38200000	0.00382	0.003605	0.001045	0.00229	0.00012	0.00431	0.001345	0.001475	0.00356	0.003515	0.004415	0.00113
OX359247.1	38200000	38400000	0.00188	0.002	0.000595	0.0007	0.00046	0.00192	0.00123	0.000465	0.002	0.001905	0.00192	0.000635
OX359247.1	38400000	38600000	0.00368	0.003505	0.001105	0.0013	0.002335	0.00314	0.00114	0.001055	0.004125	0.003285	0.00185	0.00204
OX359247.1	38600000	38800000	0.00404	0.002865	0.003435	0.00342	0.002825	0.00331	0.000215	0.00132	0.003495	0.00332	0.00256	0.00031
OX359247.1	38800000	39000000	0.00391	0.00385	0.00031	6e-05	0.0021	0.003755	0.000125	6e-05	0.00411	0.002695	0.002	0.00013
OX359247.1	39000000	39200000	0.00264	0.00284	0.00033	0.00038	0.00192	0.00257	0.000535	0.000855	0.002095	0.00174	0.00091	0.000395
OX359247.1	39200000	39400000	0.003265	0.00388	0.001705	0.001445	0.001525	0.003415	0.0013	0.001655	0.003645	0.00297	0.002625	0.00186
OX359247.1	39400000	39600000	0.00415	0.003555	0.000595	0.00294	0.001555	0.00342	0.000505	0.00101	0.00397	0.004675	0.002545	0.000605
OX359247.1	39600000	39800000	0.008915	0.009185	0.001715	0.001785	0.00025	0.00904	0.00126	0.002985	0.00889	0.008995	0.001635	0.00271
OX359247.1	39800000	40000000	0.00133	0.00348	0.001005	0.001425	0.000525	0.003305	0.000855	0.0031	0.002615	0.00366	0.000405	0.004225
OX359247.1	40000000	40200000	0.002115	0.003995	0.00082	0.0025	0.001145	0.00306	0.001925	0.00113	0.00237	0.00258	0.000545	0.002615
OX359247.1	40200000	40400000	0.00288	0.003385	0.00247	0.002435	0.001835	0.004085	0.001285	0.00078	0.00433	0.00235	0.001005	0.002495
OX359247.1	40400000	40600000	0.003815	0.00244	0.002385	0.00145	0.001095	0.00375	0.0032	0.00262	0.004255	0.001845	0.0034	0.001905
OX359247.1	40600000	40800000	0.00359	0.00292	0.00163	0.003445	0.002615	0.00072	0.00348	0.0034	0.00264	0.003555	0.00386	0.00303
OX359247.1	40800000	41000000	0.001975	0.00388	0.00184	0.00266	0.001975	0.00284	0.001165	0.002025	0.003045	0.002085	0.003785	0.001505
OX359247.1	41000000	41200000	0.00495	0.00477	0.001515	0.00439	0.002075	0.004315	0.003215	0.00168	0.00543	0.00449	0.00292	0.00192
OX359247.1	41200000	41400000	0.0063	0.00615	0.00787	0.008085	0.002085	0.00837	0.007725	0.00778	0.00837	0.00818	0.008025	0.000965
OX359247.1	41400000	41600000	0.006545	0.00783	0.002125	0.00309	0.00354	0.004155	0.002295	0.00384	0.006725	0.003775	0.007795	0.00255
OX359247.1	41600000	41800000	0.00352	0.003455	0.00366	0.003645	0.003585	0.00517	0.00047	0.000325	0.00056	0.00085	0.00512	0.001045
OX359247.1	41800000	42000000	0.001315	0.00482	0.00341	0.00298	0.00553	0.005625	0.000155	0.00012	0.00044	0.00098	0.006445	0.00054
OX359247.1	42000000	42200000	0.00063	0.00334	0.000445	0.00275	0.00492	0.000405	0.000835	0.00044	0.000395	0.005965	0.00726	0.00039
OX359247.1	42200000	42400000	0.0027	0.005055	0.00306	0.001835	0.002815	0.004575	0.00305	3.5e-05	0.003375	0.00427	0.004215	0.00248
OX359247.1	42400000	42600000	0.005145	0.00496	0.001315	0.002535	0.00473	0.006665	0.00075	4e-05	0.001125	0.002765	0.00013	0.00231
OX359247.1	42600000	42800000	0.009025	0.00747	0.003435	0.002395	0.00164	0.007525	0.004545	0.0045	0.00686	0.007125	0.00786	0.00453
OX359247.1	42800000	43000000	0.009955	0.009125	0.00059	0.00103	0.000705	0.009485	0.00104	0.00122	0.00964	0.00926	0.009525	0.001965
OX359247.1	43000000	43200000	0.006525	0.00648	0.00069	0.00075	0.00029	0.006525	0.000685	0.000545	0.00704	0.006545	0.006005	0.000465
OX359247.1	43200000	43400000	0.005705	0.005745	0.00057	0.000545	0.00045	0.005665	0.0005	0.000605	0.00587	0.005785	0.005785	0.001415
OX359247.1	43400000	43600000	0.00758	0.0073	0.00011	5e-06	7e-05	0.00767	0.001855	2.5e-05	0.004885	0.007795	0.00735	6e-05
OX359247.1	43600000	43800000	0.00708	0.007085	0.001375	0.00027	2.5e-05	0.00707	0.00092	0.000115	0.006885	0.007075	0.00726	0.001425
OX359247.1	43800000	44000000	0.00741	0.00729	7e-05	5e-05	0.000285	0.007305	0.001325	0.0003	0.007275	0.005435	0.00526	0.00091
OX359247.1	44000000	44200000	0.01092	0.01082	0.000245	0.00026	0.00029	0.010855	0.000245	0.001955	0.01083	0.01078	0.010925	0.00025
OX359247.1	44200000	44400000	0.00633	0.005665	0.002205	0.00249	8.5e-05	0.006445	0.00341	0.00187	0.00628	0.0063	0.006115	0.001685
OX359247.1	44400000	44600000	0.007985	0.00815	0.000605	0.00077	0.001095	0.008125	0.003645	0.00069	0.007975	0.008125	0.008005	0.000575
OX359247.1	44600000	44800000	0.00513	0.00548	0.00092	0.002245	9e-05	0.00559	0.001865	0.001945	0.00548	0.004905	0.005985	0.001965
OX359247.1	44800000	45000000	0.005305	0.005425	0.0024	0.002925	0.001115	0.004445	0.003145	0.002355	0.005075	0.005155	0.005965	0.00281
OX359247.1	45000000	45200000	0.00411	0.00395	0.000785	0.000215	0.00104	0.0039	0.000545	0.000355	0.00396	0.00393	0.002555	0.00058
OX359247.1	45200000	45400000	0.003655	0.003615	0.00023	0.000295	0.00044	0.003595	0.000275	0.000865	0.00342	0.00362	0.001475	0.000305
OX359247.1	45400000	45600000	0.0007	0.00028	0.000755	0.002665	0.003675	0.00265	0.002055	0.00076	0.0037	0.00306	0.00594	0.001435
OX359247.1	45600000	45800000	0.00228	0.0023	0.00206	0.001795	0.004565	0.003735	0.002475	0.00731	0.00165	0.006535	0.004565	0.002825
OX359247.1	45800000	46000000	0.000375	0.000215	0.001345	0.000535	0.00044	0.00126	0.001075	0.000655	0.000905	0.001415	0.00448	0.001615
OX359247.1	46000000	46200000	0.00236	0.004375	0.00453	0.001655	0.001625	0.00211	0.001475	0.00364	0.001745	0.00166	0.00675	0.002345
OX359247.1	46200000	46400000	0.004075	0.0032	0.00443	0.003565	0.004465	0.00462	0.004955	0.00562	0.005175	0.001845	0.0066	0.004155
OX359247.1	46400000	46600000	0.000665	0.00055	0.00088	0.000445	0.001175	0.000685	0.00054	0.0003	0.000955	0.00129	0.00536	0.00037
OX359247.1	46600000	46800000	0.00215	0.00049	0.00116	0.000335	0.001095	0.00113	0.001785	0.00152	0.00125	0.0011	0.005105	0.001165
OX359247.1	46800000	47000000	0.00032	0.00066	0.00084	0.000815	0.00038	0.00028	0.00036	0.000655	0.0002	0.00078	0.00366	0.000355
OX359247.1	47000000	47200000	0.001395	0.00089	0.001745	0.001115	0.00148	0.00087	0.00129	0.001345	0.000985	0.001295	0.004895	0.00074
OX359247.1	47200000	47400000	0.002015	0.00153	0.001655	0.00058	0.001755	0.00137	0.001325	0.001285	0.001255	0.001425	0.00223	0.000795
OX359247.1	47400000	47600000	0.00153	0.00171	0.00119	0.001695	0.00067	0.001795	0.00122	0.00202	0.00105	0.0015	0.00097	0.00212
OX359247.1	47600000	47800000	0.0009	0.00055	0.00083	0.00071	0.000855	0.000715	0.00083	0.00073	0.000835	0.000705	0.002545	0.00092
OX359247.1	47800000	48000000	6e-05	8e-05	4.5e-05	9.5e-05	6.5e-05	7e-05	5.5e-05	5e-05	5.5e-05	6.5e-05	0.00354	5.5e-05
OX359247.1	48000000	48200000	0.0	5e-06	0.0	5e-06	0.0	0.0	0.0	0.0	0.0	0.0	0.0002	0.0
OX359247.1	48200000	48400000	0.000395	0.00024	0.000255	0.00024	0.00024	0.00024	0.000235	0.000375	0.000265	0.00025	0.005895	0.00039
OX359247.1	48400000	48600000	6.5e-05	0.000145	7.5e-05	0.00014	0.0001	0.000125	9e-05	6.5e-05	8e-05	7e-05	0.0039	0.000115
OX359247.1	48600000	48800000	0.0007	0.00023	6e-05	0.000605	0.000875	0.00078	8.5e-05	0.00023	0.000575	0.000805	0.00315	0.000145
OX359247.1	48800000	49000000	0.001725	0.001515	0.00174	0.002265	0.00126	0.00201	0.00192	0.001555	0.001495	0.00232	0.003605	0.002155
OX359247.1	49000000	49200000	0.00076	0.00102	0.00184	0.000805	0.00169	0.00102	0.002095	0.000755	0.001655	0.0007	0.00093	0.001205
OX359247.1	49200000	49400000	0.00072	0.00076	0.00041	0.000975	0.001165	0.00177	0.00192	0.002005	0.00067	0.002225	0.003085	0.00062
OX359247.1	49400000	49600000	0.000115	0.000965	0.00043	4e-05	0.001255	0.000405	5e-05	3e-05	0.000285	0.000295	0.00108	0.000415
OX359247.1	49600000	49800000	0.000435	0.00021	0.003795	0.000235	0.000285	8e-05	0.00082	0.000225	0.000125	0.00074	0.00011	0.000115
OX359247.1	49800000	50000000	0.00311	0.00071	0.003155	0.000505	0.000515	0.00057	0.00056	0.00039	0.000655	0.00063	0.00076	0.000565
OX359247.1	50000000	50200000	0.000605	0.000355	0.00128	0.000285	0.00031	4.5e-05	0.000305	0.000545	0.000535	1.5e-05	0.0	0.001015
OX359247.1	50200000	50400000	0.0015	0.00138	0.00158	0.001605	0.000935	0.00174	0.00151	0.00164	0.001075	0.00182	0.00104	0.001255
OX359247.1	50400000	50600000	0.003395	0.00124	0.002595	0.001675	0.00208	0.00186	0.00264	0.00383	0.0009	0.00327	0.00156	0.00273
OX359247.1	50600000	50800000	0.00075	0.00128	0.00191	0.001935	0.001275	0.00076	0.00047	0.001825	0.00113	0.00085	0.000285	0.001925
OX359247.1	50800000	51000000	0.002565	0.003835	0.0024	0.001975	0.001885	0.004395	0.001615	0.003135	0.001835	0.00226	0.000515	0.001755
OX359247.1	51000000	51200000	0.00144	0.00302	0.0031	0.00068	0.00326	0.00069	0.003335	0.00345	0.00067	0.00269	0.00056	0.00263
OX359247.1	51200000	51400000	0.001115	0.000745	0.00107	0.00074	0.001075	0.0008	0.000485	0.001075	0.00111	0.00104	3.5e-05	0.001295
OX359247.1	51400000	51600000	0.00061	0.00052	0.000625	0.00054	0.000705	0.000315	0.00073	0.000485	0.00069	0.000645	0.000535	0.000515
OX359247.1	51600000	51800000	5.5e-05	5.5e-05	6e-05	5.5e-05	5.5e-05	3.5e-05	7e-05	3.5e-05	4.5e-05	4.5e-05	5e-06	4.5e-05
OX359247.1	51800000	52000000	0.00015	0.001005	0.000165	0.00085	0.00016	0.00012	0.00097	0.000925	0.00102	0.000155	3.5e-05	0.001025
OX359247.1	52000000	52200000	0.0	5e-06	5e-06	0.0	0.0	0.0	5e-06	1e-05	0.0	5e-06	5e-06	5e-06
OX359247.1	52200000	52400000	0.00034	0.000105	0.00025	0.000175	7.5e-05	9e-05	0.00015	0.00011	0.000285	0.0002	3.5e-05	8e-05
OX359247.1	52400000	52600000	0.00019	0.00036	0.000115	0.000205	0.000105	7e-05	0.000205	0.00017	0.001445	0.00014	2.5e-05	0.00037
OX359247.1	52600000	52800000	0.000585	0.001275	0.0007	0.00067	0.000795	0.000935	0.00082	0.000925	0.00135	0.000655	0.000115	0.000765
OX359247.1	52800000	53000000	0.00039	0.001185	0.000375	0.00078	0.000705	0.000725	0.000785	0.00107	0.00042	0.000495	0.000295	0.000385
OX359247.1	53000000	53200000	0.000215	0.000525	0.000545	0.00041	0.00034	0.00037	0.00086	0.000485	0.00069	0.000295	1.5e-05	0.0004
OX359247.1	53200000	53400000	0.00054	0.000475	0.000445	0.000325	0.00064	0.000165	0.000665	0.00036	0.00023	0.0002	0.000165	0.00039
OX359247.1	53400000	53600000	0.0029	0.006295	0.00353	0.00399	0.006955	0.007385	0.002075	0.00231	0.002895	0.0035	0.001445	0.003895
OX359247.1	53600000	53800000	0.00851	0.0085	0.01352	0.007365	0.01263	0.0053	0.012255	0.011835	0.005415	0.013415	0.005395	0.005245
OX359247.1	53800000	54000000	0.002805	0.00346	0.00404	0.00285	0.002325	0.003295	0.001375	0.00515	0.004365	0.002665	0.00188	0.00379
OX359247.1	54000000	54200000	0.00153	0.002375	0.0025	0.00186	0.00262	0.002745	0.0023	0.001695	0.001735	0.00237	0.000485	0.002475
OX359247.1	54200000	54400000	0.00019	0.00059	0.00061	0.00015	0.00076	0.00033	0.00017	0.00083	0.00053	0.000965	1e-05	0.00073
OX359247.1	54400000	54600000	0.00556	0.005525	0.005555	0.001035	0.005315	0.000885	0.000945	3.5e-05	0.0011	0.000895	4.5e-05	0.00091
OX359247.1	54600000	54800000	0.00216	0.00317	0.0006	0.000995	0.00258	0.00036	0.001135	0.000805	0.00044	0.00058	0.000725	0.000965
OX359247.1	54800000	55000000	0.001335	0.00033	0.000195	0.001455	0.001055	3.5e-05	0.00024	0.0013	0.00145	0.00128	7e-05	0.002
OX359247.1	55000000	55200000	0.00122	0.001285	0.00111	0.000675	0.000715	0.001405	0.000805	0.001245	0.004565	0.001625	0.00064	0.001365
OX359247.1	55200000	55400000	0.0005	0.002055	0.000395	0.00048	0.00028	0.00249	0.00117	0.00043	0.000925	0.00033	0.00178	0.001355
OX359247.1	55400000	55600000	0.00041	0.00021	0.001225	0.00035	0.000365	0.000185	0.00028	0.000315	0.00026	0.00019	0.001195	0.000465
OX359247.1	55600000	55800000	0.001505	0.000425	0.000215	0.000165	0.000185	0.001555	0.000125	0.001345	0.000365	0.000365	0.00042	0.00049
OX359247.1	55800000	56000000	0.003195	0.004755	0.00231	0.00351	0.006125	0.003075	0.001325	0.003345	0.001485	0.002765	0.001485	0.00078
OX359247.1	56000000	56200000	0.001945	0.00378	0.00259	0.002465	0.002045	0.002075	0.00199	0.00432	0.001545	0.00168	0.001165	0.00332
OX359247.1	56200000	56400000	0.00448	0.0039	0.00344	0.003415	0.0033	0.001685	0.001865	0.002235	0.00118	0.002295	0.00299	0.00186
OX359247.1	56400000	56600000	0.00171	0.001625	0.001845	0.00268	0.002015	0.00131	0.000625	0.002235	0.00224	0.001405	0.00229	0.00254
OX359247.1	56600000	56800000	0.001355	0.00181	0.0019	0.0013	0.00194	0.001205	0.002445	0.00163	0.001585	0.002555	0.000265	0.00223
OX359247.1	56800000	57000000	0.000325	0.000325	0.000465	8.5e-05	0.00037	9.5e-05	0.000275	0.000985	0.000195	0.00031	0.00016	0.000455
OX359247.1	57000000	57200000	0.000285	0.000165	0.000265	0.00017	0.000275	0.000215	0.00027	0.000865	0.00031	0.0002	0.000255	0.000205
OX359247.1	57200000	57400000	0.005265	0.000835	0.00064	0.000465	0.001665	0.000825	0.00056	0.006915	0.00216	0.000535	0.000735	0.005535
OX359247.1	57400000	57600000	0.00183	0.001305	0.00083	0.001225	0.001145	0.001225	0.00213	0.001465	0.00125	0.00135	0.000205	0.0018
OX359247.1	57600000	57800000	0.00384	0.005335	0.00322	0.003415	0.003845	0.006325	0.00484	0.00432	0.004515	0.00263	0.002005	0.00282
OX359247.1	57800000	58000000	0.002455	0.001405	0.001385	0.00152	0.003995	0.00208	0.00212	0.00322	0.00193	0.00233	0.000775	0.00326
OX359247.1	58000000	58200000	0.00239	0.002725	0.001755	0.00293	0.00371	0.001815	0.0028	0.00282	0.003105	0.003315	0.000945	0.00273
OX359247.1	58200000	58400000	0.00526	0.00379	0.00321	0.003945	0.002905	0.004305	0.002915	0.00299	0.00223	0.002555	0.001685	0.003785
OX359247.1	58400000	58600000	0.00404	0.00605	0.002845	0.002955	0.005595	0.00403	0.006335	0.002385	0.005295	0.00366	0.001355	0.00203
OX359247.1	58600000	58800000	0.00883	0.005255	0.003575	0.00285	0.004755	0.00424	0.00354	0.00676	0.0059	0.002255	0.000235	0.002
OX359247.1	58800000	59000000	0.002655	0.001635	0.00216	0.002705	0.00199	0.00203	0.001545	0.00335	0.00253	0.00224	0.00074	0.003455
OX359247.1	59000000	59200000	0.002335	0.002945	0.002555	0.00434	0.00286	0.004435	0.00392	0.00456	0.002205	0.0041	0.001	0.00316
OX359247.1	59200000	59400000	0.000365	0.001405	0.002145	0.0017	0.00069	0.00175	0.000855	0.000885	0.001115	0.001525	0.00058	0.001835
OX359247.1	59400000	59600000	0.002025	0.00182	0.000645	0.001725	0.002425	0.002345	0.00211	0.002475	0.001795	0.00163	0.00054	0.00201
OX359247.1	59600000	59800000	0.001255	0.001505	0.000655	0.000525	0.001845	0.001355	0.00048	0.001585	0.001275	0.000475	0.000115	0.00049
OX359247.1	59800000	60000000	0.00147	0.00116	0.00103	0.001275	0.000935	0.00118	0.00122	0.000825	0.00063	0.000255	0.000395	0.00069
OX359247.1	60000000	60200000	0.000795	0.000945	0.000655	0.000735	0.00099	0.000685	0.000535	0.00095	0.000275	0.00064	0.00058	0.00109
OX359247.1	60200000	60400000	0.001865	0.006695	0.00115	0.000705	0.00166	0.000445	0.00186	0.000825	0.00082	0.000705	0.00103	0.000675
OX359247.1	60400000	60600000	0.00048	0.000535	0.00113	0.00044	0.00193	0.000535	0.00058	0.00124	0.00157	0.002435	0.00043	0.00105
OX359247.1	60600000	60800000	0.001455	0.000445	8.5e-05	0.002235	0.00223	0.00395	0.00452	0.00016	0.001915	0.00235	0.001125	0.00053
OX359247.1	60800000	61000000	0.000605	0.001165	0.000295	0.00063	0.001235	0.00118	0.001185	0.000935	0.000775	0.001335	0.000145	0.00064
OX359247.1	61000000	61200000	0.000805	0.00147	0.00609	0.000635	0.00186	0.00096	0.000935	0.005125	0.004985	0.005325	0.00023	0.00167
OX359247.1	61200000	61400000	0.000665	0.00065	0.00066	0.000655	0.00071	0.000575	0.000675	0.000595	0.00064	0.000715	0.000515	0.00064
OX359247.1	61400000	61600000	0.00093	0.001605	0.0013	0.001285	0.00086	0.0009	0.000805	0.00159	0.000935	0.00088	0.00083	0.00054
OX359247.1	61600000	61800000	0.000695	0.00103	0.000455	0.003385	0.00169	0.001845	0.001835	0.0017	0.00043	0.00169	0.000295	0.00196
OX359247.1	61800000	62000000	0.001845	0.000445	0.000765	0.003075	0.00277	0.001075	0.0008	0.000725	0.001955	0.0022	0.0002	0.001995
OX359247.1	62000000	62200000	0.002795	0.001135	0.00233	0.002005	0.002395	0.002045	0.00031	0.00069	0.0014	0.00486	0.00012	0.001545
OX359247.1	62200000	62400000	0.000425	0.000995	0.0004	0.00052	0.001125	0.00091	0.000945	0.00051	0.00095	0.001175	0.00048	0.001105
OX359247.1	62400000	62600000	0.00172	0.000695	0.000645	0.00065	0.001595	0.001095	0.00194	0.00017	0.00309	0.00435	0.000505	0.00085
OX359247.1	62600000	62800000	0.004745	0.00194	0.003785	0.003965	0.002475	0.001795	0.002345	0.002335	0.00353	0.004045	7e-05	0.00376
OX359247.1	62800000	63000000	0.000155	0.0	0.00015	0.00015	0.0	0.0	0.0	0.0	0.00015	0.00015	0.0	0.00015
OX359247.1	63000000	63200000	0.000845	0.00073	0.000875	4e-05	0.0	0.00073	0.00073	0.00071	0.00087	0.00023	0.0	0.000865
OX359247.1	63200000	63400000	9e-05	0.0	9e-05	9e-05	0.0	0.0	0.0	0.0	9e-05	9e-05	0.0	9e-05
OX359247.1	63400000	63600000	1e-05	0.0	1e-05	1e-05	0.0	0.0	0.0	0.0	1e-05	1e-05	0.0	1e-05
OX359247.1	63600000	63800000	0.001625	0.001105	0.001325	0.00162	0.000815	0.000915	0.000845	0.001055	0.001585	0.001085	0.000915	0.001805
OX359247.1	63800000	64000000	0.000795	0.00029	0.000735	0.0008	0.000285	0.00028	0.000275	0.00031	0.00076	0.000865	0.00029	0.00079
OX359247.1	64000000	64200000	0.00047	0.00039	0.001175	0.00123	0.000335	0.000335	0.0003	0.00049	0.00057	0.000475	0.000575	0.001395
OX359247.1	64200000	64400000	0.00191	9e-05	0.000665	0.00191	5.5e-05	5e-05	4e-05	8e-05	0.00188	0.000195	9e-05	0.000405
OX359247.1	64400000	64600000	0.000145	0.000115	0.00109	0.00068	0.00076	0.000125	0.00017	0.0007	0.000645	0.00065	0.0001	0.00122
OX359247.1	64600000	64800000	0.00045	0.000455	0.001135	0.0011	0.00035	0.000435	0.0004	0.00046	0.001175	0.001055	0.000245	0.00109
OX359247.1	64800000	65000000	0.0013	0.00114	0.00147	0.00157	0.001255	0.001255	0.0008	0.00087	0.001795	0.00181	0.00105	0.001685
OX359247.1	65000000	65200000	0.000835	0.00147	0.001925	0.002545	0.00105	0.00157	0.0017	0.00195	0.002605	0.001725	0.00126	0.002715
OX359247.1	65200000	65400000	0.000465	0.000395	0.00093	0.0009	0.0004	0.000425	0.00034	0.00035	0.001005	0.000425	0.00027	0.000935
OX359247.1	65400000	65600000	0.003945	0.000705	0.004085	0.004055	0.000325	0.000985	0.00046	0.00031	0.00395	0.004115	6.5e-05	0.00408
OX359247.1	65600000	65800000	0.001975	0.0007	0.002005	0.001925	0.0008	0.00098	0.00057	0.000505	0.00212	0.001935	0.000295	0.001935
OX359247.1	65800000	66000000	0.00143	0.00032	0.00163	0.001485	0.000625	0.001035	0.00014	0.000255	0.001505	0.00158	0.000125	0.001495
OX359247.1	66000000	66200000	0.001075	9e-05	0.00111	0.001155	6.5e-05	0.00044	5e-05	7.5e-05	0.001155	0.00116	8.5e-05	0.00116
OX359248.1	0	200000	0.00067	0.000725	0.0007	0.000485	0.000425	0.00061	0.00065	0.000475	0.0007	0.000695	0.000675	0.000695
OX359248.1	200000	400000	2.5e-05	4e-05	3e-05	4.5e-05	6.5e-05	7.5e-05	2.5e-05	4e-05	7.5e-05	5.5e-05	4e-05	6e-05
OX359248.1	400000	600000	0.000115	0.000125	6.5e-05	0.000115	0.00012	0.00011	9e-05	0.00016	0.00012	2.5e-05	8e-05	3.5e-05
OX359248.1	600000	800000	0.00073	0.000665	0.000565	0.00044	0.000575	0.000635	0.000715	0.00066	0.001	0.001105	0.000555	0.00058
OX359248.1	800000	1000000	0.00051	0.00081	0.000575	0.00072	0.000525	5e-05	0.00049	0.00069	0.0006	0.000635	0.0	0.00044
OX359248.1	1000000	1200000	0.00128	0.00125	0.001015	0.001715	0.00133	0.001045	0.00123	0.001205	0.001105	0.001065	5e-06	0.000785
OX359248.1	1200000	1400000	0.00056	0.00058	0.00037	0.000615	0.00086	0.00056	0.00144	0.0004	0.002115	0.00071	0.0	0.000585
OX359248.1	1400000	1600000	0.00101	0.000785	0.000575	0.001065	0.00078	0.00082	0.001185	0.000875	0.00361	0.001425	4.5e-05	0.00057
OX359248.1	1600000	1800000	0.000515	0.00026	0.000135	0.00036	0.000475	0.0003	0.00032	0.000325	0.00303	0.00147	0.00029	0.000115
OX359248.1	1800000	2000000	0.00091	0.000935	0.00082	0.00079	0.00086	0.000315	0.00044	0.00035	0.003805	0.003515	0.0004	0.00062
OX359248.1	2000000	2200000	0.001145	0.000745	0.00046	0.00113	0.00114	0.000195	0.00094	0.000295	0.002905	0.00282	0.00023	0.00145
OX359248.1	2200000	2400000	0.000785	0.00071	0.0004	0.00014	0.001805	0.000195	0.0006	0.000225	0.00362	0.004455	0.000215	0.00071
OX359248.1	2400000	2600000	0.00032	0.00013	0.00042	0.000305	0.000265	0.000115	0.000315	0.000205	0.00189	0.002275	0.00012	0.000355
OX359248.1	2600000	2800000	0.001055	0.00112	0.000215	0.00166	0.000895	0.000945	0.00083	0.00124	0.00327	0.00311	5e-06	0.00152
OX359248.1	2800000	3000000	0.001025	0.00111	0.00038	0.00122	0.00082	0.0017	0.002385	0.00174	0.0021	0.002225	0.000165	0.001475
OX359248.1	3000000	3200000	0.00072	0.000485	0.0012	0.00143	0.001195	0.001235	0.00119	0.001475	0.00357	0.003185	0.000175	0.00139
OX359248.1	3200000	3400000	0.00075	0.000655	0.0014	0.000625	0.00134	0.00115	0.00055	0.00081	0.003115	0.00313	2.5e-05	0.001235
OX359248.1	3400000	3600000	0.00107	0.00204	0.001925	0.001665	0.001295	0.00125	0.001955	0.001465	0.005235	0.00585	9.5e-05	0.00213
OX359248.1	3600000	3800000	0.00113	0.001055	0.00193	0.002435	0.0016	0.00156	0.001715	0.001655	0.00674	0.006685	0.0001	0.00128
OX359248.1	3800000	4000000	0.000145	0.00054	0.000115	8e-05	0.00057	0.00012	0.000105	0.0006	0.003965	0.004205	3.5e-05	0.000225
OX359248.1	4000000	4200000	0.001795	0.00114	0.001785	0.000925	0.00109	0.00154	0.001395	0.001765	0.004525	0.005075	0.00016	0.00164
OX359248.1	4200000	4400000	0.00091	0.00058	0.000795	0.001175	0.0007	0.001255	0.000915	0.00173	0.002635	0.00287	2e-05	0.000805
OX359248.1	4400000	4600000	0.00179	0.000695	0.001135	0.00186	0.001045	0.00223	0.000725	0.00186	0.00251	0.00257	0.000265	0.001205
OX359248.1	4600000	4800000	0.00134	0.0006	0.0012	0.00111	0.000465	0.00081	0.00134	0.00117	0.00281	0.002705	0.000655	0.000985
OX359248.1	4800000	5000000	3e-05	1e-05	0.00021	2.5e-05	6e-05	3.5e-05	3.5e-05	4e-05	0.002415	0.003535	1e-05	2e-05
OX359248.1	5000000	5200000	0.000125	0.00021	0.000125	0.00019	0.000165	0.000185	0.00013	0.0002	0.003025	0.003865	9e-05	0.00017
OX359248.1	5200000	5400000	8.5e-05	7.5e-05	0.00012	8e-05	8e-05	5e-05	9.5e-05	7.5e-05	0.00446	0.00421	1.5e-05	6.5e-05
OX359248.1	5400000	5600000	0.000145	0.00105	0.00096	0.001365	0.000605	0.000175	0.00045	0.000545	0.002565	0.002795	0.000235	0.00043
OX359248.1	5600000	5800000	0.001515	0.002215	0.001645	0.001115	0.002075	0.001345	0.00122	0.001045	0.00255	0.004535	0.001655	0.00103
OX359248.1	5800000	6000000	0.000125	0.001945	0.00097	0.00061	0.000535	0.00056	0.000235	0.0	0.00284	0.00311	0.000295	0.000535
OX359248.1	6000000	6200000	0.00131	0.00174	0.00034	0.00172	0.00233	0.002085	0.00153	0.000335	0.0024	0.003015	0.00016	0.002845
OX359248.1	6200000	6400000	0.00085	0.00212	0.000805	0.002035	0.00224	0.002175	0.000885	0.00065	0.004825	0.002335	0.001005	0.002375
OX359248.1	6400000	6600000	9.5e-05	0.00053	0.000585	0.00045	0.000665	0.000845	0.00037	0.0003	0.003695	0.003525	2.5e-05	0.000465
OX359248.1	6600000	6800000	8.5e-05	0.000105	0.000185	0.000175	0.00018	0.0001	6e-05	0.00022	0.004125	0.00439	4e-05	0.000345
OX359248.1	6800000	7000000	0.00086	0.000525	0.000965	0.000685	0.00106	0.00077	0.00066	0.00107	0.002565	0.003925	0.001285	0.00089
OX359248.1	7000000	7200000	0.00043	0.00059	0.00038	0.00039	0.00044	0.000605	0.00077	0.00043	0.004105	0.00407	0.00055	0.00064
OX359248.1	7200000	7400000	0.000975	0.0014	0.001175	0.00076	0.001475	0.001585	0.001385	0.00143	0.00377	0.003825	0.00165	0.00164
OX359248.1	7400000	7600000	0.000555	0.000445	0.000785	0.000725	0.00053	0.000775	0.000425	0.000445	0.002795	0.002875	0.00064	0.000415
OX359248.1	7600000	7800000	0.001325	0.00082	0.000635	0.00074	0.00038	0.000115	0.0001	0.00102	0.00258	0.00265	0.00037	0.00042
OX359248.1	7800000	8000000	0.00012	0.00068	9e-05	0.000115	0.000485	0.000325	9.5e-05	0.001105	0.001905	0.0019	0.00035	0.00062
OX359248.1	8000000	8200000	0.000405	0.0003	0.001	0.000445	0.00067	0.00024	0.00076	0.000445	0.00379	0.00371	0.001695	0.000965
OX359248.1	8200000	8400000	4e-05	0.00026	3e-05	0.000365	0.0004	5e-05	0.000195	0.00057	0.00286	0.002875	2e-05	0.00041
OX359248.1	8400000	8600000	0.00029	0.000525	0.0007	0.00081	0.00236	0.0003	0.00032	0.00062	0.00194	0.002665	0.0011	0.00192
OX359248.1	8600000	8800000	0.002545	0.00255	0.000465	0.00056	0.00312	0.000385	0.000705	0.00261	0.00363	0.004235	0.00021	0.000865
OX359248.1	8800000	9000000	0.00066	0.00076	9.5e-05	0.00014	0.00016	0.00064	0.0004	0.00035	0.00352	0.003525	4e-05	0.000405
OX359248.1	9000000	9200000	0.00017	0.000195	0.00016	0.00017	0.000205	0.000165	8e-05	0.00016	0.00401	0.0035	0.000225	0.000155
OX359248.1	9200000	9400000	1.5e-05	3e-05	2.5e-05	1e-05	4e-05	4.5e-05	5e-05	3.5e-05	0.001625	0.001915	1e-05	5e-05
OX359248.1	9400000	9600000	4e-05	4.5e-05	4e-05	5.5e-05	5e-05	4e-05	3e-05	4e-05	0.0041	0.00472	4.5e-05	4e-05
OX359248.1	9600000	9800000	0.000635	0.00065	0.00034	0.000935	0.001555	0.000745	0.000245	0.00088	0.005525	0.008025	0.00257	0.000175
OX359248.1	9800000	10000000	0.00034	0.000445	0.00038	0.0003	0.00032	0.00036	0.00025	0.000245	0.004005	0.004455	0.000565	0.00031
OX359248.1	10000000	10200000	0.000745	0.001225	0.00094	0.0012	0.001065	0.001085	0.001055	0.00078	0.004675	0.00524	0.000125	0.000745
OX359248.1	10200000	10400000	0.000715	0.00075	0.00162	0.000885	0.001065	0.001365	0.001095	0.001035	0.005915	0.00656	0.0005	0.00092
OX359248.1	10400000	10600000	0.00065	0.00074	0.000275	0.000765	0.00059	0.000535	0.00076	0.00068	0.004775	0.004665	0.00018	0.000905
OX359248.1	10600000	10800000	0.00197	0.002265	0.00154	0.00102	0.000705	0.001455	0.00139	0.00114	0.002965	0.003155	0.00117	0.001625
OX359248.1	10800000	11000000	0.001255	0.00203	0.001675	0.000795	0.00113	0.002725	0.001765	0.00201	0.002465	0.00577	0.00017	0.000735
OX359248.1	11000000	11200000	0.001775	0.00174	0.00139	0.00132	0.00121	0.000185	0.00145	0.001605	0.00268	0.004735	0.000765	0.001685
OX359248.1	11200000	11400000	0.00236	0.001895	0.001665	0.0016	0.002055	0.00095	0.001345	0.00166	0.0032	0.004605	5e-05	0.00165
OX359248.1	11400000	11600000	9e-05	0.000265	0.00053	0.000585	0.00022	0.000675	0.000235	0.000685	0.000565	0.00073	0.000185	0.0006
OX359248.1	11600000	11800000	0.00235	0.00383	0.002365	0.00485	0.003865	0.00189	0.0015	0.00278	0.004605	0.006085	0.00057	0.002975
OX359248.1	11800000	12000000	0.00022	0.0007	4.5e-05	0.00068	0.00067	5e-05	6.5e-05	0.00018	0.004185	0.00459	1e-05	0.00068
OX359248.1	12000000	12200000	0.00016	0.000175	0.00012	0.00015	0.000165	0.0002	2.5e-05	0.000165	0.00261	0.002625	1.5e-05	0.000195
OX359248.1	12200000	12400000	0.00026	2e-05	0.000515	0.000685	0.00026	1e-05	0.000255	0.000735	0.00395	0.004065	0.00058	1.5e-05
OX359248.1	12400000	12600000	7.5e-05	8.5e-05	3.5e-05	2.5e-05	7e-05	5e-05	5.5e-05	5e-05	0.004515	0.00472	0.004225	9e-05
OX359248.1	12600000	12800000	2e-05	6e-05	1.5e-05	2e-05	3e-05	4e-05	4.5e-05	5e-05	0.005395	0.00557	0.00545	3.5e-05
OX359248.1	12800000	13000000	0.00024	0.000385	0.0002	0.000395	0.00045	0.000375	0.000135	0.00022	0.00091	0.001925	0.00171	0.00036
OX359248.1	13000000	13200000	1.5e-05	7e-05	1.5e-05	2e-05	1.5e-05	1.5e-05	4e-05	3e-05	3e-05	0.00018	0.000175	2e-05
OX359248.1	13200000	13400000	0.001485	0.00081	0.001465	0.000675	0.001605	0.00082	0.001195	0.00135	0.00151	0.00164	0.00163	0.001145
OX359248.1	13400000	13600000	0.000725	0.000565	0.000635	0.000445	0.00111	0.001005	0.000805	0.00076	0.001355	0.004315	0.00232	0.00048
OX359248.1	13600000	13800000	0.00034	0.0001	0.000145	0.00035	0.00023	6e-05	8.5e-05	8e-05	0.00347	0.00378	0.0046	6e-05
OX359248.1	13800000	14000000	0.00098	0.0005	0.000705	0.000765	0.000565	0.00042	0.000925	0.00042	0.002665	0.000405	0.00204	0.000955
OX359248.1	14000000	14200000	0.00115	0.000145	0.00163	0.001755	0.000195	0.000135	0.002195	0.00232	0.001965	0.00047	0.00248	0.001215
OX359248.1	14200000	14400000	0.002555	0.00311	0.001485	0.00278	0.003735	0.002825	0.00284	0.002335	0.00502	0.001405	0.004475	0.00174
OX359248.1	14400000	14600000	0.001695	0.00129	0.00153	0.0013	0.00115	0.000865	0.00106	0.00088	0.003805	0.00138	0.005595	0.001295
OX359248.1	14600000	14800000	0.00039	0.000345	0.000145	0.000325	0.000325	0.000165	0.00035	0.00012	0.000285	0.00022	0.000345	0.000345
OX359248.1	14800000	15000000	0.000665	0.000525	0.000335	0.00022	0.000355	0.000365	0.00017	0.00029	0.00132	0.00029	0.000885	0.000245
OX359248.1	15000000	15200000	0.00067	0.001585	0.00029	0.000245	0.000775	0.000355	0.00012	0.00033	0.00208	0.000315	0.00242	0.00012
OX359248.1	15200000	15400000	0.001125	0.000445	0.00074	0.000295	0.000215	0.00158	0.00093	0.00083	0.00305	0.00031	0.003965	0.002145
OX359248.1	15400000	15600000	0.00052	0.00017	0.000165	0.000565	0.00072	0.001125	0.00141	0.000995	0.003325	0.001135	0.0037	0.002325
OX359248.1	15600000	15800000	0.00082	0.00062	0.00033	0.00032	0.00014	0.00093	0.000665	0.000465	0.00283	0.00029	0.003275	0.002305
OX359248.1	15800000	16000000	0.001535	0.000415	0.000355	0.000715	0.0012	0.002915	0.000555	0.001065	0.003065	0.00047	0.003285	0.00312
OX359248.1	16000000	16200000	0.001665	0.001185	0.00145	0.001	0.001295	0.0036	0.0022	0.001515	0.003095	0.00135	0.003795	0.003355
OX359248.1	16200000	16400000	0.000455	0.00157	0.002745	0.00166	0.00055	0.00352	0.00196	0.00153	0.00348	0.001175	0.00413	0.003495
OX359248.1	16400000	16600000	0.00093	0.001135	0.002035	0.001605	0.001335	0.00438	0.00128	0.001805	0.004205	0.00164	0.00457	0.00436
OX359248.1	16600000	16800000	0.002745	0.000135	0.00161	0.000495	0.00196	0.006495	0.00054	0.000625	0.00549	0.000365	0.005475	0.00587
OX359248.1	16800000	17000000	0.001025	4e-05	0.000865	0.000835	0.000725	0.001555	0.000105	0.00084	0.00177	0.00075	0.001755	0.00136
OX359248.1	17000000	17200000	0.001105	0.0	0.001795	0.000445	0.000855	0.00154	0.0018	0.00111	0.004095	0.001075	0.00448	0.001365
OX359248.1	17200000	17400000	0.002025	0.002625	0.00182	0.00216	0.001765	0.00507	0.002215	0.002115	0.00515	0.00087	0.00477	0.00583
OX359248.1	17400000	17600000	0.00122	0.001	0.000955	0.00059	0.000745	0.00232	0.00113	0.00095	0.005315	0.000785	0.00383	0.002925
OX359248.1	17600000	17800000	0.000975	0.001265	0.001415	0.00079	0.00134	0.0012	0.001335	0.00097	0.002695	0.000355	0.00269	0.002785
OX359248.1	17800000	18000000	0.001475	0.000895	0.001115	0.001425	0.001135	0.0034	0.001195	0.001675	0.004095	0.00067	0.004345	0.002455
OX359248.1	18000000	18200000	0.00368	0.00158	0.001755	0.003255	0.001885	0.004375	0.00164	0.001935	0.006285	0.00249	0.005465	0.004795
OX359248.1	18200000	18400000	0.002415	0.000815	0.001885	0.001385	0.00248	0.00371	0.002025	0.00165	0.004025	0.002915	0.00455	0.003885
OX359248.1	18400000	18600000	0.0011	0.00095	0.001055	0.00119	0.000985	0.001385	0.001185	0.00078	0.00245	0.00067	0.00262	0.002005
OX359248.1	18600000	18800000	0.004645	0.00278	0.00298	0.003895	7.5e-05	0.0033	0.001135	0.002145	0.005335	0.00229	0.00529	0.003455
OX359248.1	18800000	19000000	0.00864	0.00855	0.006955	0.00438	0.00347	0.00838	0.00683	0.00157	0.00692	1e-05	0.00417	0.0039
OX359248.1	19000000	19200000	0.00697	0.006795	0.00547	0.007155	0.0017	0.00857	0.00591	0.00121	0.005665	0.00385	0.00444	0.00503
OX359248.1	19200000	19400000	0.002135	0.002465	0.00301	0.001055	0.000465	0.002415	0.00126	0.001705	0.003975	0.001685	0.00484	0.00209
OX359248.1	19400000	19600000	0.001005	0.00109	0.00186	0.00104	0.0	0.003795	0.00074	0.000945	0.001935	0.00322	0.00441	0.00328
OX359248.1	19600000	19800000	0.000565	0.0004	0.001605	0.00058	0.000205	0.00479	0.0011	0.000625	0.000755	0.000985	0.003785	0.003755
OX359248.1	19800000	20000000	0.001655	0.00151	0.00161	0.00154	0.001745	0.003985	0.001265	0.00121	0.00134	0.00147	0.00375	0.003805
OX359248.1	20000000	20200000	0.00096	0.000415	0.000665	0.000325	0.000575	0.003615	0.000465	0.00021	0.000215	0.000525	0.0032	0.00357
OX359248.1	20200000	20400000	0.001745	0.001815	0.001465	0.00192	0.001845	0.00425	0.00183	0.001775	0.002395	0.00086	0.004525	0.005005
OX359248.1	20400000	20600000	0.001385	0.002325	0.001625	0.00194	0.00143	0.00389	0.00188	0.00214	0.00152	0.001515	0.004555	0.003605
OX359248.1	20600000	20800000	0.00141	0.003595	0.0013	0.003715	0.001655	0.003315	0.00317	0.00177	0.00446	0.00155	0.00436	0.002305
OX359248.1	20800000	21000000	0.00211	0.001185	0.001535	0.00103	0.0025	0.003665	0.00265	0.00272	0.002215	0.002555	0.00334	0.001395
OX359248.1	21000000	21200000	0.00032	0.00081	0.000855	0.0004	0.000675	0.000925	0.000605	0.00086	0.00068	0.000265	0.00124	0.001205
OX359248.1	21200000	21400000	0.00132	0.000985	0.00144	0.001435	0.00108	0.00365	0.00111	0.00104	0.00124	0.000415	0.004805	0.00363
OX359248.1	21400000	21600000	0.00197	0.00216	0.001105	0.002305	0.001345	0.00299	0.00076	0.00149	0.002115	0.002555	0.005425	0.00319
OX359248.1	21600000	21800000	0.00203	0.001445	0.002035	0.004335	0.001635	0.003735	0.00398	0.000755	0.00298	0.00573	0.00731	0.00108
OX359248.1	21800000	22000000	0.002775	0.00137	0.000595	0.003395	0.00221	0.00474	0.001935	0.00424	0.00231	0.00238	0.00576	0.00441
OX359248.1	22000000	22200000	0.000405	0.000295	0.00032	0.000415	0.00131	0.00023	0.000255	0.001195	0.001265	0.000255	0.002805	0.00245
OX359248.1	22200000	22400000	0.00225	0.001105	0.000205	0.0008	0.001175	0.002845	0.00151	0.001935	0.00092	0.00101	0.004685	0.00205
OX359248.1	22400000	22600000	0.00067	0.00063	0.000375	0.00135	0.000945	0.00166	0.00101	0.000835	0.002445	0.00068	0.00472	0.004225
OX359248.1	22600000	22800000	0.00178	0.00231	0.00072	0.00243	0.00164	0.00381	0.00136	0.00186	0.00179	0.001965	0.005705	0.004525
OX359248.1	22800000	23000000	0.001485	0.001265	0.00105	0.003155	0.0012	0.00296	0.001315	0.001825	0.00291	0.00221	0.00483	0.004985
OX359248.1	23000000	23200000	0.00145	0.001215	0.00052	0.00157	0.000715	0.000505	0.00169	0.000605	0.001115	0.00149	0.004795	0.002355
OX359248.1	23200000	23400000	0.00111	0.00192	0.00106	0.001585	0.001345	0.002525	0.001805	0.001315	0.001795	0.00166	0.00376	0.001515
OX359248.1	23400000	23600000	0.0004	0.00061	0.000795	0.00051	0.000455	0.000595	0.00055	0.0002	0.00023	0.000355	0.001295	0.000895
OX359248.1	23600000	23800000	0.0016	0.0003	0.00081	0.000235	0.00135	0.000135	0.00141	0.000575	0.000695	0.001145	0.002415	0.00262
OX359248.1	23800000	24000000	0.002185	0.00189	0.00042	0.001075	0.001125	0.00105	0.00269	0.00145	0.000665	0.002165	0.002035	0.0024
OX359248.1	24000000	24200000	0.000935	0.002715	0.00156	0.001775	0.00168	0.001885	0.0011	0.00238	0.00166	0.00202	0.00436	0.00332
OX359248.1	24200000	24400000	0.00225	0.000975	0.000685	0.000375	0.001615	0.00293	0.00197	0.00186	0.00087	0.000455	0.002925	0.002375
OX359248.1	24400000	24600000	1.5e-05	1e-05	5e-06	1e-05	3e-05	0.00016	5e-06	3.5e-05	1e-05	2.5e-05	0.00015	2.5e-05
OX359248.1	24600000	24800000	0.001015	0.00042	0.00049	0.000855	0.00082	0.00403	0.00075	0.00048	0.00092	0.00033	0.00447	0.00224
OX359248.1	24800000	25000000	4.5e-05	3e-05	0.000145	2e-05	3e-05	0.00301	2.5e-05	2.5e-05	0.000315	4.5e-05	0.004305	0.002275
OX359248.1	25000000	25200000	0.001025	0.001235	0.000365	0.00076	0.0003	0.00274	0.000535	0.000225	0.00146	0.002855	0.004465	0.00491
OX359248.1	25200000	25400000	0.00134	0.00137	0.001735	0.00117	0.002145	0.00347	0.001785	0.00136	0.00193	0.001905	0.004205	0.004105
OX359248.1	25400000	25600000	0.00116	0.004575	0.002465	0.00316	0.003465	0.00318	0.00236	0.00093	0.00173	0.003235	0.00475	0.003105
OX359248.1	25600000	25800000	0.003065	0.00249	0.001795	0.00235	0.00249	0.003555	0.00325	0.00219	0.001355	0.001875	0.004875	0.002315
OX359248.1	25800000	26000000	0.00203	0.00588	0.00187	0.00329	0.00204	0.005525	0.00366	0.004625	0.001435	0.00202	0.006	0.00342
OX359248.1	26000000	26200000	0.000945	0.004225	0.004245	0.00386	0.001925	0.001765	0.004855	0.001695	0.0034	0.000215	0.00127	0.00148
OX359248.1	26200000	26400000	0.00431	0.003115	0.00211	0.00348	0.004065	0.00412	0.003865	0.003365	0.002905	0.001445	0.005355	0.003995
OX359248.1	26400000	26600000	0.00355	0.00081	0.0027	0.001435	0.002075	0.002845	0.003	0.002705	0.000865	0.00317	0.00409	0.00058
OX359248.1	26600000	26800000	0.002195	0.0017	0.002675	0.002555	0.00139	0.00466	0.002435	0.003535	0.0009	0.003375	0.00329	0.003475
OX359248.1	26800000	27000000	0.00151	0.00199	0.00146	0.001815	0.00162	0.00188	0.001735	0.00154	0.00199	0.001995	0.00253	0.00365
OX359248.1	27000000	27200000	0.004605	0.004375	0.003785	0.001475	0.00276	0.00143	0.00085	0.00336	0.00074	0.003975	0.003045	0.005275
OX359248.1	27200000	27400000	0.002135	0.003455	0.00307	0.00198	0.003095	0.00408	0.002035	0.00168	0.001545	0.002245	0.002055	0.004305
OX359248.1	27400000	27600000	0.001165	0.000825	0.00092	0.0006	0.00164	0.00385	0.00188	0.000745	0.001185	0.00068	0.000265	0.001255
OX359248.1	27600000	27800000	3e-05	0.000535	0.00072	0.000595	0.00091	0.001215	0.000345	0.000595	0.00078	0.00058	0.0019	0.0033
OX359248.1	27800000	28000000	0.00065	0.00064	0.000585	0.001135	0.001195	0.001105	0.0017	0.000815	0.001055	0.00134	0.00123	0.00294
OX359248.1	28000000	28200000	0.001385	0.001405	0.001555	0.00156	0.00169	0.002335	0.00147	0.001755	0.00177	0.002075	0.002095	0.003255
OX359248.1	28200000	28400000	0.000515	0.000635	0.00046	0.000445	0.000345	0.003935	0.00042	0.001635	0.00061	0.000185	0.003695	0.003825
OX359248.1	28400000	28600000	0.000165	0.000835	0.001285	0.00089	0.002065	0.00452	0.000565	0.000975	0.00149	0.000945	0.004325	0.00253
OX359248.1	28600000	28800000	0.00082	0.00145	0.0014	0.00115	0.001785	0.00311	0.002035	0.00222	0.00171	0.00095	0.003705	0.002855
OX359248.1	28800000	29000000	0.000995	0.00223	0.00127	0.00193	0.001525	0.00418	0.0006	0.001695	0.002195	0.00143	0.004905	0.00339
OX359248.1	29000000	29200000	0.0032	0.003785	0.00101	0.00327	0.00416	0.004945	0.00306	0.003305	0.00363	0.00219	0.00347	0.003495
OX359248.1	29200000	29400000	0.001985	0.000575	0.001035	0.002415	0.002605	0.00265	0.003705	0.003105	0.002655	0.003325	0.001715	0.00319
OX359248.1	29400000	29600000	0.003625	0.003075	0.001685	0.001785	0.002265	0.00213	0.001395	0.00197	0.00226	0.00135	0.00324	0.0016
OX359248.1	29600000	29800000	0.00137	0.002025	0.00065	0.002585	0.00181	0.00289	0.00179	0.001565	0.000455	0.00136	0.00434	0.00095
OX359248.1	29800000	30000000	0.00042	0.000745	0.000525	0.00089	0.00027	0.002955	0.00125	0.00029	0.00014	0.000655	0.002275	0.00366
OX359248.1	30000000	30200000	0.00167	0.00198	0.002165	0.00047	0.00186	0.00356	0.00084	0.00142	0.001005	0.00142	0.001385	0.00337
OX359248.1	30200000	30400000	0.001175	0.000895	0.00051	0.001385	0.000965	0.00451	0.001095	0.0013	0.001	0.0006	0.001495	0.004565
OX359248.1	30400000	30600000	0.00106	0.001595	0.001265	0.000865	0.00112	0.004515	0.00146	0.00116	0.001375	0.00122	0.0016	0.00262
OX359248.1	30600000	30800000	0.002365	0.002035	0.00126	0.00428	0.000965	0.004625	0.001265	0.00197	0.003145	0.002895	0.004635	0.00177
OX359248.1	30800000	31000000	0.002495	0.00171	0.00258	0.001915	0.00136	0.003985	0.002605	0.001295	0.000915	0.00262	0.003055	0.003475
OX359248.1	31000000	31200000	0.0005	0.00043	0.000655	0.00042	0.000425	0.00404	0.00047	0.000475	0.00125	0.00047	0.003525	0.00404
OX359248.1	31200000	31400000	0.001035	0.00113	0.000295	0.000415	0.00088	0.004435	0.00057	0.00095	0.00257	0.00081	0.00183	0.004545
OX359248.1	31400000	31600000	0.000925	0.001105	0.001205	0.00124	0.00048	0.00185	0.000425	0.0006	0.00059	0.000575	0.001735	0.001965
OX359248.1	31600000	31800000	0.000805	0.000795	0.00043	0.001745	0.001505	0.00139	0.001175	0.001775	0.000875	0.00239	0.00194	0.0031
OX359248.1	31800000	32000000	0.00099	0.00101	0.00087	0.00076	0.000795	0.00287	0.000905	0.001065	0.000995	0.00137	0.002445	0.0032
OX359248.1	32000000	32200000	0.000685	0.001395	0.00063	0.001475	0.001385	0.00268	0.00111	0.001615	0.00093	0.000855	0.00245	0.002595
OX359248.1	32200000	32400000	0.00123	0.00079	0.001305	0.00083	0.000725	0.002525	0.000525	0.000605	0.000725	0.000885	0.001845	0.001435
OX359248.1	32400000	32600000	0.0015	0.00092	0.00178	0.00085	0.00143	0.00314	0.00141	0.001595	0.001465	0.00055	0.0017	0.002535
OX359248.1	32600000	32800000	0.00523	0.001955	0.00236	0.00103	0.00098	0.006225	0.002345	0.00136	0.00203	0.00223	0.00125	0.005485
OX359248.1	32800000	33000000	0.001825	0.002915	0.001205	0.000605	0.001805	0.00482	0.00184	0.001385	0.00175	0.001005	0.00442	0.00143
OX359248.1	33000000	33200000	0.00036	0.00043	0.00183	0.000645	0.000225	0.00267	0.00051	0.00207	0.00039	0.000175	0.00252	0.0026
OX359248.1	33200000	33400000	0.001805	0.001165	0.000455	0.00213	0.001895	0.003855	0.00215	0.00044	0.00343	0.000875	0.000305	0.00298
OX359248.1	33400000	33600000	0.00143	0.00089	0.00161	0.00158	0.00096	0.005135	0.001455	0.00074	0.004255	0.002125	0.00152	0.004395
OX359248.1	33600000	33800000	0.001165	0.000455	0.00105	0.002705	0.000725	0.004775	0.00218	0.00114	0.00131	0.00125	0.003485	0.00384
OX359248.1	33800000	34000000	0.0015	0.002305	0.00049	0.00063	0.002555	0.004395	0.002185	0.00241	0.000195	0.00266	0.00401	0.004095
OX359248.1	34000000	34200000	0.000605	0.000675	0.00059	0.00057	0.000915	0.002875	0.000405	0.000395	0.000555	0.000545	0.00284	0.002865
OX359248.1	34200000	34400000	0.001115	0.001235	0.001345	0.001545	0.00036	0.00269	0.001245	0.001055	0.000745	0.00065	0.003535	0.002485
OX359248.1	34400000	34600000	0.000135	0.00074	0.0007	0.000755	0.00063	0.003085	0.000445	0.000775	0.000585	0.000795	0.001745	0.002745
OX359248.1	34600000	34800000	0.001055	0.00145	0.00196	0.001395	0.00174	0.00225	0.00117	0.0015	0.00229	0.00151	0.00316	0.00281
OX359248.1	34800000	35000000	0.001555	0.001895	0.00079	0.000535	0.00192	0.003755	0.002	0.001775	0.00048	0.001375	0.00466	0.00434
OX359248.1	35000000	35200000	0.001195	0.00149	0.001645	0.00077	0.00106	0.003395	0.00249	0.001115	0.001175	0.00153	0.00398	0.001565
OX359248.1	35200000	35400000	0.000665	0.00016	0.00032	0.00095	0.00066	0.00199	0.000245	0.00134	0.001845	0.00063	0.004065	0.00089
OX359248.1	35400000	35600000	0.001115	0.00156	0.00157	0.00192	0.0013	0.003815	0.001795	0.001995	0.00204	0.00132	0.00437	0.004025
OX359248.1	35600000	35800000	0.002135	0.002415	0.00222	0.00261	0.00145	0.003735	0.0028	0.001745	0.00199	0.00134	0.00255	0.001665
OX359248.1	35800000	36000000	0.000525	0.00188	0.00113	0.0005	0.001065	0.002425	0.00125	0.00041	0.000675	0.000305	0.00139	0.001325
OX359248.1	36000000	36200000	0.0006	0.000975	0.001115	0.000675	0.001435	0.0025	0.00128	0.00128	0.00126	0.00066	0.00187	0.002445
OX359248.1	36200000	36400000	0.00228	0.0019	0.001925	0.002075	0.00189	0.001565	0.00362	0.00329	0.002515	0.00316	0.002285	0.003965
OX359248.1	36400000	36600000	0.00158	0.001885	0.001475	0.00195	0.00196	0.004415	0.001715	0.002015	0.001935	0.00145	0.00431	0.003835
OX359248.1	36600000	36800000	0.000875	0.001655	0.000705	0.00142	0.001325	0.00337	0.001325	0.000705	0.001565	0.00176	0.00314	0.00301
OX359248.1	36800000	37000000	8.5e-05	0.0034	0.000145	0.003125	0.00343	0.00189	0.003375	0.002785	0.000775	8e-05	0.001005	0.00352
OX359248.1	37000000	37200000	0.000225	0.00091	0.001325	0.001435	0.001735	0.001455	0.001005	0.00136	0.000675	0.001315	0.00329	0.00011
OX359248.1	37200000	37400000	0.00419	0.00351	0.00173	0.001095	0.00119	0.002135	0.003895	0.00122	0.0042	0.00197	0.004635	0.005135
OX359248.1	37400000	37600000	0.00143	0.001535	0.003695	0.00175	0.003845	0.00428	0.001705	0.003345	0.00471	0.00113	0.005645	0.0067
OX359248.1	37600000	37800000	0.002855	0.00108	0.002315	0.001285	0.00211	0.00169	0.002235	9.5e-05	0.002815	0.002395	0.00401	0.003205
OX359248.1	37800000	38000000	0.001005	0.00197	0.001975	0.002325	0.002525	0.003795	0.00193	0.00154	0.002385	0.00254	0.002735	0.003615
OX359248.1	38000000	38200000	0.00151	0.001495	0.001035	0.001235	0.002195	0.00291	0.002595	0.001535	0.000875	0.00248	0.00325	0.003195
OX359248.1	38200000	38400000	0.001085	0.00201	0.002415	0.00162	0.001735	0.00585	0.00186	0.00042	0.0005	0.000665	0.00585	0.00642
OX359248.1	38400000	38600000	0.000725	0.00338	0.001505	0.00202	0.00172	0.00468	0.00059	0.000605	0.0022	0.0006	0.004755	0.004595
OX359248.1	38600000	38800000	0.00212	0.001305	0.002395	0.0012	0.001695	0.00304	0.00202	0.00086	0.00126	0.0011	0.002835	0.003075
OX359248.1	38800000	39000000	0.000955	0.000475	0.00061	0.00062	0.00065	0.00139	0.001005	0.000495	0.000615	0.00068	0.00197	0.00092
OX359248.1	39000000	39200000	0.000935	0.000795	0.00075	0.000815	0.000685	0.001685	0.00086	0.000775	0.00065	0.000825	0.001745	0.001835
OX359248.1	39200000	39400000	0.000715	0.00078	0.00053	0.001045	0.00044	0.00186	0.00109	0.000265	0.000575	0.00046	0.001865	0.00193
OX359248.1	39400000	39600000	0.00114	0.000625	0.00098	0.0011	0.000765	0.00231	0.00102	0.000435	0.00045	0.00054	0.00239	0.001385
OX359248.1	39600000	39800000	0.00061	0.00183	0.00118	0.001405	0.000755	0.002735	0.0006	0.00055	0.00143	0.00026	0.003585	0.00131
OX359248.1	39800000	40000000	0.00232	0.00171	0.002645	0.000935	0.0026	0.00522	0.001385	0.001725	0.001175	0.002225	0.005775	0.00575
OX359248.1	40000000	40200000	0.000455	0.001135	0.001435	0.00037	0.00033	0.001035	0.00105	0.00022	0.00118	0.000725	0.0007	0.00302
OX359248.1	40200000	40400000	0.00076	0.00131	0.001305	0.001655	0.00193	0.004535	0.00283	0.000945	0.001755	0.001125	0.00566	0.00468
OX359248.1	40400000	40600000	0.001235	0.002005	0.00069	0.000605	0.001325	0.00406	0.001405	0.00163	0.002	0.001195	0.00136	0.004295
OX359248.1	40600000	40800000	0.000365	0.000595	0.00025	0.000375	0.00039	0.001415	0.000435	0.00054	0.00035	0.000585	0.007025	0.00726
OX359248.1	40800000	41000000	0.000205	0.001425	3.5e-05	0.000455	0.00017	0.00506	0.000695	0.00044	5e-05	0.000675	0.006655	0.006685
OX359248.1	41000000	41200000	0.00095	0.00119	0.00075	0.001455	0.001265	0.00411	0.00031	0.00097	0.000945	0.000775	0.00507	0.00453
OX359248.1	41200000	41400000	0.001345	0.00411	0.00377	0.003875	0.004075	0.001555	8.5e-05	0.001145	0.00117	0.004105	0.00489	0.00439
OX359248.1	41400000	41600000	0.00242	0.002995	0.002605	0.003585	0.003195	0.003515	0.002865	0.00367	0.00134	0.002195	0.00298	0.00327
OX359248.1	41600000	41800000	0.00221	0.00261	0.002295	0.001965	0.002365	0.002385	0.00235	0.00198	0.000545	0.00214	0.00252	0.00174
OX359248.1	41800000	42000000	0.001815	0.000905	0.00076	0.000885	0.00122	0.000935	0.00167	0.000875	0.001355	0.000785	0.001235	0.00151
OX359248.1	42000000	42200000	0.001145	0.00216	0.001525	0.002965	0.00112	0.00124	0.001125	0.001045	0.001105	0.00118	0.00097	0.000965
OX359248.1	42200000	42400000	0.00092	0.000755	0.00171	0.001925	0.00068	0.00126	0.000835	0.000775	0.000975	0.00108	0.00073	0.00064
OX359248.1	42400000	42600000	0.00112	0.00102	0.002245	0.00215	0.000675	0.000715	0.00067	0.00083	0.001055	0.000825	0.00041	0.001015
OX359248.1	42600000	42800000	0.00149	0.00088	0.00162	0.000835	0.002215	0.00214	0.00234	0.001075	0.00194	0.000395	0.00057	0.00088
OX359248.1	42800000	43000000	0.003	0.001705	0.00116	0.001145	0.00162	0.001125	0.001565	0.00054	0.000885	0.001055	0.000995	0.000945
OX359248.1	43000000	43200000	0.001025	0.001325	0.001465	0.00141	0.00292	0.001525	0.00299	0.000695	0.0006	0.001025	0.002815	0.001465
OX359248.1	43200000	43400000	0.002065	0.00186	0.001625	0.00147	0.001985	0.001935	0.00141	0.00104	0.00155	0.00094	0.001235	0.00164
OX359248.1	43400000	43600000	0.001695	0.001725	0.00199	0.00138	0.00174	0.000575	0.00125	0.001595	0.00133	0.001575	0.000115	0.001365
OX359248.1	43600000	43800000	0.001625	0.00153	0.00193	0.00134	0.00113	0.00192	0.001935	0.001325	0.00131	0.001215	8.5e-05	0.001435
OX359248.1	43800000	44000000	0.000835	0.000925	0.000625	0.001035	0.000825	0.000875	0.00109	0.00096	0.00068	0.00067	4.5e-05	0.000605
OX359248.1	44000000	44200000	1e-05	1e-05	4e-05	3e-05	2e-05	1e-05	1e-05	1e-05	2.5e-05	2.5e-05	1e-05	1.5e-05
OX359248.1	44200000	44400000	2e-05	2e-05	1.5e-05	1.5e-05	0.0	4.5e-05	2.5e-05	5e-06	5e-06	1.5e-05	5e-06	5e-06
OX359248.1	44400000	44600000	1.5e-05	5e-06	0.0	0.0	0.0	0.0	1e-05	1e-05	0.0	0.0	0.0	0.0
OX359248.1	44600000	44800000	0.001315	0.00195	0.00133	0.001135	0.00113	0.001815	0.001625	0.001795	0.000945	0.00167	2.5e-05	0.00198
OX359248.1	44800000	45000000	0.001805	0.00164	0.00195	0.001685	0.001755	0.00196	0.00177	0.002135	0.00172	0.0019	0.000125	0.001305
OX359248.1	45000000	45200000	0.00042	0.000705	0.00076	0.00017	0.00025	0.0002	0.000185	0.00069	0.00024	0.000135	0.0001	0.00069
OX359248.1	45200000	45400000	0.00038	0.000495	0.000475	0.00058	0.000725	0.000485	0.000515	0.00111	0.000325	0.00038	1.5e-05	0.001145
OX359248.1	45400000	45600000	0.001405	0.000645	0.00036	0.000345	0.00069	0.000795	0.000685	0.00077	0.00022	0.001095	0.000545	0.000805
OX359248.1	45600000	45800000	0.002335	0.000775	0.000765	0.00107	0.000765	0.000895	0.00098	0.000685	0.00065	0.001205	0.00065	0.000945
OX359248.1	45800000	46000000	0.002485	0.00125	0.000285	0.00027	0.00122	0.00026	0.00035	0.001835	0.000785	0.000305	0.0	0.000265
OX359248.1	46000000	46200000	0.004895	0.00024	0.000405	0.000115	0.00024	0.000195	0.000225	0.00026	8e-05	0.00029	1e-05	0.000415
OX359248.1	46200000	46400000	0.003945	0.001	0.000525	0.000995	0.00071	0.000695	0.00112	0.00075	0.0006	0.000275	0.000375	0.000515
OX359248.1	46400000	46600000	0.004865	0.00132	0.00145	0.000655	0.001425	0.0006	0.00155	0.000585	0.001315	0.002515	0.000615	0.001085
OX359248.1	46600000	46800000	0.005535	0.000215	0.00018	0.00022	0.00034	0.00167	0.000245	0.00012	2.5e-05	0.000205	1.5e-05	0.000245
OX359248.1	46800000	47000000	0.00702	0.001055	0.001345	0.00107	0.000765	0.000955	0.000725	0.001535	0.000675	0.001015	0.000105	0.000865
OX359248.1	47000000	47200000	0.006465	0.00039	0.000795	0.001105	0.000955	0.00089	8.5e-05	0.0007	0.00079	0.000585	2.5e-05	0.000225
OX359248.1	47200000	47400000	0.00689	0.000875	0.001365	0.000185	0.000475	0.001705	0.001415	0.000995	0.000215	0.001305	0.000125	0.00126
OX359248.1	47400000	47600000	0.00894	0.00143	0.00207	0.001015	0.00083	0.001185	0.000995	0.001395	0.000875	0.00113	9e-05	0.00152
OX359248.1	47600000	47800000	0.004385	0.002055	0.00272	0.002395	0.00205	0.00103	0.00247	0.00224	0.00238	0.001315	0.00187	0.001855
OX359248.1	47800000	48000000	0.00454	0.000725	0.00028	0.00063	0.000135	0.000135	0.00062	0.00048	0.00057	8.5e-05	0.00033	0.000425
OX359248.1	48000000	48200000	0.003245	0.00024	0.00025	0.000165	0.000225	0.00025	0.000315	0.000245	0.00019	0.000305	0.00029	0.000265
OX359248.1	48200000	48400000	0.004415	0.00034	0.000405	0.00052	0.000155	0.001165	0.000545	0.00026	0.000135	0.000165	0.000745	0.00028
OX359248.1	48400000	48600000	0.00545	0.001995	0.000835	0.000825	0.001945	0.00224	0.00134	0.00198	0.002695	0.001725	0.00179	0.001485
OX359248.1	48600000	48800000	0.003945	0.00044	0.00052	0.000615	0.000995	0.000415	0.00026	0.000895	0.00058	0.000595	0.00033	0.00084
OX359248.1	48800000	49000000	0.00408	0.00066	0.0006	0.000695	0.00056	0.000585	0.000545	0.000525	0.000665	0.000645	0.00069	0.00065
OX359248.1	49000000	49200000	0.003455	0.000845	0.00061	0.00068	0.000575	0.000845	0.000615	0.000865	0.00084	0.00089	0.000435	0.001015
OX359248.1	49200000	49400000	0.004815	0.000485	0.00016	0.00028	0.000325	0.000695	0.000345	0.00045	0.00055	0.000495	3.5e-05	0.000795
OX359248.1	49400000	49600000	0.003435	0.001395	0.00111	0.000885	0.000455	0.000945	0.000545	0.0013	0.00058	0.00138	0.001005	0.00081
OX359248.1	49600000	49800000	0.005325	0.00294	0.000715	0.001495	0.00086	0.0015	0.00129	0.000395	0.002135	0.00291	0.000805	0.00245
OX359248.1	49800000	50000000	0.00409	0.000295	0.00075	0.000425	0.001385	0.00124	0.000245	0.000875	0.000615	0.000495	0.000475	0.001285
OX359248.1	50000000	50200000	0.009305	0.00154	0.000925	0.00139	0.001345	0.00157	0.000835	0.00115	0.00095	0.00199	0.00036	0.00185
OX359248.1	50200000	50400000	0.00999	0.000625	0.00105	0.001215	0.00193	0.00081	0.00033	0.001225	0.000595	0.00082	0.000485	0.001145
OX359248.1	50400000	50600000	0.00541	0.00013	0.00016	0.00027	0.000235	7.5e-05	0.000145	0.00036	8e-05	0.00095	0.000115	0.000365
OX359248.1	50600000	50800000	0.00485	0.000355	0.000155	0.000105	2.5e-05	9.5e-05	0.00035	2e-05	0.00047	0.004815	0.00035	0.000435
OX359248.1	50800000	51000000	0.004015	0.00101	0.001515	0.001155	0.000955	0.001625	0.001495	0.001035	0.001385	0.003135	0.000585	0.000205
OX359248.1	51000000	51200000	0.005785	0.00289	0.001435	0.00518	0.004325	0.00252	0.00111	0.00519	0.004175	0.00553	0.001125	0.003445
OX359248.1	51200000	51400000	0.00521	0.002955	0.003115	0.00093	0.002755	0.001735	0.00117	0.001985	0.002165	0.005985	0.00139	0.00198
OX359248.1	51400000	51600000	0.003485	0.0012	0.00056	0.000465	0.00057	0.000505	0.00105	0.00045	0.00097	0.00375	0.00217	0.001285
OX359248.1	51600000	51800000	0.006715	8.5e-05	3e-05	5.5e-05	0.00012	0.00013	0.00011	9e-05	8e-05	0.00012	3e-05	0.00012
OX359248.1	51800000	52000000	0.00617	0.002675	0.002755	0.002735	0.00169	0.001785	0.001775	0.00268	0.001895	0.003315	0.00143	0.00221
OX359248.1	52000000	52200000	0.006065	0.00188	0.000975	0.001135	0.00125	0.00114	0.000965	0.00074	0.001405	0.001115	6e-05	0.000525
OX359248.1	52200000	52400000	0.00623	0.00114	0.002225	0.001815	0.00191	0.00222	0.002385	0.00218	0.002695	0.00268	2.5e-05	0.00196
OX359248.1	52400000	52600000	0.00451	0.001165	0.001595	0.001705	0.000365	0.001725	0.00072	0.00152	0.00151	0.00105	8e-05	0.000835
OX359248.1	52600000	52800000	0.00646	0.002085	0.00159	0.002255	0.00165	0.000775	0.00158	0.002105	0.001875	0.002735	6e-05	0.00244
OX359248.1	52800000	53000000	0.006925	0.002105	0.002495	0.00205	0.00217	0.002645	0.001785	0.001785	0.001805	0.001765	0.0	0.00185
OX359248.1	53000000	53200000	0.004005	0.00106	0.00108	0.0008	0.00103	0.00108	0.00089	0.000925	0.000735	0.001295	6e-05	0.000475
OX359248.1	53200000	53400000	0.003525	0.00135	0.000735	0.001095	0.001605	0.00011	0.001695	0.000985	0.001245	0.001575	0.000525	0.000325
OX359248.1	53400000	53600000	0.00796	0.001455	0.002645	0.00202	0.00308	0.0024	0.003045	0.003085	0.00234	0.003485	0.001465	0.002845
OX359248.1	53600000	53800000	0.00704	0.000535	0.001065	0.0017	0.00139	0.001565	0.001275	0.00064	0.00127	0.00125	7.5e-05	0.001015
OX359248.1	53800000	54000000	0.00459	0.00016	0.0002	0.00012	9e-05	9e-05	1.5e-05	0.000185	0.000105	0.000245	0.000105	0.00011
OX359248.1	54000000	54200000	0.00879	0.00033	0.000235	0.00045	0.0004	0.00022	0.00028	0.00028	0.000235	0.000355	0.000135	0.000395
OX359248.1	54200000	54400000	0.00256	0.00128	0.000415	0.0002	0.001065	7e-05	0.001275	0.00037	0.001445	0.00149	0.000125	0.00102
OX359248.1	54400000	54600000	0.000505	0.00135	0.001395	0.001585	0.00088	0.001525	0.00121	0.00035	0.001875	0.00044	0.0001	0.00066
OX359248.1	54600000	54800000	0.00136	0.00166	0.000905	0.001525	0.001255	0.001055	0.00119	0.00063	0.001485	0.0012	0.00062	0.00104
OX359248.1	54800000	55000000	0.003025	0.001325	0.0012	0.00195	0.000565	0.0029	0.003135	0.00151	0.00209	0.001635	0.001275	0.001505
OX359248.1	55000000	55200000	0.00066	0.00133	0.00196	6.5e-05	0.002245	0.001285	0.00308	0.00098	0.00021	0.00109	0.000185	0.00055
OX359248.1	55200000	55400000	8e-05	0.00466	0.000465	0.000115	0.004765	0.00022	0.0047	0.00058	9e-05	0.000135	0.00011	0.000545
OX359248.1	55400000	55600000	0.00032	0.000955	0.000945	0.000775	0.00032	0.00092	0.00094	0.000935	8e-05	0.000115	8.5e-05	0.000295
OX359248.1	55600000	55800000	0.00099	0.00309	0.00315	0.002935	0.00087	0.003265	0.00317	0.00309	0.001085	0.000515	0.001	0.001245
OX359248.1	55800000	56000000	0.0011	0.001415	0.001375	0.001445	0.000175	0.00144	0.0014	0.001365	0.00027	0.0003	7.5e-05	8.5e-05
OX359248.1	56000000	56200000	0.001665	0.00202	0.001215	0.00108	0.000515	0.00215	0.002075	0.00202	0.001565	0.000615	0.000545	0.001495
OX359248.1	56200000	56400000	0.003445	0.003455	2e-05	0.00012	0.00022	0.003475	0.003355	0.003445	0.00346	0.0002	0.000205	0.003495
OX359248.1	56400000	56600000	0.00287	0.00297	0.00184	0.00259	0.00141	0.003165	0.003055	0.003115	0.00238	0.000765	0.000735	0.0031
OX359248.1	56600000	56800000	0.001455	0.00155	0.00143	0.00186	0.00039	0.001595	0.00155	0.001575	0.00157	0.00038	0.00023	0.00156
OX359248.1	56800000	57000000	0.000495	0.00392	0.002365	0.004	6.5e-05	0.003015	0.004	0.004005	0.00015	4.5e-05	4e-05	0.0002
OX359248.1	57000000	57200000	0.00018	0.00406	0.004075	0.004065	0.00013	0.0006	0.004105	0.0041	0.0002	0.000105	0.000145	0.000225
OX359248.1	57200000	57400000	0.002235	0.00663	0.00619	0.00662	0.001595	0.00527	0.00663	0.00624	0.00017	4.5e-05	9e-05	0.000145
OX359248.1	57400000	57600000	0.001135	0.00302	0.00279	0.00278	0.00099	0.00279	0.00275	0.00294	0.00123	0.001015	0.00122	0.001305
OX359248.1	57600000	57800000	0.000125	0.00018	0.000145	8e-05	0.000145	0.000125	0.000185	0.000165	0.000195	3e-05	6e-05	0.000125
OX359248.1	57800000	58000000												
OX359248.1	58000000	58200000	5.5e-05	0.000925	0.00061	0.000895	5e-06	0.00093	0.000915	0.00092	5e-05	0.000435	0.000405	7e-05
OX359248.1	58200000	58400000	0.000345	0.000555	0.000515	0.00052	0.000315	0.000495	0.000525	0.00053	0.00034	0.00014	0.000125	0.00032
OX359248.1	58400000	58600000												
OX359248.1	58600000	58800000	0.0	0.0	0.0	0.0	0.0	0.0	0.0	1e-05	0.0	1e-05	0.0	0.0
OX359249.1	0	200000	4.5e-05	8.5e-05	3.5e-05	4e-05	4e-05	6e-05	4e-05	3.5e-05	4e-05	3e-05	2.5e-05	3e-05
OX359249.1	200000	400000	0.00036	0.00052	0.000655	0.000595	0.00064	0.00068	0.00056	0.000455	0.000735	0.00045	0.000475	0.0004
OX359249.1	400000	600000	0.000265	0.000205	0.00023	0.000335	0.000275	0.0003	0.000265	0.000305	0.000225	0.00021	0.000325	0.000225
OX359249.1	600000	800000	0.000265	0.000415	0.000105	0.00024	0.00029	0.000475	0.000125	0.00055	0.000315	0.00043	0.0	0.000235
OX359249.1	800000	1000000	0.0015	0.00113	0.000855	0.00082	0.00105	0.00111	0.001485	0.000595	0.00108	0.00094	0.001665	0.00127
OX359249.1	1000000	1200000	0.00135	0.00124	0.00136	0.001555	0.001325	0.001535	0.00152	0.001395	0.001685	0.0014	0.00138	0.001565
OX359249.1	1200000	1400000	0.004175	0.00065	0.00092	0.001325	0.001015	0.00095	0.00413	0.001455	0.001695	0.00178	0.000875	0.001505
OX359249.1	1400000	1600000	0.000575	0.0002	0.000895	0.000695	0.000445	0.00065	0.00073	0.000415	0.000755	0.000845	0.00018	0.000485
OX359249.1	1600000	1800000	0.00077	0.00099	0.000855	0.000775	0.000855	0.000775	0.0019	0.00085	0.000845	0.00089	0.00085	0.000915
OX359249.1	1800000	2000000	0.000415	0.00029	0.00046	0.00045	0.000355	0.00046	0.00037	0.00045	0.0003	0.00039	0.000405	0.00035
OX359249.1	2000000	2200000	0.0016	0.0015	0.001205	0.001025	0.0015	0.00143	0.001385	0.00154	0.000815	0.001415	0.000135	0.001555
OX359249.1	2200000	2400000	0.00131	0.000785	0.00126	0.001055	0.000805	0.000815	0.000865	0.000915	0.000765	0.00114	0.0	0.00048
OX359249.1	2400000	2600000	0.001305	0.001315	0.00131	0.001245	0.001205	0.001355	0.00131	0.00133	0.00134	0.001335	0.001255	0.00131
OX359249.1	2600000	2800000	0.000105	0.000165	0.000175	0.000165	0.000155	0.000145	0.000125	0.000135	0.00021	0.000185	7e-05	0.0001
OX359249.1	2800000	3000000	0.000495	0.00061	0.000775	0.000745	0.000315	0.000325	0.00053	0.00043	0.00061	0.00062	7.5e-05	0.00044
OX359249.1	3000000	3200000	0.00109	0.000355	0.001005	0.00064	0.0008	0.000905	0.00066	0.00047	0.000375	0.000965	0.0002	0.00121
OX359249.1	3200000	3400000	0.001595	0.001775	0.001425	0.00085	0.00151	0.0008	0.00183	0.000875	0.001965	0.00188	2.5e-05	0.00126
OX359249.1	3400000	3600000	0.000375	0.0004	0.00048	0.00021	0.00036	0.000165	0.000175	0.000505	0.00035	0.000335	5e-06	0.00013
OX359249.1	3600000	3800000	0.00044	0.000495	0.000575	0.00055	0.000435	0.000645	0.00037	0.000635	0.00057	0.000945	1e-05	0.000505
OX359249.1	3800000	4000000	0.001885	0.00179	0.00237	0.002415	0.00184	0.002255	0.00245	0.00249	0.00188	0.002445	0.001825	0.002065
OX359249.1	4000000	4200000	0.001215	0.000985	0.001225	0.001095	0.001055	0.001095	0.00125	0.00099	0.000775	0.00106	0.00047	0.00131
OX359249.1	4200000	4400000	4.5e-05	5e-06	2.5e-05	3.5e-05	1.5e-05	2.5e-05	5e-05	5.5e-05	5e-06	7.5e-05	2.5e-05	5.5e-05
OX359249.1	4400000	4600000	5e-05	5e-05	3.5e-05	0.0	6.5e-05	6e-05	3e-05	3.5e-05	4e-05	0.0	6e-05	2.5e-05
OX359249.1	4600000	4800000	0.00136	0.001275	0.00107	0.00128	0.0012	0.00127	0.001105	0.00126	0.001305	0.00119	0.000645	0.00124
OX359249.1	4800000	5000000	0.00024	0.00017	0.00025	0.00019	0.000215	0.00023	0.000195	0.00024	0.00024	0.00025	0.000175	0.000225
OX359249.1	5000000	5200000	3e-05	5e-06	3e-05	3e-05	3.5e-05	0.0	9e-05	2.5e-05	0.0001	3.5e-05	0.0	2e-05
OX359249.1	5200000	5400000	0.000245	0.000235	0.000125	0.00173	0.00035	0.000275	0.000195	0.000415	0.000115	0.001735	0.000105	7.5e-05
OX359249.1	5400000	5600000	0.000265	0.000285	0.000275	0.000265	0.00024	0.00018	0.000245	5.5e-05	0.00025	3e-05	0.000225	0.000255
OX359249.1	5600000	5800000	2e-05	2.5e-05	3e-05	2e-05	5.5e-05	3e-05	2e-05	3e-05	2e-05	3e-05	5e-06	5e-06
OX359249.1	5800000	6000000	6e-05	6.5e-05	5.5e-05	8.5e-05	8e-05	8e-05	6.5e-05	9e-05	7e-05	0.000105	3.5e-05	5.5e-05
OX359249.1	6000000	6200000	2e-05	3.5e-05	3e-05	4.5e-05	3e-05	2e-05	2e-05	2e-05	1.5e-05	2.5e-05	0.0	3e-05
OX359249.1	6200000	6400000	0.000735	0.00078	0.00085	0.000815	0.00073	0.00091	0.00088	0.000695	0.000895	0.00094	0.0002	0.000695
OX359249.1	6400000	6600000	2.5e-05	2e-05	3.5e-05	3e-05	4e-05	2.5e-05	2.5e-05	3.5e-05	2.5e-05	5.5e-05	5e-06	3e-05
OX359249.1	6600000	6800000	0.00022	0.00026	0.0004	0.000115	0.000305	0.00023	0.000285	0.000205	0.000245	0.000465	0.0	0.00013
OX359249.1	6800000	7000000	0.002035	0.002085	0.001615	0.0014	0.0018	0.001525	0.00136	0.001525	0.00157	0.001485	0.00021	0.00145
OX359249.1	7000000	7200000	0.00995	0.00274	0.00988	0.00972	0.00918	0.01007	0.009255	0.001495	0.00978	0.009405	0.001385	0.00287
OX359249.1	7200000	7400000	5.5e-05	0.00035	5.5e-05	0.0002	0.00051	0.000505	0.00026	0.00047	2e-05	2e-05	1e-05	4e-05
OX359249.1	7400000	7600000	0.00034	0.00069	0.00036	0.00068	0.000455	0.000885	0.00081	0.000445	0.00091	0.00012	3e-05	0.00058
OX359249.1	7600000	7800000	0.000675	0.00045	0.00034	0.000485	0.0008	0.000715	0.00081	0.000405	0.00037	0.001055	1e-05	0.00078
OX359249.1	7800000	8000000	0.000165	0.000155	0.00021	0.000145	0.00048	0.00045	0.000155	0.000235	0.00033	0.00041	0.0	0.00028
OX359249.1	8000000	8200000	0.000405	0.00045	0.0008	0.000425	0.00042	0.000555	0.000345	0.00046	0.000465	0.00017	0.000175	0.000435
OX359249.1	8200000	8400000	0.00022	0.000365	0.00043	0.00022	0.000405	0.00018	0.00033	0.00018	0.00032	0.00013	0.00019	0.000315
OX359249.1	8400000	8600000	0.000445	0.000675	0.00062	0.000685	0.000555	0.000735	0.000725	0.000525	0.00084	0.00061	5e-06	0.00055
OX359249.1	8600000	8800000	0.000125	0.000145	0.00025	0.0001	9.5e-05	4e-05	0.00021	0.000185	0.000275	6.5e-05	3.5e-05	0.00016
OX359249.1	8800000	9000000	0.00032	0.00023	0.00024	0.000265	0.000385	0.00042	0.00025	0.00077	0.000365	0.00049	0.000305	0.000875
OX359249.1	9000000	9200000	2e-05	3e-05	0.0001	6e-05	1.5e-05	5e-05	4.5e-05	0.00012	5.5e-05	3e-05	0.0	0.00044
OX359249.1	9200000	9400000	1e-05	0.00064	0.000545	0.00046	0.00026	2.5e-05	0.00052	0.00046	0.00017	5e-05	0.0	0.000175
OX359249.1	9400000	9600000	0.000175	0.0003	0.000245	0.00033	0.000545	0.000495	0.000505	0.00155	0.00184	0.00019	9.5e-05	0.000575
OX359249.1	9600000	9800000	0.00029	0.000565	0.000495	0.000625	0.00065	0.000365	0.000705	0.000375	0.000425	0.0007	1e-05	0.000595
OX359249.1	9800000	10000000	0.00147	0.001165	0.000995	0.0015	0.00096	0.000725	0.0017	0.001365	0.000985	0.00076	0.000395	0.0009
OX359249.1	10000000	10200000	0.00017	0.00044	0.00047	0.00034	7.5e-05	0.000115	0.000535	0.00036	0.00045	0.000385	3e-05	0.00037
OX359249.1	10200000	10400000	0.000345	0.00084	0.000315	0.000735	8e-05	0.000415	0.00098	0.000525	0.00073	5e-05	2e-05	0.000575
OX359249.1	10400000	10600000	0.000135	9e-05	0.000145	0.00012	0.000115	0.00012	0.00018	8.5e-05	0.000125	0.00011	0.000105	0.000115
OX359249.1	10600000	10800000	5e-05	5e-05	0.000135	9e-05	0.000105	6.5e-05	0.000165	8.5e-05	5.5e-05	0.000145	3e-05	0.000195
OX359249.1	10800000	11000000	0.00023	0.000245	3e-05	0.000465	0.001035	0.000525	0.00091	0.00024	0.000235	0.000485	0.00049	0.001095
OX359249.1	11000000	11200000	4.5e-05	5e-05	3e-05	5.5e-05	2e-05	5e-05	6.5e-05	2.5e-05	5e-05	2.5e-05	0.0	3.5e-05
OX359249.1	11200000	11400000	0.00028	0.000355	4e-05	0.00065	0.000115	2.5e-05	0.000215	7.5e-05	0.00016	0.000155	0.0	0.00017
OX359249.1	11400000	11600000	5.5e-05	4.5e-05	4e-05	4.5e-05	4.5e-05	2.5e-05	7e-05	5e-05	5.5e-05	2e-05	2e-05	5e-05
OX359249.1	11600000	11800000	4.5e-05	3e-05	2.5e-05	4e-05	4e-05	2.5e-05	3.5e-05	5e-05	4e-05	3.5e-05	0.0	3.5e-05
OX359249.1	11800000	12000000	5.5e-05	3.5e-05	5e-05	2e-05	0.000535	0.00055	2.5e-05	0.00053	3e-05	3e-05	0.000515	0.00053
OX359249.1	12000000	12200000	3.5e-05	1.5e-05	2.5e-05	2e-05	2e-05	3.5e-05	4e-05	1e-05	4.5e-05	3.5e-05	3.5e-05	6.5e-05
OX359249.1	12200000	12400000	5e-05	3e-05	4.5e-05	4e-05	2e-05	3.5e-05	2e-05	5e-05	4e-05	3e-05	0.000185	0.000215
OX359249.1	12400000	12600000	0.00048	0.00046	0.000445	0.000445	0.000445	0.00044	0.000455	7.5e-05	0.000455	0.000485	0.00043	0.00044
OX359249.1	12600000	12800000	2.5e-05	3e-05	7.5e-05	0.0001	3e-05	3e-05	4e-05	0.0001	9e-05	3.5e-05	2.5e-05	3.5e-05
OX359249.1	12800000	13000000	5e-06	4e-05	2.5e-05	4e-05	5e-05	2e-05	4e-05	4.5e-05	3e-05	1e-05	0.0	4e-05
OX359249.1	13000000	13200000	0.00051	0.000325	0.000365	0.000265	0.00057	0.00052	0.00058	0.000365	0.000585	0.00035	1e-05	0.00031
OX359249.1	13200000	13400000	0.00119	0.0008	0.00108	0.00074	0.00087	0.000515	0.00083	0.000885	0.00084	0.001065	5e-06	0.00085
OX359249.1	13400000	13600000	0.00023	0.00029	3e-05	0.0003	4.5e-05	0.00018	0.00022	0.0005	0.00088	1e-05	5e-06	0.00022
OX359249.1	13600000	13800000	0.000305	0.00044	0.000615	0.00072	0.00031	0.00096	0.00021	0.00047	0.00066	5.5e-05	0.000155	0.000535
OX359249.1	13800000	14000000	0.00027	0.00016	0.00013	0.00038	0.00019	0.00022	0.00022	0.000155	0.000125	0.000135	5.5e-05	0.000215
OX359249.1	14000000	14200000	2e-05	1.5e-05	0.000105	7e-05	1.5e-05	0.00011	4e-05	3.5e-05	5e-05	3.5e-05	9e-05	4e-05
OX359249.1	14200000	14400000	0.00038	0.000325	0.000265	0.00024	0.00034	0.00042	0.00055	0.00045	0.000475	0.00031	0.00029	0.0003
OX359249.1	14400000	14600000	0.000685	0.001375	0.00105	0.00115	0.001175	0.00108	0.000825	0.0013	0.000765	0.0011	1e-05	0.000915
OX359249.1	14600000	14800000	0.00074	0.000765	0.00019	0.000805	0.00065	0.00073	0.000395	0.0002	0.000885	0.000625	5e-06	0.000835
OX359249.1	14800000	15000000	0.000575	0.000435	0.00067	0.00057	0.000275	0.00038	0.000435	0.000565	0.00048	0.000535	4.5e-05	0.00023
OX359249.1	15000000	15200000	0.00062	0.00057	0.000415	0.000305	0.00065	0.0003	0.00072	0.000525	0.000635	0.000145	1e-05	0.00085
OX359249.1	15200000	15400000	0.00062	0.00081	0.00052	0.000355	0.00101	0.000675	0.00104	0.001055	0.00043	0.00087	0.0	0.000575
OX359249.1	15400000	15600000	0.000155	0.000255	0.00026	0.000735	0.00037	0.00053	0.000345	0.00039	0.00033	0.000555	6.5e-05	0.00028
OX359249.1	15600000	15800000	3e-05	0.00108	0.00058	0.000585	0.00027	0.000845	0.001325	0.00056	0.000805	0.00083	0.000385	0.00066
OX359249.1	15800000	16000000	0.00042	0.000445	0.00052	0.000375	0.000945	0.000445	0.000245	0.000565	0.00025	0.00037	6.5e-05	0.000445
OX359249.1	16000000	16200000	0.000495	0.000115	0.000915	0.000105	0.000355	0.00027	0.000165	0.00019	9e-05	0.000595	0.000105	0.00019
OX359249.1	16200000	16400000	0.000165	0.00014	0.000135	0.00025	0.000155	0.000125	0.000235	0.00016	0.00015	0.00015	1e-05	0.000285
OX359249.1	16400000	16600000	0.000685	0.00062	0.0008	0.000955	0.0001	0.00049	0.000375	6e-05	0.0009	0.0013	7.5e-05	0.000965
OX359249.1	16600000	16800000	0.000925	0.001055	0.001395	0.0012	0.00099	0.00087	0.00103	0.00091	0.000975	0.00083	5e-06	0.001045
OX359249.1	16800000	17000000	0.00021	0.00019	0.000495	0.000225	0.00012	0.00037	7.5e-05	0.000375	0.000345	0.0001	1e-05	0.000155
OX359249.1	17000000	17200000	0.000115	6e-05	0.000215	0.00011	0.00019	6e-05	0.00011	0.000145	4e-05	0.000125	0.0	0.00017
OX359249.1	17200000	17400000	0.000165	0.00014	0.000135	0.00021	0.00019	0.00019	0.000275	0.00016	0.000355	0.000305	5e-06	0.000145
OX359249.1	17400000	17600000	0.00233	0.001235	0.002145	0.002045	0.001315	0.00254	0.000855	0.00156	0.00137	0.00114	0.00141	0.00073
OX359249.1	17600000	17800000	0.00057	0.000415	0.000785	0.000845	0.000665	0.000545	0.000135	6.5e-05	0.00016	0.00015	6e-05	0.0003
OX359249.1	17800000	18000000	0.000215	0.00016	0.00029	0.00018	0.00034	0.000175	0.000265	0.000345	0.000325	0.000215	0.0	0.0004
OX359249.1	18000000	18200000	0.000415	0.000475	0.0005	0.000545	0.000575	0.00019	0.000425	0.00041	0.00039	0.00016	5e-06	0.000265
OX359249.1	18200000	18400000	0.00056	0.00079	0.00035	0.00032	0.000555	0.00033	0.000195	0.00111	0.00079	0.000415	1e-05	0.00031
OX359249.1	18400000	18600000	0.0009	0.00101	0.000455	0.00119	0.00096	0.001255	0.00086	0.00093	0.00072	0.00126	0.0	0.001455
OX359249.1	18600000	18800000	0.001805	0.001565	0.001075	0.00137	0.00141	0.001335	0.001895	0.001305	0.001325	0.00111	2.5e-05	0.00135
OX359249.1	18800000	19000000	0.0003	0.000565	0.00028	0.00025	0.000615	0.00046	0.000585	0.000405	0.00026	0.000545	0.000135	0.000385
OX359249.1	19000000	19200000	0.000165	8e-05	5.5e-05	5e-05	5.5e-05	0.00011	3.5e-05	0.000105	0.000125	0.00054	0.0	0.000115
OX359249.1	19200000	19400000	8.5e-05	0.000205	0.00028	0.000715	7.5e-05	0.00068	0.000675	0.000205	0.000755	0.00016	0.000695	0.000885
OX359249.1	19400000	19600000	3e-05	2e-05	4.5e-05	0.000275	2.5e-05	0.000285	0.000285	2e-05	0.0003	3e-05	0.00026	0.00029
OX359249.1	19600000	19800000	3e-05	4e-05	2.5e-05	1.5e-05	1e-05	3.5e-05	3e-05	4.5e-05	4e-05	3e-05	0.0	2e-05
OX359249.1	19800000	20000000	6.5e-05	7e-05	6.5e-05	6.5e-05	9.5e-05	8e-05	8.5e-05	7.5e-05	8.5e-05	6.5e-05	5e-05	7e-05
OX359249.1	20000000	20200000	4.5e-05	4e-05	0.000145	8e-05	0.000295	0.00017	6.5e-05	6.5e-05	0.000415	5e-05	5e-06	4e-05
OX359249.1	20200000	20400000	0.000575	0.00087	0.000865	0.000435	0.00084	0.00105	0.000555	0.000485	0.001235	0.000445	0.0	0.00086
OX359249.1	20400000	20600000	0.00011	0.000415	0.00023	0.000225	0.000315	9e-05	6.5e-05	0.000145	0.00018	0.00014	0.00015	5e-05
OX359249.1	20600000	20800000	3.5e-05	4.5e-05	2.5e-05	5.5e-05	3.5e-05	4.5e-05	0.000105	9e-05	8.5e-05	9.5e-05	7e-05	2.5e-05
OX359249.1	20800000	21000000	0.00216	0.001735	0.002615	0.002195	0.002495	0.002145	0.002445	0.000995	0.00198	0.001785	0.00117	0.00176
OX359249.1	21000000	21200000	0.00059	0.000995	0.00106	0.0009	0.000265	0.00059	0.00037	0.00045	0.000555	0.00042	1.5e-05	0.00017
OX359249.1	21200000	21400000	0.001105	0.000965	0.00083	0.000745	0.00126	0.00038	0.000855	0.00053	0.00064	0.00108	0.000415	0.000565
OX359249.1	21400000	21600000	0.00087	0.001035	0.001225	0.001345	0.00125	0.00099	0.0007	0.000765	0.000805	0.00076	5e-06	0.00062
OX359249.1	21600000	21800000	0.00039	0.00037	0.000305	0.000395	0.000405	0.00062	0.00057	0.000355	0.000215	0.00043	1.5e-05	0.00055
OX359249.1	21800000	22000000	0.00056	0.00046	0.00039	0.00021	0.00045	0.000415	0.000315	0.000345	0.00018	0.000315	5e-06	0.00029
OX359249.1	22000000	22200000	0.000295	0.000155	0.000525	0.00035	0.000115	0.000295	0.00044	0.000445	0.00017	0.00026	0.00014	0.000155
OX359249.1	22200000	22400000	5e-05	2e-05	8e-05	3.5e-05	0.00012	0.00018	9e-05	0.000335	1.5e-05	7e-05	0.0	5e-05
OX359249.1	22400000	22600000	1.5e-05	0.000175	7e-05	0.000135	2e-05	0.000115	0.00017	9e-05	1.5e-05	3e-05	5e-06	3e-05
OX359249.1	22600000	22800000	0.00038	0.000515	0.000435	0.00079	0.00048	0.00082	0.000665	0.00064	0.00047	0.000915	0.0	0.001035
OX359249.1	22800000	23000000	0.00068	0.000925	0.000515	0.00063	0.00065	0.001175	0.00082	0.001305	0.001065	0.00082	0.00017	0.000905
OX359249.1	23000000	23200000	0.000735	0.000865	0.00086	0.00094	0.000525	0.000685	0.001	0.001065	0.000675	0.000415	5e-06	0.000975
OX359249.1	23200000	23400000	0.00086	0.00114	0.00101	0.00091	0.00104	0.00086	0.00073	0.00107	0.001125	0.00094	3e-05	0.0007
OX359249.1	23400000	23600000	0.000805	0.00053	0.000875	0.00066	0.000495	0.00068	0.000495	0.00076	0.00051	0.00071	5e-05	0.00039
OX359249.1	23600000	23800000	8.5e-05	0.00016	0.000465	0.00054	0.00022	0.00012	0.000205	0.00023	0.00025	0.00022	0.0	0.000145
OX359249.1	23800000	24000000	0.000995	0.000395	0.000455	0.00058	0.00142	0.000395	0.000655	0.000565	0.000585	0.000345	0.0	0.00044
OX359249.1	24000000	24200000	0.001685	0.0016	0.001845	0.000225	0.000145	0.00024	0.00016	0.00165	0.00015	0.00179	8e-05	0.001505
OX359249.1	24200000	24400000	0.00041	0.0007	0.00106	0.00038	0.000385	0.00038	0.000365	0.000785	0.000505	0.00018	7e-05	0.000885
OX359249.1	24400000	24600000	0.00017	0.000435	0.00019	0.000265	0.00041	0.000285	0.00048	0.000335	0.000135	0.000535	5e-05	0.000385
OX359249.1	24600000	24800000	0.000735	0.000615	0.000605	0.000755	0.000425	0.000655	0.00078	0.00083	0.0006	0.00036	0.000185	0.00072
OX359249.1	24800000	25000000	6e-05	4.5e-05	8.5e-05	8.5e-05	0.0003	5.5e-05	0.000105	8.5e-05	0.00012	0.000235	0.0	8e-05
OX359249.1	25000000	25200000	0.000705	0.001215	0.00033	0.000975	0.00081	0.000785	0.00101	0.000405	0.000335	0.000555	2e-05	0.000655
OX359249.1	25200000	25400000	0.00127	0.001585	0.00111	0.00154	0.001235	0.001405	0.001755	0.000775	0.00083	0.00127	5e-06	0.001185
OX359249.1	25400000	25600000	0.000395	0.000165	0.000175	0.00056	0.00046	0.000415	0.00019	0.000255	0.000245	0.0002	0.0	0.000235
OX359249.1	25600000	25800000	0.000335	0.000505	0.000235	0.00032	0.000285	0.000345	0.000445	0.00022	0.000415	0.000545	0.0	0.000455
OX359249.1	25800000	26000000	0.000125	0.00055	0.000385	0.00012	9.5e-05	0.00041	6e-05	0.00013	0.00061	0.000155	0.0	0.00048
OX359249.1	26000000	26200000	0.00014	3e-05	3e-05	2.5e-05	3e-05	0.000105	0.000225	1.5e-05	0.000235	0.000185	0.0	7.5e-05
OX359249.1	26200000	26400000	0.000165	5e-05	0.00023	0.00016	0.00012	0.000315	5.5e-05	0.000205	0.000215	2e-05	0.0	0.000165
OX359249.1	26400000	26600000	3e-05	5e-05	7e-05	5e-05	6.5e-05	8e-05	4e-05	6e-05	2e-05	3e-05	5e-06	2e-05
OX359249.1	26600000	26800000	0.00068	0.0007	0.00082	0.00072	0.00045	0.000255	0.00027	0.00029	0.000125	0.000235	1e-05	0.00048
OX359249.1	26800000	27000000	0.000295	0.00056	0.000485	0.00057	0.000495	0.000175	0.00066	0.00072	0.000555	0.00049	1e-05	0.000825
OX359249.1	27000000	27200000	0.0002	0.00032	4.5e-05	8e-05	0.000135	0.00017	0.00024	9.5e-05	0.000275	0.00017	0.0	0.000245
OX359249.1	27200000	27400000	8.5e-05	0.000255	8e-05	0.00031	0.000325	0.000355	0.000265	0.00023	0.00039	0.00028	0.000295	0.00021
OX359249.1	27400000	27600000	0.000375	0.00041	0.00022	0.00018	0.00015	0.000195	0.000235	0.000285	0.000335	0.000165	2e-05	0.00019
OX359249.1	27600000	27800000	0.000275	0.00029	0.00031	0.000455	0.000365	0.000265	0.000545	0.000265	0.000195	0.000275	0.0	0.00036
OX359249.1	27800000	28000000	0.000105	0.000115	0.000135	0.000145	0.0	0.00012	6e-05	8e-05	9e-05	9.5e-05	0.0	0.000115
OX359249.1	28000000	28200000	8e-05	6.5e-05	0.00011	6e-05	0.0	0.000145	6.5e-05	9.5e-05	9.5e-05	0.00023	5e-06	0.000155
OX359249.1	28200000	28400000	0.000115	1.5e-05	0.000355	0.000465	0.0002	8.5e-05	0.00025	0.000175	0.000165	2e-05	0.0	0.00019
OX359249.1	28400000	28600000												
OX359249.1	28600000	28800000	0.00105	0.001	0.000975	0.00073	0.000905	0.000235	0.00064	0.00014	0.0007	0.00095	9e-05	9.5e-05
OX359249.1	28800000	29000000	0.00039	0.000265	0.00039	0.00064	0.000155	0.00051	0.000455	0.000485	0.000165	0.000295	0.0	0.00026
OX359249.1	29000000	29200000	0.00044	0.000775	0.00105	0.001345	0.00092	0.000995	0.0011	0.00092	0.000935	0.00176	0.000795	0.0025
OX359249.1	29200000	29400000	0.00058	0.000325	0.00049	0.000415	0.00041	0.000495	0.000425	0.00083	0.000365	0.000365	0.000295	0.000865
OX359249.1	29400000	29600000	0.00011	5e-05	0.00016	0.000165	0.000155	0.00012	0.000265	0.00011	0.000155	0.000115	5e-05	0.000105
OX359249.1	29600000	29800000	0.00014	0.000105	0.000125	0.00014	1.5e-05	0.00013	0.000145	0.00015	0.00014	0.00014	0.0	0.000125
OX359249.1	29800000	30000000	0.000165	0.0	0.000155	0.000215	2e-05	0.000455	0.000245	0.00015	0.00038	0.00016	1e-05	0.000125
OX359249.1	30000000	30200000	0.00051	7e-05	0.000485	0.000545	0.00023	0.000425	0.000385	0.000585	0.00051	0.00039	5e-05	0.00053
OX359249.1	30200000	30400000	0.000255	0.00024	0.00016	0.00026	0.00019	0.000235	0.000195	0.000145	0.000205	0.000215	0.0	0.000155
OX359249.1	30400000	30600000	4e-05	1e-05	2.5e-05	5e-06	1.5e-05	3.5e-05	5e-05	2e-05	2e-05	4.5e-05	0.0	2.5e-05
OX359249.1	30600000	30800000	0.00013	0.000115	0.0002	0.000125	0.00013	0.000125	0.000125	0.000135	0.00012	0.0001	9.5e-05	0.00014
OX359249.1	30800000	31000000	0.00058	0.00062	0.000855	0.000585	0.000575	0.00058	0.000585	0.00085	0.00059	0.00094	0.00049	0.00091
OX359249.1	31000000	31200000	0.00033	0.000125	0.000475	0.00023	0.00053	0.00033	0.000125	0.000395	5.5e-05	0.000395	0.0	0.000395
OX359249.1	31200000	31400000	3e-05	0.0	4e-05	1.5e-05	5e-05	3e-05	3.5e-05	5e-05	3e-05	2.5e-05	0.0	6e-05
OX359249.1	31400000	31600000	0.00021	0.00021	0.00013	0.00026	0.00022	5e-05	0.0001	0.00028	0.00015	7e-05	2.5e-05	0.00012
OX359249.1	31600000	31800000	0.000145	0.0	2.5e-05	0.00029	9e-05	0.000125	4e-05	2.5e-05	5e-06	0.000105	5e-06	0.00013
OX359249.1	31800000	32000000	4.5e-05	9e-05	0.000125	4.5e-05	0.000145	3.5e-05	0.000135	0.000255	9e-05	8e-05	0.0	0.00035
OX359249.1	32000000	32200000	0.000765	0.00019	0.00014	0.000685	0.00038	0.00068	0.00072	0.00066	0.000315	0.00012	0.0	0.00053
OX359249.1	32200000	32400000	0.00019	0.00038	0.00016	0.00082	0.00099	0.00059	0.000325	0.00029	0.000175	0.000435	5.5e-05	0.00031
OX359249.1	32400000	32600000	0.000985	0.000645	0.00111	0.001475	0.00143	0.00069	0.001615	0.00063	0.00137	0.001075	1e-05	0.00135
OX359249.1	32600000	32800000	0.001105	0.00121	0.0011	0.000725	0.00068	0.00064	0.000985	0.001275	0.00089	0.000435	0.0	0.000785
OX359249.1	32800000	33000000	0.000825	0.00084	0.000895	0.00079	0.000665	0.00131	0.000935	0.000895	0.00083	0.000885	0.0	0.001055
OX359249.1	33000000	33200000	0.00091	0.00107	0.00109	0.000865	0.00077	0.00124	0.000525	0.00056	0.00124	0.000895	3e-05	0.001665
OX359249.1	33200000	33400000	0.00084	0.00057	0.00074	0.000645	0.001055	0.000595	0.00088	0.00067	0.000825	0.000825	1e-05	0.000525
OX359249.1	33400000	33600000	0.00099	0.00086	0.001345	0.00039	0.001205	0.0011	0.00055	0.000855	0.00092	0.000825	1e-05	0.000935
OX359249.1	33600000	33800000	0.00068	0.000425	0.000355	0.00056	0.000515	0.000305	0.000565	0.00035	0.00035	0.00054	5e-06	0.00043
OX359249.1	33800000	34000000	0.000465	7.5e-05	0.000785	0.00021	0.000475	0.000335	0.000325	0.00017	0.000215	0.00048	0.0	0.000125
OX359249.1	34000000	34200000	0.00012	0.00065	0.000145	0.001195	0.00074	0.00026	0.00102	0.000705	0.00033	0.00054	0.000105	0.00032
OX359249.1	34200000	34400000	0.0008	0.00158	0.00111	0.00154	0.001265	0.001285	0.00168	0.00106	0.00124	0.00109	0.000275	0.001085
OX359249.1	34400000	34600000	0.00018	0.00013	0.000225	0.00012	0.00018	0.000215	0.0002	0.000225	0.000175	0.000135	0.0	0.000145
OX359249.1	34600000	34800000	0.00032	0.0003	0.000235	0.000455	0.00038	0.000325	0.00044	0.000345	0.000295	0.000485	0.000255	0.000335
OX359249.1	34800000	35000000	0.000325	0.000445	0.00066	0.000675	0.000715	0.00059	0.000535	0.000585	0.000775	0.00056	5e-06	0.00079
OX359249.1	35000000	35200000	0.00116	0.000775	0.00119	0.001145	0.00078	0.00117	0.00088	0.000875	0.001215	0.001305	0.001125	0.00123
OX359249.1	35200000	35400000	0.000675	0.000895	0.000575	0.000515	0.00058	0.000705	0.00051	0.00058	0.000625	0.00062	0.00053	0.00052
OX359249.1	35400000	35600000	0.00046	0.00022	0.00033	0.000145	0.00033	0.00041	0.00032	0.000155	0.000315	0.00026	0.0	0.000175
OX359249.1	35600000	35800000	0.00071	0.00012	0.00063	0.0002	0.000215	0.000365	0.000705	0.0006	0.000295	0.00021	0.0	0.00017
OX359249.1	35800000	36000000	2.5e-05	2.5e-05	7.5e-05	5.5e-05	1.5e-05	1e-05	7.5e-05	2.5e-05	4.5e-05	3e-05	0.0	0.000125
OX359249.1	36000000	36200000	0.000125	0.000175	0.000135	0.00015	0.000185	8e-05	0.000165	0.000145	0.000135	0.00011	5e-06	0.00017
OX359249.1	36200000	36400000	0.000485	0.0005	0.000885	0.000425	0.00032	0.00088	0.000685	0.00059	0.00071	8e-05	0.0	0.00045
OX359249.1	36400000	36600000	0.000525	0.00083	0.00055	0.00048	0.000875	0.000775	0.001125	0.00066	0.000545	0.00033	4.5e-05	0.000335
OX359249.1	36600000	36800000	0.00015	0.00015	0.00017	7e-05	0.000185	8.5e-05	0.00018	0.00014	2e-05	0.000125	0.00018	0.0001
OX359249.1	36800000	37000000	0.00018	0.00031	0.000155	0.00014	8.5e-05	0.00015	0.00024	0.000145	0.00014	0.000145	0.00016	0.00015
OX359249.1	37000000	37200000	0.00034	0.000135	0.000225	0.00016	0.00033	7.5e-05	0.000145	0.000215	0.00042	0.000315	5.5e-05	0.00018
OX359249.1	37200000	37400000	3e-05	0.00055	3e-05	3e-05	3.5e-05	2e-05	0.00014	3e-05	2.5e-05	4e-05	1e-05	3e-05
OX359249.1	37400000	37600000	3.5e-05	3e-05	3e-05	5.5e-05	2.5e-05	4e-05	5.5e-05	4.5e-05	1e-05	3e-05	0.0	3.5e-05
OX359249.1	37600000	37800000	6e-05	9.5e-05	0.000105	8e-05	4.5e-05	0.000175	6.5e-05	6.5e-05	9.5e-05	4.5e-05	4e-05	0.00011
OX359249.1	37800000	38000000	0.00017	0.00021	0.000265	0.000195	0.0001	0.00012	0.00035	0.000165	0.00034	0.000275	0.0	0.0002
OX359249.1	38000000	38200000	0.000245	0.00072	0.000535	0.00033	0.000345	0.000145	0.00043	0.000105	0.0004	0.000365	2.5e-05	0.000645
OX359249.1	38200000	38400000	0.000405	0.000385	0.000255	0.000125	0.00027	0.0006	0.000315	0.000255	0.000335	0.00038	3e-05	0.000345
OX359249.1	38400000	38600000	0.000175	0.00012	0.000125	0.000275	0.000145	0.00014	0.000185	0.00013	0.00011	9e-05	0.000115	0.000135
OX359249.1	38600000	38800000	3.5e-05	2e-05	1.5e-05	2e-05	2.5e-05	5e-05	7.5e-05	1e-05	3.5e-05	3.5e-05	5e-06	3e-05
OX359249.1	38800000	39000000	5.5e-05	3e-05	2e-05	3e-05	2.5e-05	1.5e-05	4e-05	4.5e-05	2.5e-05	5.5e-05	0.0	5.5e-05
OX359249.1	39000000	39200000	0.00046	0.000505	0.000445	0.00066	0.0005	0.00064	0.000735	0.00062	0.000515	0.000295	0.0	0.000945
OX359249.1	39200000	39400000	0.000885	0.000845	0.0007	0.00124	0.000885	0.000105	0.00066	0.000545	0.00059	0.00023	5e-06	0.00113
OX359249.1	39400000	39600000	0.00085	0.001	0.00117	0.00096	0.00059	0.00101	0.00094	0.000965	0.000825	0.00079	0.000375	0.00083
OX359249.1	39600000	39800000	0.000665	0.000735	0.000665	0.000895	0.000485	0.001105	0.000445	0.00058	0.000505	0.000605	0.0001	0.000685
OX359249.1	39800000	40000000	0.000845	0.000975	0.00093	0.00125	0.000915	0.00066	0.00098	0.001245	0.001125	0.001085	3.5e-05	0.00067
OX359249.1	40000000	40200000	0.00134	0.00108	0.000305	0.001095	0.000455	0.000965	0.00051	0.000845	0.000515	0.000775	5e-06	0.000725
OX359249.1	40200000	40400000	0.00032	0.00059	0.0002	0.000215	0.00059	0.001185	0.00084	0.00053	1e-05	0.001075	0.0	0.00034
OX359249.1	40400000	40600000	0.000375	0.000275	0.00077	0.00074	0.00041	0.000965	0.000595	0.00037	0.000515	0.00061	5e-06	0.000405
OX359249.1	40600000	40800000	0.001025	0.000605	0.00068	0.00117	0.00079	0.000565	0.000715	0.00067	0.000645	0.00034	4e-05	0.00081
OX359249.1	40800000	41000000	0.00044	0.00079	0.000675	0.00053	0.00058	0.00036	0.000465	0.00039	0.00073	0.00046	1e-05	0.00063
OX359249.1	41000000	41200000	0.00073	0.00073	0.00058	0.00052	0.000715	0.000505	0.00098	0.00034	0.000235	0.00052	1e-05	0.000775
OX359249.1	41200000	41400000	0.000375	0.00014	0.00024	0.000145	0.00023	0.00026	0.00037	0.000205	0.00013	0.00037	0.000115	0.00038
OX359249.1	41400000	41600000	0.000145	0.00011	0.000165	0.000145	0.00013	0.000155	0.00015	9.5e-05	0.000175	0.00017	0.00017	0.00014
OX359249.1	41600000	41800000	4.5e-05	3e-05	3.5e-05	2e-05	1.5e-05	3.5e-05	2.5e-05	4e-05	4e-05	2e-05	2.5e-05	3.5e-05
OX359249.1	41800000	42000000	0.000405	0.00045	0.00028	0.000425	0.00056	0.0005	0.000435	0.00052	0.000475	0.00039	0.0	0.000565
OX359249.1	42000000	42200000	0.00042	0.00094	0.00096	0.000725	0.000485	0.000505	0.001075	0.00081	0.00077	0.000915	8.5e-05	0.00027
OX359249.1	42200000	42400000	0.00041	0.00086	0.00075	0.000985	0.000655	0.000275	0.000435	0.00062	0.00071	0.00053	5e-06	0.000255
OX359249.1	42400000	42600000	0.00067	0.0003	0.000705	0.000525	0.000565	0.00054	0.000625	0.00061	0.00053	0.00054	0.0	0.000285
OX359249.1	42600000	42800000	0.00022	0.000195	0.000625	0.00015	0.000215	0.00012	0.000465	0.0003	0.000345	0.00011	5e-06	0.0001
OX359249.1	42800000	43000000	0.00122	0.00057	0.00039	0.000985	0.0007	0.000315	0.00077	0.00073	0.000455	0.000485	1e-05	0.00051
OX359249.1	43000000	43200000	0.00089	0.001275	0.001085	0.001125	0.000805	0.000945	0.000745	0.00087	0.000815	0.000645	0.000415	0.000905
OX359249.1	43200000	43400000	7e-05	9e-05	9.5e-05	2.5e-05	0.000125	2e-05	9.5e-05	8.5e-05	6e-05	2e-05	0.0	4e-05
OX359249.1	43400000	43600000	0.000485	0.000165	0.000585	0.000655	0.000705	0.00047	0.00012	0.00069	0.00011	0.00034	0.0	0.000505
OX359249.1	43600000	43800000	0.00068	0.001455	0.00142	0.00035	0.001205	0.000985	0.00027	0.000845	0.001495	0.000645	2e-05	0.00063
OX359249.1	43800000	44000000	0.001015	0.001225	0.000755	0.001245	0.0008	0.0009	0.00111	0.001005	0.00075	0.000765	0.0	0.001335
OX359249.1	44000000	44200000	0.00142	0.00097	0.00129	0.000965	0.001195	0.00137	0.00101	0.001325	0.001035	0.001045	0.000775	0.001105
OX359249.1	44200000	44400000	0.00062	0.00061	0.00019	0.00041	0.000325	0.00035	0.000735	0.00024	0.000645	0.00023	5e-06	0.000405
OX359249.1	44400000	44600000	0.00062	0.000655	0.00066	0.00026	0.000825	0.0003	0.000715	0.000275	0.00043	0.00066	5e-06	0.00054
OX359249.1	44600000	44800000	0.00023	0.000725	5e-06	0.00019	0.0002	0.0002	0.000105	8e-05	0.00028	0.00077	0.0	0.00015
OX359249.1	44800000	45000000	0.00055	0.00058	0.000245	0.00069	0.000415	0.00093	0.00051	0.00064	0.00075	0.00083	0.0	0.000435
OX359249.1	45000000	45200000	0.000665	0.001175	0.00113	0.001495	0.001045	0.001145	0.00106	0.00121	0.001005	0.000855	0.000215	0.001195
OX359249.1	45200000	45400000	0.00064	0.00067	0.000515	0.000255	0.00021	0.000215	0.00019	0.000445	0.00036	0.00052	0.0	5.5e-05
OX359249.1	45400000	45600000	0.00036	0.00066	0.000435	0.0004	0.000475	0.00057	0.0004	0.00065	0.000435	0.00026	1.5e-05	0.00041
OX359249.1	45600000	45800000	0.00019	0.00021	0.00015	0.000315	0.00016	0.00022	0.00021	0.00025	3e-05	0.000315	6.5e-05	0.00022
OX359249.1	45800000	46000000	0.00051	0.000365	0.000705	0.000635	0.00044	0.000485	0.00083	0.00029	0.000505	0.000705	5e-06	0.000245
OX359249.1	46000000	46200000	0.000135	2e-05	8e-05	2e-05	0.00017	0.0001	0.0002	4e-05	0.00016	3.5e-05	5e-06	1e-05
OX359249.1	46200000	46400000	0.00031	0.000905	0.00052	0.000155	0.00074	0.000155	0.00065	0.000745	0.000785	7.5e-05	0.000125	0.000325
OX359249.1	46400000	46600000	0.000165	0.000165	0.000205	0.0002	0.000175	0.000175	0.00017	0.000155	0.00021	3e-05	0.00018	0.00023
OX359249.1	46600000	46800000	0.00024	0.00046	0.000215	0.00058	0.000575	0.000245	0.00049	0.00031	0.000175	1.5e-05	0.0	7e-05
OX359249.1	46800000	47000000	0.000265	0.0001	0.00016	0.00011	0.000145	0.00039	0.000415	0.00023	0.00024	5e-05	9e-05	0.00014
OX359249.1	47000000	47200000	0.00019	0.00022	0.0002	2.5e-05	0.00024	0.000305	0.00025	0.000295	0.00021	0.00019	2e-05	0.00013
OX359249.1	47200000	47400000	0.00113	0.00102	0.000875	0.001255	0.00122	0.001075	0.001025	0.001305	0.000965	0.00073	6.5e-05	0.00088
OX359249.1	47400000	47600000	0.000325	0.00033	0.00042	0.00044	0.000435	0.00026	0.000445	0.000275	0.00043	0.000285	1e-05	0.000335
OX359249.1	47600000	47800000	0.000345	0.00047	0.00055	9e-05	9e-05	0.000485	0.00044	0.000485	0.00037	0.00028	3.5e-05	6.5e-05
OX359249.1	47800000	48000000												
OX359249.1	48000000	48200000	8e-05	7e-05	0.0001	0.000145	0.00022	0.00013	9e-05	0.000105	4e-05	0.000215	6.5e-05	4e-05
OX359249.1	48200000	48400000	0.00086	0.001135	0.00083	0.000845	0.001115	0.00084	0.000715	0.000615	0.001095	0.00091	0.00019	0.001255
OX359249.1	48400000	48600000	0.000365	0.00018	0.000345	0.000195	0.000265	0.00034	0.000325	0.00042	0.00022	0.00026	0.00011	0.000295
OX359249.1	48600000	48800000	0.000555	0.00058	0.00029	0.000305	0.00036	6e-05	0.000495	0.000265	0.00046	0.00036	0.0	0.00033
OX359249.1	48800000	49000000	0.0003	0.00024	0.00033	0.000355	0.000395	0.00045	0.000405	0.00021	0.000505	0.00043	0.0	0.0007
OX359249.1	49000000	49200000	0.000225	0.000315	0.00014	0.00028	0.000165	0.000325	0.00027	0.000125	0.000275	0.00018	0.000125	0.00018
OX359249.1	49200000	49400000	0.000705	0.000605	0.000855	0.00086	0.000985	0.000775	0.000805	0.00066	0.00113	0.001375	0.00072	0.00067
OX359249.1	49400000	49600000	0.001135	0.001075	0.00053	0.0009	0.001705	0.000995	0.00131	0.001025	0.001015	0.00122	0.000135	0.000875
OX359249.1	49600000	49800000	0.00044	0.001565	0.00055	0.00155	0.000925	0.00123	0.0009	0.0014	0.001195	0.001325	0.0	0.00178
OX359249.1	49800000	50000000	0.00061	0.00033	0.000255	0.00036	0.00036	0.000615	0.000295	0.00028	0.001325	0.001525	7.5e-05	0.000315
OX359249.1	50000000	50200000	0.00099	0.00094	0.00089	0.000945	0.000965	0.00103	0.000925	0.00094	0.000205	0.000955	0.000885	0.00097
OX359249.1	50200000	50400000	0.00035	0.00033	0.000345	0.000295	0.00029	0.00047	0.000265	0.00032	0.00034	0.000295	0.0003	0.0004
OX359249.1	50400000	50600000	0.000125	0.00013	0.000225	9e-05	0.000135	0.0001	0.00028	0.00013	9e-05	0.000145	0.000135	0.000145
OX359249.1	50600000	50800000	9.5e-05	1.5e-05	0.000265	9e-05	0.000225	8.5e-05	0.00018	0.00031	0.000145	0.000205	0.00016	0.00011
OX359249.1	50800000	51000000	6e-05	2.5e-05	0.000525	0.00041	3.5e-05	9e-05	2e-05	3.5e-05	0.000425	0.00011	5e-06	0.00038
OX359249.1	51000000	51200000	0.000325	0.000335	0.0002	0.000315	0.00022	0.000275	0.000205	0.00023	0.00024	0.000275	0.0002	0.00029
OX359249.1	51200000	51400000	0.000175	8.5e-05	3e-05	5.5e-05	0.000105	0.0001	2.5e-05	0.000105	0.00013	0.00015	3.5e-05	3e-05
OX359249.1	51400000	51600000	0.000165	0.000125	0.000115	0.00029	8e-05	0.000165	8e-05	0.00012	0.000175	0.00016	0.000105	0.000105
OX359249.1	51600000	51800000	0.000185	0.00042	0.000175	0.00041	0.000385	0.00022	0.000565	0.000205	0.000315	0.000255	0.0	0.000435
OX359249.1	51800000	52000000	7.5e-05	8.5e-05	8e-05	9e-05	9.5e-05	6.5e-05	9e-05	8.5e-05	8e-05	8.5e-05	5.5e-05	6.5e-05
OX359249.1	52000000	52200000	0.000605	0.00056	0.000595	0.000565	0.000605	0.000585	0.00055	0.00057	0.000575	0.000655	0.00063	0.000525
OX359249.1	52200000	52400000	1.5e-05	5e-05	3e-05	1.5e-05	3.5e-05	6.5e-05	1.5e-05	3e-05	7e-05	3e-05	0.000115	0.000115
OX359249.1	52400000	52600000	0.000955	0.00098	0.000855	0.00106	0.001195	0.00083	0.000995	0.00103	0.00078	0.00129	0.0011	0.00107
OX359249.1	52600000	52800000	0.00029	0.00019	6.5e-05	0.000145	0.000465	0.000315	0.00013	0.0003	0.000365	0.00027	0.00041	0.000345
OX359249.1	52800000	53000000	0.001375	0.001385	0.00144	0.00154	0.001515	0.00176	0.001255	0.00138	0.001635	0.00115	0.001155	0.00129
OX359249.1	53000000	53200000	7e-05	0.00015	0.000165	0.00014	0.00016	0.000135	0.000195	0.00017	0.00016	0.00012	0.00011	9e-05
OX359249.1	53200000	53400000	0.001175	0.00119	5.5e-05	2.5e-05	6e-05	3e-05	0.00041	6e-05	0.000215	4.5e-05	4e-05	0.00023
OX359249.1	53400000	53600000	0.000595	0.00048	0.000165	0.000295	0.000745	0.000275	0.000385	0.000415	0.00072	0.00069	0.0006	0.00028
OX359249.1	53600000	53800000	0.000245	0.00019	0.00018	0.000215	0.00012	0.00024	0.00022	0.000245	0.00021	0.000235	0.000135	0.00022
OX359249.1	53800000	54000000	0.00047	0.000365	0.00025	0.00035	0.000395	0.000445	0.000405	0.00032	0.000405	0.000355	0.00027	0.000465
OX359249.1	54000000	54200000	0.001825	0.00185	0.00181	0.001685	0.001795	0.002295	0.0019	0.00197	0.001945	0.001805	0.001625	0.00169
OX359249.1	54200000	54400000	0.000885	0.001115	0.00102	0.000945	0.000915	0.000985	0.000855	0.000745	0.001035	0.001135	0.00105	0.000705
OX359249.1	54400000	54600000	0.000735	0.00063	0.00065	0.00067	0.00072	0.000715	0.00069	0.001195	0.000725	0.001125	0.00057	0.000675
OX359249.1	54600000	54800000	0.0	0.0	0.0	9.5e-05	0.0001	1e-05	0.0	9.5e-05	9.5e-05	9.5e-05	0.0	9.5e-05
OX359249.1	54800000	55000000	0.0	0.0	0.0	5e-06	0.0	5e-06	0.0	5e-06	0.0	0.0	0.0	0.0
OX359249.1	55000000	55200000	0.000275	0.00033	0.0003	0.00032	0.000295	0.000425	0.000355	0.00032	0.000215	0.00033	0.000235	0.00029
OX359249.1	55200000	55400000	1.5e-05	3.5e-05	2e-05	1.5e-05	2e-05	2e-05	1e-05	3e-05	5e-06	2.5e-05	2e-05	3.5e-05
OX359249.1	55400000	55600000	1e-05	1e-05	0.0	5e-06	6e-05	8e-05	6.5e-05	5.5e-05	5.5e-05	5.5e-05	1e-05	6e-05
OX359250.1	0	200000												
OX359250.1	200000	400000	1e-05	0.000135	5e-06	0.0	0.00043	0.000435	0.00027	2e-05	0.0	0.00028	0.0	0.0001
OX359250.1	400000	600000	0.00021	0.00026	0.000475	0.000435	7.5e-05	0.00041	0.000355	0.00019	0.000115	0.00043	8e-05	0.000155
OX359250.1	600000	800000	0.001135	0.001205	0.0011	0.00106	0.001165	0.00111	0.001125	0.001115	0.00103	0.001085	0.001145	0.00105
OX359250.1	800000	1000000	1e-05	0.0	6.5e-05	7e-05	4e-05	0.0	1.5e-05	5.5e-05	0.0001	6e-05	2e-05	0.00011
OX359250.1	1000000	1200000												
OX359250.1	1200000	1400000	0.000585	0.00061	0.000495	0.00045	0.00052	0.000545	0.00049	0.000415	0.00045	0.00044	0.000375	0.00055
OX359250.1	1400000	1600000	0.000255	0.000285	0.000235	0.000205	0.000275	0.00026	0.000205	0.000325	0.000255	0.000285	0.000375	0.00021
OX359250.1	1600000	1800000	0.000485	0.00051	0.00011	0.00027	0.00043	0.000495	0.00028	0.000225	0.000485	0.000435	0.00035	0.00042
OX359250.1	1800000	2000000	0.001755	0.00096	0.00171	0.00171	0.001725	0.00198	0.000205	0.000965	0.000575	0.00195	0.000445	0.00109
OX359250.1	2000000	2200000	0.000315	0.00124	0.000565	0.001265	0.00164	3.5e-05	0.000525	8.5e-05	0.0002	8e-05	3e-05	0.00033
OX359250.1	2200000	2400000	0.00026	0.002505	0.00037	0.00403	0.00289	0.000195	0.003085	0.00022	0.000335	0.00012	0.000315	0.00023
OX359250.1	2400000	2600000	0.0002	0.0004	0.00017	9e-05	0.000115	0.000245	0.00014	0.00032	0.00011	0.000405	0.00026	0.00016
OX359250.1	2600000	2800000	0.00027	0.000315	0.000365	0.000325	0.000405	0.00031	0.000475	0.000405	0.000295	0.00035	0.000275	0.000515
OX359250.1	2800000	3000000	0.00029	0.00031	0.00035	0.000325	0.00033	0.0003	0.00032	0.00032	0.000155	0.000245	0.0	0.000295
OX359250.1	3000000	3200000	0.000135	0.000145	0.000175	0.0001	0.00033	0.000225	0.0003	0.00019	6e-05	0.000175	0.000145	0.000195
OX359250.1	3200000	3400000	0.001035	0.00115	0.00111	0.001155	0.001345	0.0007	0.001235	0.00108	0.00116	0.000905	0.00105	0.00096
OX359250.1	3400000	3600000	0.00072	0.0007	0.00048	0.0006	0.000845	0.00067	0.000885	0.00019	0.000565	9.5e-05	0.0002	0.000655
OX359250.1	3600000	3800000	0.000435	0.000425	0.000395	0.00032	0.00037	0.000475	0.00045	0.000405	0.000455	0.000495	0.00045	0.00046
OX359250.1	3800000	4000000	0.00063	0.000525	0.000745	0.00053	0.00072	0.00048	0.000495	0.000635	0.00078	0.000485	0.00035	0.000755
OX359250.1	4000000	4200000	8e-05	0.000115	0.00011	4.5e-05	9.5e-05	0.000105	0.00012	8.5e-05	0.000155	3e-05	0.0	9e-05
OX359250.1	4200000	4400000	6e-05	6e-05	3.5e-05	2.5e-05	1.5e-05	6e-05	5e-05	2.5e-05	3e-05	4.5e-05	5e-05	3.5e-05
OX359250.1	4400000	4600000	0.00026	0.000265	0.00041	0.00043	0.00039	0.00025	0.000405	0.00024	0.00023	0.00042	0.000215	0.000415
OX359250.1	4600000	4800000	0.000315	0.00036	0.000255	0.000175	0.00031	0.00042	0.00021	0.00019	0.0004	0.00034	0.00025	0.000205
OX359250.1	4800000	5000000	0.000565	0.000415	0.000685	0.00064	0.00018	0.00067	0.00057	0.000445	0.000605	0.000715	0.000595	0.000675
OX359250.1	5000000	5200000	3e-05	3e-05	0.000105	2e-05	7e-05	2.5e-05	1.5e-05	3e-05	3.5e-05	3e-05	5e-05	2e-05
OX359250.1	5200000	5400000	0.0004	0.00059	0.00048	0.000505	0.00047	0.000535	0.000485	0.00052	0.000685	0.000695	2e-05	0.000655
OX359250.1	5400000	5600000	0.000495	0.000465	0.000495	0.000315	0.00077	0.000415	0.000445	0.000645	0.00047	0.00033	0.00028	0.000375
OX359250.1	5600000	5800000	0.000265	0.000415	0.000255	0.00026	0.000535	0.000245	0.000485	0.000435	0.00019	0.00029	0.000205	0.000335
OX359250.1	5800000	6000000	2.5e-05	3e-05	9.5e-05	5e-06	6e-05	8e-05	7.5e-05	9e-05	5.5e-05	2.5e-05	6e-05	0.000115
OX359250.1	6000000	6200000	0.000255	0.000205	0.00026	0.00037	0.0004	0.000165	0.000205	0.0002	0.000275	0.000335	0.000135	0.000375
OX359250.1	6200000	6400000	3.5e-05	3e-05	4e-05	3.5e-05	3e-05	1.5e-05	4.5e-05	4e-05	3e-05	1e-05	0.0	4.5e-05
OX359250.1	6400000	6600000	2e-05	5e-06	1e-05	5e-06	1e-05	2.5e-05	0.0	0.0	5e-06	0.0	0.0	0.0
OX359250.1	6600000	6800000	1.5e-05	2.5e-05	1e-05	2e-05	1.5e-05	2e-05	2.5e-05	3e-05	2e-05	1e-05	5e-06	2e-05
OX359250.1	6800000	7000000	4.5e-05	6.5e-05	3.5e-05	6e-05	3.5e-05	7.5e-05	4.5e-05	3.5e-05	4.5e-05	5e-06	5.5e-05	4.5e-05
OX359250.1	7000000	7200000	0.000255	0.00073	0.00028	0.000495	0.00062	0.00056	0.00052	0.00063	0.00115	0.00017	0.0	0.00117
OX359250.1	7200000	7400000	0.000285	0.000755	0.000425	0.000145	0.000825	0.00033	0.000385	0.000425	0.00048	4e-05	0.00031	0.000175
OX359250.1	7400000	7600000	0.000155	0.00019	0.00021	0.0002	0.00087	0.00016	0.00024	0.00049	0.00035	0.000705	0.000105	0.00027
OX359250.1	7600000	7800000	0.000295	0.00039	0.00085	0.0002	0.000275	0.00045	0.000355	0.000415	0.000545	0.00045	1e-05	0.000435
OX359250.1	7800000	8000000	0.001015	0.001075	0.000975	0.00096	0.00097	0.00104	0.00097	0.001065	0.00209	0.000925	0.00045	0.001
OX359250.1	8000000	8200000	0.00011	0.000205	0.00018	0.000205	0.00013	0.000105	0.0002	0.000135	0.000135	0.000185	0.000175	0.00017
OX359250.1	8200000	8400000	0.000355	0.00028	0.00035	0.000255	0.000355	0.000275	0.000235	0.00025	0.00027	0.000285	0.000205	0.000265
OX359250.1	8400000	8600000	0.00032	0.000305	0.00031	0.000315	0.00031	0.000315	0.000295	0.000255	0.00029	0.0003	0.00027	0.000255
OX359250.1	8600000	8800000	8e-05	9.5e-05	8e-05	6.5e-05	5.5e-05	5.5e-05	8e-05	5.5e-05	0.000105	5.5e-05	2.5e-05	3.5e-05
OX359250.1	8800000	9000000	9e-05	0.00011	3e-05	9e-05	0.00017	0.000115	0.00012	0.00017	7e-05	0.00017	0.0	0.000165
OX359250.1	9000000	9200000	0.001295	0.001665	0.001615	0.001515	0.000695	0.00034	0.001035	0.001385	0.00142	0.00162	1.5e-05	0.000505
OX359250.1	9200000	9400000	0.00116	0.00131	0.000965	0.0011	0.00098	0.00111	0.001115	0.001335	0.001355	0.001115	5e-06	0.00059
OX359250.1	9400000	9600000	0.000255	0.00014	0.00015	0.00044	0.000195	0.000105	0.00015	0.000355	0.00025	0.00012	2e-05	0.000165
OX359250.1	9600000	9800000	0.00021	0.000175	0.00015	0.000195	0.000165	0.00022	0.00011	0.000265	0.000115	9.5e-05	5e-05	9.5e-05
OX359250.1	9800000	10000000	0.000135	0.00017	0.00029	0.00014	7e-05	0.000135	0.000145	0.000335	0.00017	0.00023	0.0	0.00022
OX359250.1	10000000	10200000	0.000255	0.00063	0.000515	0.000185	0.00023	0.00032	0.00029	0.00052	0.000205	0.00067	5e-06	0.000525
OX359250.1	10200000	10400000	5.5e-05	0.00017	3.5e-05	6e-05	0.00024	0.00015	0.00018	9.5e-05	9e-05	5.5e-05	0.0	1e-05
OX359250.1	10400000	10600000	9.5e-05	6e-05	9.5e-05	0.00011	0.00018	8.5e-05	0.000105	0.000105	0.00019	0.000125	2e-05	6.5e-05
OX359250.1	10600000	10800000	0.000705	0.00068	0.00081	0.00081	0.00079	0.00073	0.000815	0.000745	0.00062	0.00069	0.000595	0.000845
OX359250.1	10800000	11000000	0.00029	0.000295	0.000225	0.00021	0.000335	0.000285	0.00023	0.000245	0.000265	0.000285	0.00023	0.00021
OX359250.1	11000000	11200000	0.000175	0.00015	0.000185	0.00015	0.000155	0.000145	0.000165	0.00017	0.000165	0.000205	0.000195	0.000175
OX359250.1	11200000	11400000	0.00043	0.00032	0.00016	0.00043	0.000205	0.00054	0.000305	0.000195	0.000195	0.00032	2e-05	0.00021
OX359250.1	11400000	11600000	8e-05	0.0001	0.00013	0.000135	0.000125	9e-05	9.5e-05	0.000135	8.5e-05	0.00011	5e-05	0.0001
OX359250.1	11600000	11800000	0.0003	0.00037	0.000295	0.00035	0.000375	0.000235	0.000335	0.000315	0.00036	0.00028	0.00032	0.000375
OX359250.1	11800000	12000000	0.00049	0.000325	0.00096	0.000535	0.000615	0.00052	0.000565	0.000875	0.000415	0.00033	8e-05	0.000735
OX359250.1	12000000	12200000	0.000255	0.000415	0.00038	0.00058	0.000475	0.000415	0.00053	0.00038	0.00053	0.00034	0.0001	0.00033
OX359250.1	12200000	12400000	0.00037	0.00056	0.00049	0.00039	0.000475	0.000225	0.00028	0.000265	0.00037	0.00023	1e-05	0.000545
OX359250.1	12400000	12600000	0.000505	0.000615	0.00093	0.00052	0.0005	0.00062	0.00056	0.0009	0.00082	0.000735	0.00015	0.00052
OX359250.1	12600000	12800000	0.00051	0.00043	0.0005	0.0005	0.00014	0.000505	0.0005	0.00059	0.000135	0.000705	0.00044	0.000455
OX359250.1	12800000	13000000	0.002245	0.00227	0.00218	0.002215	0.002345	0.002515	0.00218	0.00265	0.002155	0.00226	0.00247	0.00237
OX359250.1	13000000	13200000	8.5e-05	0.00018	9.5e-05	0.000155	8.5e-05	0.000175	0.00013	0.000115	0.00015	0.000175	0.0	0.00014
OX359250.1	13200000	13400000	0.00011	0.000175	4.5e-05	0.00014	0.00076	0.000725	0.00014	3.5e-05	0.000765	0.000175	0.000715	0.000115
OX359250.1	13400000	13600000	0.000185	0.000255	9.5e-05	0.00015	0.00021	0.00029	0.000165	0.00029	0.000165	0.00018	0.0	0.00028
OX359250.1	13600000	13800000	0.00038	0.00062	0.00068	0.000665	0.00035	0.00026	0.00064	0.00063	0.00036	0.00127	0.000825	0.000685
OX359250.1	13800000	14000000	0.00065	0.0009	0.000845	0.00057	0.000895	0.000685	0.000505	0.000825	0.00061	0.00096	0.000535	0.00047
OX359250.1	14000000	14200000	0.00036	0.000135	0.000555	0.000535	0.0005	0.00049	0.000345	0.000655	0.00054	0.00054	0.000135	0.00011
OX359250.1	14200000	14400000	0.000265	4e-05	0.00033	0.000165	9e-05	0.000275	0.00013	9e-05	4.5e-05	0.00018	6e-05	0.000145
OX359250.1	14400000	14600000	0.00036	0.000345	0.00037	0.000475	0.0001	0.00054	0.00066	0.000245	0.000275	0.000315	0.0	0.000385
OX359250.1	14600000	14800000	0.000715	0.00109	0.00133	0.00069	0.00075	0.00097	0.00116	0.001155	0.00075	0.001255	5e-05	0.001095
OX359250.1	14800000	15000000	0.000445	0.000415	0.000345	0.00042	0.00106	0.000425	0.000335	0.00103	0.00033	0.000415	0.000355	0.001125
OX359250.1	15000000	15200000	0.00089	0.00101	0.00077	0.000675	0.00089	0.00068	0.0005	0.00079	0.000855	0.00082	3e-05	0.001095
OX359250.1	15200000	15400000	0.00049	0.00031	0.00024	0.000235	0.00036	0.000395	0.00028	0.00016	0.000165	0.000105	0.00012	0.00029
OX359250.1	15400000	15600000	0.000245	0.00022	0.00019	0.000185	8e-05	0.00021	0.00023	0.000185	0.000255	0.000185	0.00023	0.00019
OX359250.1	15600000	15800000	0.000265	0.000345	0.000315	0.00044	0.000215	0.00021	0.000295	0.000345	0.000285	5.5e-05	0.0	0.00023
OX359250.1	15800000	16000000	0.000665	0.00031	0.000895	0.000255	0.00056	0.00039	0.00053	0.00142	4.5e-05	0.000115	0.0	0.00064
OX359250.1	16000000	16200000	6.5e-05	8e-05	6e-05	8e-05	5.5e-05	8e-05	6.5e-05	3e-05	6.5e-05	4.5e-05	5e-05	7.5e-05
OX359250.1	16200000	16400000	0.000645	0.00105	0.000985	0.000555	0.00092	0.000395	0.00015	0.00106	0.001685	0.00082	0.0009	0.00092
OX359250.1	16400000	16600000	0.000735	0.00079	0.000725	0.00079	0.00079	0.00079	0.000755	0.00071	0.000685	0.000625	0.00068	0.000795
OX359250.1	16600000	16800000	0.00015	3e-05	0.000215	0.000335	0.000155	0.001015	0.000315	0.00054	0.00103	0.000225	0.00019	0.000965
OX359250.1	16800000	17000000	0.001095	0.000575	0.00099	0.000925	0.001225	0.001115	0.00121	0.00094	0.001235	0.000765	2.5e-05	0.001295
OX359250.1	17000000	17200000	0.001225	0.00186	0.001915	0.001895	0.001135	0.00111	0.0013	0.00199	0.00128	0.0026	0.00101	0.001085
OX359250.1	17200000	17400000	0.0013	0.00077	0.00099	0.00082	0.001005	0.000815	0.000965	0.000935	0.001115	0.00098	2e-05	0.000725
OX359250.1	17400000	17600000	0.000455	0.000345	0.000325	0.00034	0.00076	0.00064	0.00023	0.00033	0.000505	0.00074	0.0	0.00037
OX359250.1	17600000	17800000	0.00084	0.00162	0.001455	0.001305	0.00146	0.00033	0.00189	0.001665	0.00059	0.00053	0.00052	0.001745
OX359250.1	17800000	18000000	0.0007	0.000675	0.000725	0.00062	0.00075	0.00058	0.00098	0.000925	0.000685	0.00047	0.00087	0.0007
OX359250.1	18000000	18200000	0.000315	0.000435	0.000405	0.000275	0.000495	0.00032	0.00045	0.000375	0.000315	0.00037	0.00039	0.00034
OX359250.1	18200000	18400000	0.000395	0.00042	0.000285	0.000425	0.000165	0.00014	0.000385	0.000475	0.00038	0.00017	1.5e-05	0.0005
OX359250.1	18400000	18600000	0.00087	0.00047	0.00088	0.00086	0.00061	0.000775	0.000735	0.000945	0.000785	0.000745	4.5e-05	0.00076
OX359250.1	18600000	18800000	5e-05	0.000535	4.5e-05	3.5e-05	0.000655	0.000435	0.00041	0.00037	0.000615	0.00059	0.000635	0.00045
OX359250.1	18800000	19000000	0.00044	0.00016	0.000205	8e-05	0.000425	0.000305	0.000315	0.00014	0.000175	0.000245	0.0	0.00031
OX359250.1	19000000	19200000	0.001135	0.00071	0.00091	0.00127	0.000975	0.000855	0.001	0.001175	0.00087	0.000905	1e-05	0.00065
OX359250.1	19200000	19400000	3.5e-05	0.00081	0.000195	7.5e-05	0.000255	0.00017	0.000215	0.00044	0.0009	2e-05	3e-05	0.000215
OX359250.1	19400000	19600000	0.00014	0.000145	0.0001	0.00017	0.00012	9e-05	0.00019	0.000145	0.00014	0.0001	2.5e-05	0.00015
OX359250.1	19600000	19800000	0.00054	4e-05	5.5e-05	6e-05	4e-05	4.5e-05	0.00036	8e-05	0.00014	7.5e-05	0.0004	4.5e-05
OX359250.1	19800000	20000000	0.00024	0.00032	0.00036	0.00023	0.00021	0.00034	0.000225	0.000235	0.00026	0.000395	5e-05	0.000165
OX359250.1	20000000	20200000	0.00025	0.00017	0.0008	0.00076	0.000245	0.000155	0.000385	0.00046	1e-05	0.00013	1e-05	0.000215
OX359250.1	20200000	20400000	0.00016	9e-05	0.0003	0.000365	0.00015	0.00021	0.000305	0.000175	9.5e-05	6.5e-05	5e-06	0.0001
OX359250.1	20400000	20600000	0.000115	4.5e-05	5e-05	3e-05	8e-05	2.5e-05	2.5e-05	4.5e-05	6.5e-05	1e-05	0.0	8e-05
OX359250.1	20600000	20800000	5e-06	1e-05	1e-05	1e-05	1e-05	1.5e-05	6e-05	2e-05	0.0002	2.5e-05	0.0	1.5e-05
OX359250.1	20800000	21000000	0.000515	0.00063	0.000515	0.000475	0.00051	0.00057	0.00062	0.00055	0.0028	0.000505	0.000395	0.000505
OX359250.1	21000000	21200000	0.00011	0.000135	0.000125	7e-05	0.000115	7e-05	0.00011	8e-05	0.00015	8.5e-05	1e-05	0.0001
OX359250.1	21200000	21400000	0.00033	0.00016	7.5e-05	4.5e-05	0.000165	0.00019	5.5e-05	0.00017	0.000135	6.5e-05	5e-06	0.00014
OX359250.1	21400000	21600000	3e-05	4.5e-05	1.5e-05	1.5e-05	4.5e-05	4e-05	0.0	9.5e-05	2.5e-05	7e-05	0.000465	1e-05
OX359250.1	21600000	21800000	9e-05	5.5e-05	0.00027	9e-05	8e-05	6e-05	6e-05	0.00017	0.00019	0.000115	0.00015	0.000115
OX359250.1	21800000	22000000	0.00016	9.5e-05	3e-05	0.000145	3e-05	0.000355	3.5e-05	5e-05	4.5e-05	1.5e-05	0.0	7.5e-05
OX359250.1	22000000	22200000	0.00051	0.00046	0.00074	0.00047	0.000695	0.000695	0.00048	0.00051	0.00103	0.000685	0.000795	0.000865
OX359250.1	22200000	22400000	0.00026	0.00026	0.00035	0.00017	0.000225	0.00025	0.000375	0.000355	0.0002	0.000225	0.0001	0.000295
OX359250.1	22400000	22600000	0.00033	0.00085	0.0005	0.00033	0.00059	0.0007	0.00038	0.000695	0.000385	0.00027	5e-06	0.000605
OX359250.1	22600000	22800000	0.002255	0.00297	0.002815	0.002985	0.00293	0.00308	0.003045	0.002235	0.002235	0.002955	0.00334	0.003155
OX359250.1	22800000	23000000	0.000715	0.0002	0.000185	0.00029	0.000245	0.000235	0.00033	0.000375	0.000245	0.00027	0.0	0.000255
OX359250.1	23000000	23200000	0.00034	0.00086	0.00038	0.00017	9.5e-05	0.00036	0.00043	0.00055	0.000225	9e-05	5e-06	0.000825
OX359250.1	23200000	23400000	0.000565	0.000765	0.000515	0.00066	0.00036	0.0007	0.001005	0.00064	0.00068	0.000575	0.0	0.001115
OX359250.1	23400000	23600000	0.00048	0.00052	0.000545	0.00088	0.001285	0.00082	0.000755	0.000805	0.000755	0.000705	2e-05	0.0008
OX359250.1	23600000	23800000	1e-05	1.5e-05	1e-05	0.0	1e-05	3.5e-05	2e-05	2e-05	1.5e-05	3.5e-05	0.0	1e-05
OX359250.1	23800000	24000000												
OX359250.1	24000000	24200000	8e-05	8e-05	8e-05	1e-05	8e-05	8e-05	9e-05	9e-05	8e-05	9.5e-05	8e-05	8.5e-05
OX359250.1	24200000	24400000	6e-05	4.5e-05	4.5e-05	9.5e-05	5e-05	9e-05	9e-05	7e-05	8.5e-05	6e-05	3.5e-05	6e-05
OX359250.1	24400000	24600000	0.001365	0.00123	0.00122	0.0005	0.001145	0.00132	0.001435	0.00116	0.000935	0.001155	0.00093	0.001135
OX359250.1	24600000	24800000	0.00098	0.00203	0.00093	0.00171	0.00137	0.001335	0.00115	0.001555	0.001645	0.00096	0.001235	0.001125
OX359250.1	24800000	25000000	0.00167	0.00117	0.000955	0.00121	0.001325	0.00125	0.001585	0.00139	0.000995	0.00087	4.5e-05	0.00133
OX359250.1	25000000	25200000	0.00022	0.00022	0.000215	9e-05	0.00018	0.00044	0.000245	0.00018	0.000185	0.00029	0.000465	0.000455
OX359250.1	25200000	25400000	0.000875	0.00051	0.00041	0.000435	0.000405	0.00053	0.00073	0.000355	0.000375	0.001095	0.00067	0.00052
OX359250.1	25400000	25600000	0.00018	0.000155	5e-05	0.000135	0.000125	5.5e-05	0.00021	0.000445	0.0004	0.00037	0.0	0.000145
OX359250.1	25600000	25800000	0.0001	0.00026	0.000255	0.00056	0.000115	0.000125	0.000175	0.00016	0.000235	0.000615	4e-05	0.00035
OX359250.1	25800000	26000000	0.00027	0.00043	0.00029	0.00024	0.000415	0.00031	0.000285	0.000315	0.000265	0.00025	0.000265	0.000465
OX359250.1	26000000	26200000	0.000295	0.00013	0.00018	6.5e-05	0.00015	0.00024	0.000185	6.5e-05	0.00014	0.000195	5.5e-05	0.00037
OX359250.1	26200000	26400000	0.00028	0.00013	0.00017	0.00013	0.00022	0.000185	0.00016	0.000155	0.0001	0.000145	1.5e-05	0.00011
OX359250.1	26400000	26600000	0.003045	0.00116	0.00106	0.0014	0.002145	0.00125	0.001085	0.00177	0.00115	0.00118	0.00099	0.00184
OX359250.1	26600000	26800000	0.000655	0.000525	0.000225	0.002315	0.00088	0.000445	0.002205	0.00088	0.00053	0.002725	0.000385	0.002495
OX359250.1	26800000	27000000	0.00163	0.00033	0.001815	0.00214	0.000485	0.00345	0.002055	6.5e-05	0.00346	0.004595	0.003685	0.00361
OX359250.1	27000000	27200000	0.00067	0.000295	0.00029	0.000155	0.00036	0.000355	0.00038	0.000225	0.000335	0.000485	0.0	0.000465
OX359250.1	27200000	27400000	0.00182	0.000865	0.00161	0.00171	0.001905	0.00141	0.001225	0.001085	0.00211	0.00151	0.000105	0.001815
OX359250.1	27400000	27600000	0.001505	0.00135	0.001415	0.00078	0.00048	0.001495	0.001535	0.00141	0.001535	0.00041	0.000125	0.00053
OX359250.1	27600000	27800000	0.0003	0.000265	0.000255	0.000195	0.00013	0.000265	0.000295	0.000325	0.00028	0.000115	0.00013	0.000115
OX359250.1	27800000	28000000	0.000345	0.00045	0.000365	0.00032	0.000445	0.000405	0.0004	0.000415	0.00042	0.00043	0.000375	0.00043
OX359250.1	28000000	28200000	0.001885	0.00189	0.00203	0.002325	0.00042	0.001855	0.002475	0.001995	0.002185	0.000105	0.00228	0.00201
OX359250.1	28200000	28400000	7e-05	0.000115	4.5e-05	4.5e-05	0.000115	1e-05	6.5e-05	9e-05	3e-05	7.5e-05	5e-06	0.000145
OX359250.1	28400000	28600000	0.000815	0.00069	0.00101	0.00056	0.000605	0.000645	0.000825	0.000705	0.00048	0.000915	0.00055	0.00045
OX359250.1	28600000	28800000	0.00042	5e-05	0.00043	0.000325	0.000255	0.000455	0.000875	0.00045	0.000295	0.00082	0.00033	0.00045
OX359250.1	28800000	29000000	0.00015	0.00028	0.000135	0.000335	0.00015	0.000235	0.00016	0.000175	0.00013	0.000155	0.000285	0.000275
OX359250.1	29000000	29200000	0.000495	0.000435	0.00047	0.000505	0.000495	0.000465	0.000475	0.00051	0.000505	0.00047	0.000435	0.000455
OX359250.1	29200000	29400000	1.5e-05	1.5e-05	1.5e-05	2.5e-05	2e-05	2.5e-05	1.5e-05	1.5e-05	2.5e-05	5e-05	0.0	1e-05
OX359250.1	29400000	29600000	0.000285	0.00015	0.000405	0.0004	0.000125	0.00012	1.5e-05	0.00026	0.000125	5e-05	0.0	0.00024
OX359250.1	29600000	29800000	5.5e-05	1e-05	2e-05	2.5e-05	3e-05	4.5e-05	2.5e-05	2e-05	3.5e-05	3e-05	0.0	1.5e-05
OX359250.1	29800000	30000000	0.000255	0.000265	0.00023	0.00021	0.0002	0.000225	0.00022	0.00018	0.000225	0.0002	0.00018	0.000215
OX359250.1	30000000	30200000	2.5e-05	5e-06	3e-05	2e-05	3.5e-05	3e-05	1.5e-05	0.0	2e-05	2.5e-05	5e-06	1.5e-05
OX359250.1	30200000	30400000	0.00131	0.00118	0.00121	0.00134	0.00125	0.00128	0.00121	0.00118	0.001225	0.001225	0.001155	0.001205
OX359250.1	30400000	30600000	0.00128	0.00131	0.00128	0.00121	0.00138	0.001165	0.001345	0.00114	0.001345	0.00125	0.001145	0.001295
OX359250.1	30600000	30800000	0.00038	0.000355	0.00043	0.00042	0.000415	0.000275	0.000455	0.00036	0.000365	0.00032	0.000285	0.000375
OX359250.1	30800000	31000000	0.000845	0.000875	0.000875	0.0008	0.00082	0.00088	0.00084	0.000875	0.00084	0.000865	0.000895	0.000905
OX359250.1	31000000	31200000	6.5e-05	4e-05	5e-05	5e-05	3e-05	5.5e-05	3e-05	2.5e-05	3e-05	2e-05	1.5e-05	3e-05
OX359250.1	31200000	31400000	3e-05	3.5e-05	4e-05	4.5e-05	3e-05	6.5e-05	6.5e-05	4e-05	5e-05	4e-05	5e-06	3e-05
OX359250.1	31400000	31600000	0.00025	0.000685	7.5e-05	0.000135	0.000315	0.000535	0.000215	0.000105	0.00047	0.00051	2e-05	0.000365
OX359250.1	31600000	31800000	1.5e-05	2e-05	2e-05	1e-05	2.5e-05	5e-05	3e-05	5e-06	2.5e-05	3.5e-05	0.0	5e-05
OX359250.1	31800000	32000000	3.5e-05	6.5e-05	1.5e-05	1e-05	5e-05	4e-05	3.5e-05	3e-05	1.5e-05	3e-05	5e-06	5.5e-05
OX359250.1	32000000	32200000	2.5e-05	3e-05	3e-05	3.5e-05	3.5e-05	2.5e-05	2e-05	5e-06	5e-05	4e-05	0.0	3.5e-05
OX359250.1	32200000	32400000	7e-05	0.000205	6e-05	4.5e-05	0.000285	0.00014	0.00027	4.5e-05	3.5e-05	0.000105	0.0	0.00015
OX359250.1	32400000	32600000	0.000325	0.000785	0.000435	0.000545	0.000615	0.000925	0.000485	0.000455	0.000895	0.000235	9e-05	0.000385
OX359250.1	32600000	32800000	1.5e-05	2e-05	1.5e-05	2.5e-05	2.5e-05	2.5e-05	3e-05	1.5e-05	2.5e-05	2.5e-05	1e-05	2.5e-05
OX359250.1	32800000	33000000	0.001115	0.00134	0.00125	0.00146	0.001135	0.001245	0.00135	0.00124	0.00123	0.00123	0.00148	0.00145
OX359250.1	33000000	33200000	0.00044	0.000205	0.000545	0.00071	0.000515	0.00051	0.00038	0.00034	0.00043	0.000705	0.000235	0.00064
OX359250.1	33200000	33400000	0.00035	0.00019	0.00055	0.000325	0.00038	0.000395	0.00024	0.000465	8e-05	0.000345	0.0	0.000355
OX359250.1	33400000	33600000	0.000125	0.00027	0.00019	0.00035	0.00038	0.000145	0.000385	0.00035	0.00062	0.000495	0.000135	0.000385
OX359250.1	33600000	33800000	0.000785	0.000595	0.000615	0.000645	0.000745	0.00072	0.000715	0.00078	0.0006	0.000865	0.00039	0.00175
OX359250.1	33800000	34000000	0.001775	0.001995	0.00157	0.00156	0.00175	0.00127	0.001615	0.001475	0.00144	0.00186	0.002615	0.003385
OX359250.1	34000000	34200000	0.001125	0.00151	0.000595	0.00112	0.001005	0.00137	0.00164	0.001265	0.00153	0.002395	0.000765	0.001275
OX359250.1	34200000	34400000	0.00018	0.000245	0.000655	0.00046	0.000255	0.000495	0.000875	0.0008	0.00037	0.00098	0.000115	0.00038
OX359250.1	34400000	34600000	0.00317	0.00342	0.00252	0.00316	0.00295	0.003565	0.00255	0.00371	0.00271	0.003375	0.00153	0.002565
OX359250.1	34600000	34800000	0.00098	0.00032	0.000525	0.00073	0.00143	0.001225	0.000515	0.00039	0.000975	0.00105	2.5e-05	0.00086
OX359250.1	34800000	35000000	0.00044	0.00031	0.00098	0.00049	0.00054	0.00085	0.00083	0.000995	0.000965	0.00046	0.000355	0.00056
OX359250.1	35000000	35200000	0.00116	0.001405	0.00129	0.000995	0.00101	0.000915	0.001035	0.00118	0.000945	0.001025	0.0007	0.001025
OX359250.1	35200000	35400000	0.000105	6e-05	3.5e-05	6.5e-05	0.000125	8.5e-05	6e-05	0.000125	6.5e-05	0.000115	1.5e-05	0.00014
OX359250.1	35400000	35600000	0.00021	0.000365	0.000365	0.00057	0.00073	0.00089	0.00057	0.00025	0.000675	0.000385	0.000155	0.00037
OX359250.1	35600000	35800000	0.00098	0.000855	0.000725	0.000575	0.00083	0.001025	0.00099	0.001775	0.00077	0.000305	0.000315	0.00046
OX359250.1	35800000	36000000	0.00056	0.000885	0.001025	0.00105	0.00092	0.00074	0.00106	0.001585	0.0016	0.000855	5e-05	0.00142
OX359250.1	36000000	36200000	0.001805	0.00152	0.000985	0.001135	0.001305	0.001335	0.001335	0.001105	0.00098	0.001095	2e-05	0.001105
OX359250.1	36200000	36400000	0.00185	0.00058	0.001345	0.00085	0.001115	0.001215	0.001535	0.00069	0.000505	0.00127	4.5e-05	0.00133
OX359250.1	36400000	36600000	0.000345	0.00053	0.000515	0.000385	0.000845	0.00046	0.00116	0.000505	0.00069	0.00063	2e-05	0.00075
OX359250.1	36600000	36800000	0.00101	0.000805	0.00062	0.001085	0.00099	0.00084	0.00122	0.000745	0.000655	0.000515	6.5e-05	0.00051
OX359250.1	36800000	37000000	0.00045	0.000285	0.000275	0.00028	0.00023	0.00041	0.00026	0.00047	0.00013	0.000295	2e-05	0.00019
OX359250.1	37000000	37200000	0.0008	0.002565	0.002045	0.001885	0.0019	0.00237	0.00184	0.001455	0.001195	0.001795	0.0011	0.002105
OX359250.1	37200000	37400000	0.000435	0.00025	0.000445	0.0004	0.00031	0.00048	0.00036	0.000515	0.000355	0.000435	2.5e-05	0.000345
OX359250.1	37400000	37600000	0.00044	0.00042	0.000275	0.00021	0.000195	0.000205	0.000445	1e-05	0.000115	0.00042	0.0	0.00045
OX359250.1	37600000	37800000	0.00061	0.00105	0.00138	0.001305	0.001425	0.000525	0.001215	0.001075	0.001295	0.000985	0.00056	0.000625
OX359250.1	37800000	38000000	0.00058	0.00016	0.00058	0.0006	0.000555	0.000495	0.00054	0.00045	0.00054	0.000565	0.00055	0.00055
OX359250.1	38000000	38200000	0.000915	0.001025	0.00098	0.000785	0.00072	0.00084	0.00082	0.00071	0.000945	0.000825	0.000785	0.00017
OX359250.1	38200000	38400000	3.5e-05	3.5e-05	5e-05	0.000545	0.00034	0.00061	4.5e-05	0.0	0.00022	0.000385	0.0	0.00076
OX359250.1	38400000	38600000	0.000845	0.000865	0.000705	0.0006	0.001225	0.000145	0.000915	0.00016	0.00057	0.000665	0.000135	0.00032
OX359250.1	38600000	38800000	0.000705	0.000485	0.00061	0.00059	0.0006	5.5e-05	0.0001	5e-05	0.00031	0.0003	4.5e-05	0.00042
OX359250.1	38800000	39000000	0.00127	0.0013	0.001305	0.000715	0.001275	0.000425	0.000385	0.00033	0.000865	0.000695	0.00043	0.00142
OX359250.1	39000000	39200000	0.000435	0.00091	0.00096	0.000935	0.000685	0.000235	0.000725	0.000205	0.000645	0.000765	8e-05	0.000635
OX359250.1	39200000	39400000	0.00143	0.003865	0.001635	0.000865	0.001235	0.00079	0.00137	0.001235	0.00107	0.003715	0.00118	0.000925
OX359250.1	39400000	39600000	0.001245	0.00114	0.00081	0.00109	0.001025	0.000905	0.00082	0.000815	0.001065	0.00113	0.0005	0.001025
OX359250.1	39600000	39800000	0.00121	0.001065	0.001055	0.001105	0.00133	0.001105	0.001105	0.00086	0.001565	0.00088	0.00043	0.0012
OX359250.1	39800000	40000000	0.00279	0.000395	0.0004	0.000135	0.002585	0.000235	0.000265	0.0	0.00273	0.002755	5e-06	0.000425
OX359250.1	40000000	40200000	0.0005	0.000645	0.000595	0.00097	0.000725	0.00081	0.00092	0.0001	0.00071	0.000265	3.5e-05	0.000575
OX359250.1	40200000	40400000	0.00047	6.5e-05	0.0002	0.000405	0.000385	0.00026	0.000555	5e-06	0.00022	0.000205	2.5e-05	0.00048
OX359250.1	40400000	40600000	0.00307	0.000205	0.000535	0.00095	0.00301	0.000315	0.000985	8.5e-05	0.001865	0.00308	9e-05	0.0016
OX359250.1	40600000	40800000	0.001155	0.00118	0.001075	0.00109	0.001105	0.001075	0.00113	0.001105	0.00101	0.001005	0.000655	0.00124
OX359250.1	40800000	41000000	0.001035	0.00135	0.000935	0.00114	0.001345	0.000835	0.00094	6.5e-05	0.001165	0.00127	3.5e-05	0.00063
OX359250.1	41000000	41200000	0.000405	0.00041	0.000365	0.00032	0.000475	0.00044	0.00036	0.000325	0.0004	0.00045	0.000305	0.00047
OX359250.1	41200000	41400000	0.00048	0.000425	0.00035	0.000335	0.00045	0.000385	0.000445	0.000345	0.00039	0.000425	0.0004	0.00045
OX359250.1	41400000	41600000	7e-05	0.000205	0.000165	0.000265	0.00021	0.000405	0.000335	0.00011	0.000245	0.000325	9e-05	0.00024
OX359250.1	41600000	41800000	0.00018	0.00024	9e-05	8.5e-05	0.00012	0.000105	0.000135	1.5e-05	0.000105	5.5e-05	1.5e-05	0.000255
OX359250.1	41800000	42000000	0.000445	0.00044	0.00018	0.000405	0.00055	0.00017	0.0002	0.000375	0.00022	0.000185	0.00016	0.00018
OX359250.1	42000000	42200000	0.00058	0.000585	0.00061	0.000445	0.00041	0.00059	0.00059	0.000405	0.00064	0.000855	0.0006	0.000625
OX359250.1	42200000	42400000	0.000445	0.000485	0.00048	0.000465	0.000455	0.00046	0.000465	0.000445	0.00046	0.00046	0.000445	0.00046
OX359250.1	42400000	42600000	0.00058	0.000565	0.000595	0.00058	0.000605	0.00061	0.000575	0.000575	0.00059	0.00061	0.000575	0.00061
OX359250.1	42600000	42800000	0.000635	0.00038	0.00034	0.00037	0.000385	0.000315	0.000715	0.00058	0.00041	0.000405	0.000455	0.0006
OX359250.1	42800000	43000000	0.000205	0.000305	0.000265	0.000245	0.000265	0.000245	0.000315	0.00024	0.000265	0.00025	0.000305	0.000305
OX359250.1	43000000	43200000	0.0001	0.00011	0.00011	0.00012	0.000125	0.00011	0.00011	0.000115	8e-05	0.000115	0.000125	0.0001
OX359250.1	43200000	43400000	9e-05	0.00045	0.000325	0.00032	0.00049	0.00026	0.00042	0.00037	0.00055	0.00026	6.5e-05	0.0003
OX359250.1	43400000	43600000	0.000125	0.000195	6.5e-05	0.000165	0.00019	0.000225	0.00016	0.000125	0.000115	0.00016	0.000275	0.00012
OX359250.1	43600000	43800000	0.00018	0.00015	8e-05	0.000125	8.5e-05	0.00021	0.00013	0.00013	0.000135	0.00016	0.000125	4.5e-05
OX359250.1	43800000	44000000	0.00049	0.000705	0.0006	0.00062	0.000555	0.00054	0.00011	0.000585	0.000555	0.000445	0.000565	0.000585
OX359250.1	44000000	44200000	0.00015	0.00015	0.00016	0.000155	9e-05	0.00012	0.000185	0.000105	0.00015	4.5e-05	0.00013	0.00011
OX359250.1	44200000	44400000	0.000305	0.000315	7.5e-05	0.00011	0.00028	0.000355	0.00011	6.5e-05	0.000265	0.000105	0.000275	0.0001
OX359250.1	44400000	44600000	0.001145	0.000775	0.00098	0.001225	0.000475	0.00075	0.00095	0.0	0.00098	0.00141	1.5e-05	0.00104
OX359250.1	44600000	44800000	0.000415	0.000375	0.000515	0.000375	0.000275	0.000295	0.000515	0.000195	0.000345	0.00052	0.00017	0.00043
OX359250.1	44800000	45000000	0.000905	0.000835	0.00097	0.00164	0.001315	0.000975	0.00117	0.00125	0.00131	0.000965	0.001035	0.000955
OX359250.1	45000000	45200000	0.001125	0.00211	0.00113	0.00109	0.00112	0.002075	0.00114	0.00107	0.001085	0.00101	0.00093	0.00109
OX359250.1	45200000	45400000	0.000855	0.001435	0.001395	0.000685	0.0012	0.001615	0.00121	0.00075	0.001315	0.00073	0.00153	0.000865
OX359250.1	45400000	45600000	0.001455	0.00127	0.00132	0.00128	0.00128	0.001585	0.001535	0.001235	0.001315	0.00147	0.00127	0.00133
OX359250.1	45600000	45800000	0.00087	0.00095	0.00078	0.001665	0.001435	0.001825	0.001435	0.001575	0.001595	0.00164	0.001945	0.00178
OX359250.1	45800000	46000000	0.00013	0.00026	0.000155	0.000245	5.5e-05	0.0003	0.000195	3.5e-05	0.000295	0.00031	0.00024	0.00016
OX359250.1	46000000	46200000	0.0005	0.00033	0.000465	0.00047	0.000285	0.00044	0.00022	0.00043	0.0005	0.0003	0.00014	0.000345
OX359250.1	46200000	46400000	0.000405	0.000465	0.000425	0.00023	0.000375	0.0005	0.00021	0.000295	0.000325	0.000335	0.000205	0.00015
OX359250.1	46400000	46600000	0.00084	0.00129	0.00097	0.00166	0.000945	0.000805	0.001145	0.000975	0.00185	0.001445	0.000815	0.000995
OX359250.1	46600000	46800000	0.00049	4.5e-05	0.00013	0.000435	6.5e-05	0.00049	0.00055	0.000595	9e-05	0.00048	5e-05	0.000695
OX359250.1	46800000	47000000	0.0011	0.00062	0.00217	0.00082	0.00244	0.00041	0.00268	0.00267	0.000445	0.00208	0.000435	0.002435
OX359250.1	47000000	47200000	0.001965	0.00202	0.00157	0.00185	0.00174	0.00218	0.001945	0.00228	0.00219	0.00139	0.001915	0.001905
OX359250.1	47200000	47400000	0.00343	0.003355	0.00345	0.00368	0.003405	0.00342	0.00348	0.00375	0.003395	0.00355	0.003325	0.00338
OX359250.1	47400000	47600000	0.001425	0.00114	0.001415	0.00156	0.00148	0.00151	0.00175	0.000795	0.002175	0.00172	0.001665	0.00141
OX359250.1	47600000	47800000	0.00072	0.000795	0.000755	0.000805	0.00072	0.0007	0.000755	0.00073	0.000665	0.000765	0.00072	0.000765
OX359250.1	47800000	48000000	0.00034	0.00025	0.000405	0.000485	0.000375	0.00025	0.00044	0.00013	0.000245	0.000285	0.000315	0.000325
OX359250.1	48000000	48200000	0.000425	0.0003	0.00042	0.00029	0.000315	0.000445	0.00028	0.000245	0.00038	0.000385	0.00031	0.00044
